INSERT INTO public.eleicao (cd_eleicao, ds_eleicao, ano_eleicao, cd_tipo_eleicao, nm_tipo_eleicao, dt_eleicao, nr_turno) VALUES(426, 'Eleições Municipais 2020', '2020', 2, 'ELEIÇÃO ORDINÁRIA', '0001-01-01', NULL);
INSERT INTO public.eleicao (cd_eleicao, ds_eleicao, ano_eleicao, cd_tipo_eleicao, nm_tipo_eleicao, dt_eleicao, nr_turno) VALUES(427, 'Eleições Municipais 2020', '2020', 2, 'ELEIÇÃO ORDINÁRIA', '0001-01-01', NULL);
INSERT INTO public.ue (sg_ue, sg_uf, nm_ue) VALUES(3050, 'RR', 'ALTO ALEGRE');
INSERT INTO public.ue (sg_ue, sg_uf, nm_ue) VALUES(3018, 'RR', 'BOA VISTA');
INSERT INTO public.ue (sg_ue, sg_uf, nm_ue) VALUES(3069, 'RR', 'CANTÁ');
INSERT INTO public.ue (sg_ue, sg_uf, nm_ue) VALUES(3107, 'RR', 'UIRAMUTÃ');
INSERT INTO public.ue (sg_ue, sg_uf, nm_ue) VALUES(3123, 'RR', 'PACARAIMA');
INSERT INTO public.ue (sg_ue, sg_uf, nm_ue) VALUES(3115, 'RR', 'NORMANDIA');
INSERT INTO public.ue (sg_ue, sg_uf, nm_ue) VALUES(3085, 'RR', 'RORAINÓPOLIS');
INSERT INTO public.ue (sg_ue, sg_uf, nm_ue) VALUES(3034, 'RR', 'CARACARAÍ');
INSERT INTO public.ue (sg_ue, sg_uf, nm_ue) VALUES(3158, 'RR', 'SÃO LUIZ');
INSERT INTO public.ue (sg_ue, sg_uf, nm_ue) VALUES(3042, 'RR', 'AMAJARI');
INSERT INTO public.ue (sg_ue, sg_uf, nm_ue) VALUES(3077, 'RR', 'BONFIM');
INSERT INTO public.ue (sg_ue, sg_uf, nm_ue) VALUES(3093, 'RR', 'MUCAJAÍ');
INSERT INTO public.ue (sg_ue, sg_uf, nm_ue) VALUES(3000, 'RR', 'CAROEBE');
INSERT INTO public.ue (sg_ue, sg_uf, nm_ue) VALUES(3131, 'RR', 'SÃO JOÃO DA BALIZA');
INSERT INTO public.ue (sg_ue, sg_uf, nm_ue) VALUES(3026, 'RR', 'IRACEMA');
INSERT INTO public.cargo (cd_cargo, ds_cargo) VALUES(13, 'VEREADOR');
INSERT INTO public.cargo (cd_cargo, ds_cargo) VALUES(12, 'VICE-PREFEITO');
INSERT INTO public.cargo (cd_cargo, ds_cargo) VALUES(11, 'PREFEITO');
INSERT INTO public.urna (cd_situacao_candidato_urna, ds_situacao_candidato_urna, st_candidato_inserido_urna) VALUES(2, 'DEFERIDO', 'SIM');
INSERT INTO public.urna (cd_situacao_candidato_urna, ds_situacao_candidato_urna, st_candidato_inserido_urna) VALUES(4, 'INDEFERIDO COM RECURSO', 'SIM');
INSERT INTO public.urna (cd_situacao_candidato_urna, ds_situacao_candidato_urna, st_candidato_inserido_urna) VALUES(17, 'PENDENTE DE JULGAMENTO', 'SIM');
INSERT INTO public.urna (cd_situacao_candidato_urna, ds_situacao_candidato_urna, st_candidato_inserido_urna) VALUES(16, 'DEFERIDO COM RECURSO', 'SIM');
INSERT INTO public.urna (cd_situacao_candidato_urna, ds_situacao_candidato_urna, st_candidato_inserido_urna) VALUES(-1, '#NULO#', 'NÃO');
INSERT INTO public.pleito (cd_situacao_candidato_pleito, ds_situacao_candidato_pleito) VALUES(2, 'DEFERIDO');
INSERT INTO public.pleito (cd_situacao_candidato_pleito, ds_situacao_candidato_pleito) VALUES(6, 'RENÚNCIA');
INSERT INTO public.pleito (cd_situacao_candidato_pleito, ds_situacao_candidato_pleito) VALUES(4, 'INDEFERIDO COM RECURSO');
INSERT INTO public.pleito (cd_situacao_candidato_pleito, ds_situacao_candidato_pleito) VALUES(14, 'INDEFERIDO');
INSERT INTO public.pleito (cd_situacao_candidato_pleito, ds_situacao_candidato_pleito) VALUES(16, 'DEFERIDO COM RECURSO');
INSERT INTO public.pleito (cd_situacao_candidato_pleito, ds_situacao_candidato_pleito) VALUES(-1, '#NULO#');
INSERT INTO public.raca (cd_cor_raca, ds_cor_raca) VALUES(3, 'PARDA');
INSERT INTO public.raca (cd_cor_raca, ds_cor_raca) VALUES(5, 'INDÍGENA');
INSERT INTO public.raca (cd_cor_raca, ds_cor_raca) VALUES(1, 'BRANCA');
INSERT INTO public.raca (cd_cor_raca, ds_cor_raca) VALUES(2, 'PRETA');
INSERT INTO public.raca (cd_cor_raca, ds_cor_raca) VALUES(6, 'NÃO INFORMADO');
INSERT INTO public.raca (cd_cor_raca, ds_cor_raca) VALUES(4, 'AMARELA');
INSERT INTO public.situacao_cand (cd_detalhe_situacao_cand, ds_detalhe_situacao_cand) VALUES(2, 'DEFERIDO');
INSERT INTO public.situacao_cand (cd_detalhe_situacao_cand, ds_detalhe_situacao_cand) VALUES(6, 'RENÚNCIA');
INSERT INTO public.situacao_cand (cd_detalhe_situacao_cand, ds_detalhe_situacao_cand) VALUES(4, 'INDEFERIDO COM RECURSO');
INSERT INTO public.situacao_cand (cd_detalhe_situacao_cand, ds_detalhe_situacao_cand) VALUES(14, 'INDEFERIDO');
INSERT INTO public.situacao_cand (cd_detalhe_situacao_cand, ds_detalhe_situacao_cand) VALUES(16, 'DEFERIDO COM RECURSO');
INSERT INTO public.situacao_cand (cd_detalhe_situacao_cand, ds_detalhe_situacao_cand) VALUES(7, 'FALECIDO');
INSERT INTO public.situacao_candidatura (cd_situacao_candidatura, ds_situacao_candidatura) VALUES(3, 'INAPTO');
INSERT INTO public.situacao_candidatura (cd_situacao_candidatura, ds_situacao_candidatura) VALUES(12, 'APTO');
INSERT INTO public.vagas (dt_geracao, hh_geracao, dt_posse, qt_vagas, cd_eleicao, sg_ue, cd_cargo) VALUES('2022-06-05', '02:16:32', '2021-01-01', 9, 426, 3107, 13);
INSERT INTO public.vagas (dt_geracao, hh_geracao, dt_posse, qt_vagas, cd_eleicao, sg_ue, cd_cargo) VALUES('2022-06-05', '02:16:32', '2021-01-01', 1, 426, 3000, 12);
INSERT INTO public.vagas (dt_geracao, hh_geracao, dt_posse, qt_vagas, cd_eleicao, sg_ue, cd_cargo) VALUES('2022-06-05', '02:16:32', '2021-01-01', 23, 426, 3018, 13);
INSERT INTO public.vagas (dt_geracao, hh_geracao, dt_posse, qt_vagas, cd_eleicao, sg_ue, cd_cargo) VALUES('2022-06-05', '02:16:32', '2021-01-01', 1, 426, 3026, 12);
INSERT INTO public.vagas (dt_geracao, hh_geracao, dt_posse, qt_vagas, cd_eleicao, sg_ue, cd_cargo) VALUES('2022-06-05', '02:16:32', '2021-01-01', 1, 426, 3034, 12);
INSERT INTO public.vagas (dt_geracao, hh_geracao, dt_posse, qt_vagas, cd_eleicao, sg_ue, cd_cargo) VALUES('2022-06-05', '02:16:32', '2021-01-01', 1, 426, 3042, 12);
INSERT INTO public.vagas (dt_geracao, hh_geracao, dt_posse, qt_vagas, cd_eleicao, sg_ue, cd_cargo) VALUES('2022-06-05', '02:16:32', '2021-01-01', 9, 426, 3042, 13);
INSERT INTO public.vagas (dt_geracao, hh_geracao, dt_posse, qt_vagas, cd_eleicao, sg_ue, cd_cargo) VALUES('2022-06-05', '02:16:32', '2021-01-01', 1, 426, 3050, 12);
INSERT INTO public.vagas (dt_geracao, hh_geracao, dt_posse, qt_vagas, cd_eleicao, sg_ue, cd_cargo) VALUES('2022-06-05', '02:16:32', '2021-01-01', 9, 426, 3069, 13);
INSERT INTO public.vagas (dt_geracao, hh_geracao, dt_posse, qt_vagas, cd_eleicao, sg_ue, cd_cargo) VALUES('2022-06-05', '02:16:32', '2021-01-01', 1, 426, 3077, 11);
INSERT INTO public.vagas (dt_geracao, hh_geracao, dt_posse, qt_vagas, cd_eleicao, sg_ue, cd_cargo) VALUES('2022-06-05', '02:16:32', '2021-01-01', 9, 426, 3077, 13);
INSERT INTO public.vagas (dt_geracao, hh_geracao, dt_posse, qt_vagas, cd_eleicao, sg_ue, cd_cargo) VALUES('2022-06-05', '02:16:32', '2021-01-01', 1, 426, 3085, 11);
INSERT INTO public.vagas (dt_geracao, hh_geracao, dt_posse, qt_vagas, cd_eleicao, sg_ue, cd_cargo) VALUES('2022-06-05', '02:16:32', '2021-01-01', 13, 426, 3085, 13);
INSERT INTO public.vagas (dt_geracao, hh_geracao, dt_posse, qt_vagas, cd_eleicao, sg_ue, cd_cargo) VALUES('2022-06-05', '02:16:32', '2021-01-01', 11, 426, 3093, 13);
INSERT INTO public.vagas (dt_geracao, hh_geracao, dt_posse, qt_vagas, cd_eleicao, sg_ue, cd_cargo) VALUES('2022-06-05', '02:16:32', '2021-01-01', 1, 426, 3158, 12);
INSERT INTO public.vagas (dt_geracao, hh_geracao, dt_posse, qt_vagas, cd_eleicao, sg_ue, cd_cargo) VALUES('2022-06-05', '02:16:32', '2021-01-01', 1, 426, 3000, 11);
INSERT INTO public.vagas (dt_geracao, hh_geracao, dt_posse, qt_vagas, cd_eleicao, sg_ue, cd_cargo) VALUES('2022-06-05', '02:16:32', '2021-01-01', 9, 426, 3000, 13);
INSERT INTO public.vagas (dt_geracao, hh_geracao, dt_posse, qt_vagas, cd_eleicao, sg_ue, cd_cargo) VALUES('2022-06-05', '02:16:32', '2021-01-01', 9, 426, 3131, 13);
INSERT INTO public.vagas (dt_geracao, hh_geracao, dt_posse, qt_vagas, cd_eleicao, sg_ue, cd_cargo) VALUES('2022-06-05', '02:16:32', '2021-01-01', 1, 426, 3050, 11);
INSERT INTO public.vagas (dt_geracao, hh_geracao, dt_posse, qt_vagas, cd_eleicao, sg_ue, cd_cargo) VALUES('2022-06-05', '02:16:32', '2021-01-01', 1, 426, 3042, 11);
INSERT INTO public.vagas (dt_geracao, hh_geracao, dt_posse, qt_vagas, cd_eleicao, sg_ue, cd_cargo) VALUES('2022-06-05', '02:16:32', '2021-01-01', 1, 426, 3107, 11);
INSERT INTO public.vagas (dt_geracao, hh_geracao, dt_posse, qt_vagas, cd_eleicao, sg_ue, cd_cargo) VALUES('2022-06-05', '02:16:32', '2021-01-01', 1, 426, 3107, 12);
INSERT INTO public.vagas (dt_geracao, hh_geracao, dt_posse, qt_vagas, cd_eleicao, sg_ue, cd_cargo) VALUES('2022-06-05', '02:16:32', '2021-01-01', 1, 426, 3069, 12);
INSERT INTO public.vagas (dt_geracao, hh_geracao, dt_posse, qt_vagas, cd_eleicao, sg_ue, cd_cargo) VALUES('2022-06-05', '02:16:32', '2021-01-01', 1, 426, 3077, 12);
INSERT INTO public.vagas (dt_geracao, hh_geracao, dt_posse, qt_vagas, cd_eleicao, sg_ue, cd_cargo) VALUES('2022-06-05', '02:16:32', '2021-01-01', 1, 426, 3069, 11);
INSERT INTO public.vagas (dt_geracao, hh_geracao, dt_posse, qt_vagas, cd_eleicao, sg_ue, cd_cargo) VALUES('2022-06-05', '02:16:32', '2021-01-01', 1, 426, 3018, 11);
INSERT INTO public.vagas (dt_geracao, hh_geracao, dt_posse, qt_vagas, cd_eleicao, sg_ue, cd_cargo) VALUES('2022-06-05', '02:16:32', '2021-01-01', 1, 426, 3018, 12);
INSERT INTO public.vagas (dt_geracao, hh_geracao, dt_posse, qt_vagas, cd_eleicao, sg_ue, cd_cargo) VALUES('2022-06-05', '02:16:32', '2021-01-01', 1, 426, 3026, 11);
INSERT INTO public.vagas (dt_geracao, hh_geracao, dt_posse, qt_vagas, cd_eleicao, sg_ue, cd_cargo) VALUES('2022-06-05', '02:16:32', '2021-01-01', 9, 426, 3026, 13);
INSERT INTO public.vagas (dt_geracao, hh_geracao, dt_posse, qt_vagas, cd_eleicao, sg_ue, cd_cargo) VALUES('2022-06-05', '02:16:32', '2021-01-01', 1, 426, 3093, 12);
INSERT INTO public.vagas (dt_geracao, hh_geracao, dt_posse, qt_vagas, cd_eleicao, sg_ue, cd_cargo) VALUES('2022-06-05', '02:16:32', '2021-01-01', 1, 426, 3093, 11);
INSERT INTO public.vagas (dt_geracao, hh_geracao, dt_posse, qt_vagas, cd_eleicao, sg_ue, cd_cargo) VALUES('2022-06-05', '02:16:32', '2021-01-01', 1, 426, 3034, 11);
INSERT INTO public.vagas (dt_geracao, hh_geracao, dt_posse, qt_vagas, cd_eleicao, sg_ue, cd_cargo) VALUES('2022-06-05', '02:16:32', '2021-01-01', 11, 426, 3034, 13);
INSERT INTO public.vagas (dt_geracao, hh_geracao, dt_posse, qt_vagas, cd_eleicao, sg_ue, cd_cargo) VALUES('2022-06-05', '02:16:32', '2021-01-01', 9, 426, 3050, 13);
INSERT INTO public.vagas (dt_geracao, hh_geracao, dt_posse, qt_vagas, cd_eleicao, sg_ue, cd_cargo) VALUES('2022-06-05', '02:16:32', '2021-01-01', 1, 426, 3115, 11);
INSERT INTO public.vagas (dt_geracao, hh_geracao, dt_posse, qt_vagas, cd_eleicao, sg_ue, cd_cargo) VALUES('2022-06-05', '02:16:32', '2021-01-01', 1, 426, 3115, 12);
INSERT INTO public.vagas (dt_geracao, hh_geracao, dt_posse, qt_vagas, cd_eleicao, sg_ue, cd_cargo) VALUES('2022-06-05', '02:16:32', '2021-01-01', 9, 426, 3115, 13);
INSERT INTO public.vagas (dt_geracao, hh_geracao, dt_posse, qt_vagas, cd_eleicao, sg_ue, cd_cargo) VALUES('2022-06-05', '02:16:32', '2021-01-01', 1, 426, 3123, 11);
INSERT INTO public.vagas (dt_geracao, hh_geracao, dt_posse, qt_vagas, cd_eleicao, sg_ue, cd_cargo) VALUES('2022-06-05', '02:16:32', '2021-01-01', 1, 426, 3123, 12);
INSERT INTO public.vagas (dt_geracao, hh_geracao, dt_posse, qt_vagas, cd_eleicao, sg_ue, cd_cargo) VALUES('2022-06-05', '02:16:32', '2021-01-01', 9, 426, 3123, 13);
INSERT INTO public.vagas (dt_geracao, hh_geracao, dt_posse, qt_vagas, cd_eleicao, sg_ue, cd_cargo) VALUES('2022-06-05', '02:16:32', '2021-01-01', 1, 426, 3131, 11);
INSERT INTO public.vagas (dt_geracao, hh_geracao, dt_posse, qt_vagas, cd_eleicao, sg_ue, cd_cargo) VALUES('2022-06-05', '02:16:32', '2021-01-01', 1, 426, 3131, 12);
INSERT INTO public.vagas (dt_geracao, hh_geracao, dt_posse, qt_vagas, cd_eleicao, sg_ue, cd_cargo) VALUES('2022-06-05', '02:16:32', '2021-01-01', 1, 426, 3158, 11);
INSERT INTO public.vagas (dt_geracao, hh_geracao, dt_posse, qt_vagas, cd_eleicao, sg_ue, cd_cargo) VALUES('2022-06-05', '02:16:32', '2021-01-01', 9, 426, 3158, 13);
INSERT INTO public.vagas (dt_geracao, hh_geracao, dt_posse, qt_vagas, cd_eleicao, sg_ue, cd_cargo) VALUES('2022-06-05', '02:16:32', '2021-01-01', 9, 426, 3107, 13);
INSERT INTO public.vagas (dt_geracao, hh_geracao, dt_posse, qt_vagas, cd_eleicao, sg_ue, cd_cargo) VALUES('2022-06-05', '02:16:32', '2021-01-01', 1, 426, 3000, 12);
INSERT INTO public.vagas (dt_geracao, hh_geracao, dt_posse, qt_vagas, cd_eleicao, sg_ue, cd_cargo) VALUES('2022-06-05', '02:16:32', '2021-01-01', 23, 426, 3018, 13);
INSERT INTO public.vagas (dt_geracao, hh_geracao, dt_posse, qt_vagas, cd_eleicao, sg_ue, cd_cargo) VALUES('2022-06-05', '02:16:32', '2021-01-01', 1, 426, 3026, 12);
INSERT INTO public.vagas (dt_geracao, hh_geracao, dt_posse, qt_vagas, cd_eleicao, sg_ue, cd_cargo) VALUES('2022-06-05', '02:16:32', '2021-01-01', 1, 426, 3034, 12);
INSERT INTO public.vagas (dt_geracao, hh_geracao, dt_posse, qt_vagas, cd_eleicao, sg_ue, cd_cargo) VALUES('2022-06-05', '02:16:32', '2021-01-01', 1, 426, 3042, 12);
INSERT INTO public.vagas (dt_geracao, hh_geracao, dt_posse, qt_vagas, cd_eleicao, sg_ue, cd_cargo) VALUES('2022-06-05', '02:16:32', '2021-01-01', 9, 426, 3042, 13);
INSERT INTO public.vagas (dt_geracao, hh_geracao, dt_posse, qt_vagas, cd_eleicao, sg_ue, cd_cargo) VALUES('2022-06-05', '02:16:32', '2021-01-01', 1, 426, 3050, 12);
INSERT INTO public.vagas (dt_geracao, hh_geracao, dt_posse, qt_vagas, cd_eleicao, sg_ue, cd_cargo) VALUES('2022-06-05', '02:16:32', '2021-01-01', 9, 426, 3069, 13);
INSERT INTO public.vagas (dt_geracao, hh_geracao, dt_posse, qt_vagas, cd_eleicao, sg_ue, cd_cargo) VALUES('2022-06-05', '02:16:32', '2021-01-01', 1, 426, 3077, 11);
INSERT INTO public.vagas (dt_geracao, hh_geracao, dt_posse, qt_vagas, cd_eleicao, sg_ue, cd_cargo) VALUES('2022-06-05', '02:16:32', '2021-01-01', 9, 426, 3077, 13);
INSERT INTO public.vagas (dt_geracao, hh_geracao, dt_posse, qt_vagas, cd_eleicao, sg_ue, cd_cargo) VALUES('2022-06-05', '02:16:32', '2021-01-01', 1, 426, 3085, 11);
INSERT INTO public.vagas (dt_geracao, hh_geracao, dt_posse, qt_vagas, cd_eleicao, sg_ue, cd_cargo) VALUES('2022-06-05', '02:16:32', '2021-01-01', 13, 426, 3085, 13);
INSERT INTO public.vagas (dt_geracao, hh_geracao, dt_posse, qt_vagas, cd_eleicao, sg_ue, cd_cargo) VALUES('2022-06-05', '02:16:32', '2021-01-01', 11, 426, 3093, 13);
INSERT INTO public.vagas (dt_geracao, hh_geracao, dt_posse, qt_vagas, cd_eleicao, sg_ue, cd_cargo) VALUES('2022-06-05', '02:16:32', '2021-01-01', 1, 426, 3158, 12);
INSERT INTO public.vagas (dt_geracao, hh_geracao, dt_posse, qt_vagas, cd_eleicao, sg_ue, cd_cargo) VALUES('2022-06-05', '02:16:32', '2021-01-01', 1, 426, 3000, 11);
INSERT INTO public.vagas (dt_geracao, hh_geracao, dt_posse, qt_vagas, cd_eleicao, sg_ue, cd_cargo) VALUES('2022-06-05', '02:16:32', '2021-01-01', 9, 426, 3000, 13);
INSERT INTO public.vagas (dt_geracao, hh_geracao, dt_posse, qt_vagas, cd_eleicao, sg_ue, cd_cargo) VALUES('2022-06-05', '02:16:32', '2021-01-01', 9, 426, 3131, 13);
INSERT INTO public.vagas (dt_geracao, hh_geracao, dt_posse, qt_vagas, cd_eleicao, sg_ue, cd_cargo) VALUES('2022-06-05', '02:16:32', '2021-01-01', 1, 426, 3050, 11);
INSERT INTO public.vagas (dt_geracao, hh_geracao, dt_posse, qt_vagas, cd_eleicao, sg_ue, cd_cargo) VALUES('2022-06-05', '02:16:32', '2021-01-01', 1, 426, 3042, 11);
INSERT INTO public.vagas (dt_geracao, hh_geracao, dt_posse, qt_vagas, cd_eleicao, sg_ue, cd_cargo) VALUES('2022-06-05', '02:16:32', '2021-01-01', 1, 426, 3107, 11);
INSERT INTO public.vagas (dt_geracao, hh_geracao, dt_posse, qt_vagas, cd_eleicao, sg_ue, cd_cargo) VALUES('2022-06-05', '02:16:32', '2021-01-01', 1, 426, 3107, 12);
INSERT INTO public.vagas (dt_geracao, hh_geracao, dt_posse, qt_vagas, cd_eleicao, sg_ue, cd_cargo) VALUES('2022-06-05', '02:16:32', '2021-01-01', 1, 426, 3069, 12);
INSERT INTO public.vagas (dt_geracao, hh_geracao, dt_posse, qt_vagas, cd_eleicao, sg_ue, cd_cargo) VALUES('2022-06-05', '02:16:32', '2021-01-01', 1, 426, 3077, 12);
INSERT INTO public.vagas (dt_geracao, hh_geracao, dt_posse, qt_vagas, cd_eleicao, sg_ue, cd_cargo) VALUES('2022-06-05', '02:16:32', '2021-01-01', 1, 426, 3069, 11);
INSERT INTO public.vagas (dt_geracao, hh_geracao, dt_posse, qt_vagas, cd_eleicao, sg_ue, cd_cargo) VALUES('2022-06-05', '02:16:32', '2021-01-01', 1, 426, 3018, 11);
INSERT INTO public.vagas (dt_geracao, hh_geracao, dt_posse, qt_vagas, cd_eleicao, sg_ue, cd_cargo) VALUES('2022-06-05', '02:16:32', '2021-01-01', 1, 426, 3018, 12);
INSERT INTO public.vagas (dt_geracao, hh_geracao, dt_posse, qt_vagas, cd_eleicao, sg_ue, cd_cargo) VALUES('2022-06-05', '02:16:32', '2021-01-01', 1, 426, 3026, 11);
INSERT INTO public.vagas (dt_geracao, hh_geracao, dt_posse, qt_vagas, cd_eleicao, sg_ue, cd_cargo) VALUES('2022-06-05', '02:16:32', '2021-01-01', 9, 426, 3026, 13);
INSERT INTO public.vagas (dt_geracao, hh_geracao, dt_posse, qt_vagas, cd_eleicao, sg_ue, cd_cargo) VALUES('2022-06-05', '02:16:32', '2021-01-01', 1, 426, 3093, 12);
INSERT INTO public.vagas (dt_geracao, hh_geracao, dt_posse, qt_vagas, cd_eleicao, sg_ue, cd_cargo) VALUES('2022-06-05', '02:16:32', '2021-01-01', 1, 426, 3093, 11);
INSERT INTO public.vagas (dt_geracao, hh_geracao, dt_posse, qt_vagas, cd_eleicao, sg_ue, cd_cargo) VALUES('2022-06-05', '02:16:32', '2021-01-01', 1, 426, 3034, 11);
INSERT INTO public.vagas (dt_geracao, hh_geracao, dt_posse, qt_vagas, cd_eleicao, sg_ue, cd_cargo) VALUES('2022-06-05', '02:16:32', '2021-01-01', 11, 426, 3034, 13);
INSERT INTO public.vagas (dt_geracao, hh_geracao, dt_posse, qt_vagas, cd_eleicao, sg_ue, cd_cargo) VALUES('2022-06-05', '02:16:32', '2021-01-01', 9, 426, 3050, 13);
INSERT INTO public.vagas (dt_geracao, hh_geracao, dt_posse, qt_vagas, cd_eleicao, sg_ue, cd_cargo) VALUES('2022-06-05', '02:16:32', '2021-01-01', 1, 426, 3115, 11);
INSERT INTO public.vagas (dt_geracao, hh_geracao, dt_posse, qt_vagas, cd_eleicao, sg_ue, cd_cargo) VALUES('2022-06-05', '02:16:32', '2021-01-01', 1, 426, 3115, 12);
INSERT INTO public.vagas (dt_geracao, hh_geracao, dt_posse, qt_vagas, cd_eleicao, sg_ue, cd_cargo) VALUES('2022-06-05', '02:16:32', '2021-01-01', 9, 426, 3115, 13);
INSERT INTO public.vagas (dt_geracao, hh_geracao, dt_posse, qt_vagas, cd_eleicao, sg_ue, cd_cargo) VALUES('2022-06-05', '02:16:32', '2021-01-01', 1, 426, 3123, 11);
INSERT INTO public.vagas (dt_geracao, hh_geracao, dt_posse, qt_vagas, cd_eleicao, sg_ue, cd_cargo) VALUES('2022-06-05', '02:16:32', '2021-01-01', 1, 426, 3123, 12);
INSERT INTO public.vagas (dt_geracao, hh_geracao, dt_posse, qt_vagas, cd_eleicao, sg_ue, cd_cargo) VALUES('2022-06-05', '02:16:32', '2021-01-01', 9, 426, 3123, 13);
INSERT INTO public.vagas (dt_geracao, hh_geracao, dt_posse, qt_vagas, cd_eleicao, sg_ue, cd_cargo) VALUES('2022-06-05', '02:16:32', '2021-01-01', 1, 426, 3131, 11);
INSERT INTO public.vagas (dt_geracao, hh_geracao, dt_posse, qt_vagas, cd_eleicao, sg_ue, cd_cargo) VALUES('2022-06-05', '02:16:32', '2021-01-01', 1, 426, 3131, 12);
INSERT INTO public.vagas (dt_geracao, hh_geracao, dt_posse, qt_vagas, cd_eleicao, sg_ue, cd_cargo) VALUES('2022-06-05', '02:16:32', '2021-01-01', 1, 426, 3158, 11);
INSERT INTO public.vagas (dt_geracao, hh_geracao, dt_posse, qt_vagas, cd_eleicao, sg_ue, cd_cargo) VALUES('2022-06-05', '02:16:32', '2021-01-01', 9, 426, 3158, 13);
INSERT INTO public.vagas (dt_geracao, hh_geracao, dt_posse, qt_vagas, cd_eleicao, sg_ue, cd_cargo) VALUES('2022-06-05', '02:16:32', '2021-01-01', 9, 426, 3107, 13);
INSERT INTO public.vagas (dt_geracao, hh_geracao, dt_posse, qt_vagas, cd_eleicao, sg_ue, cd_cargo) VALUES('2022-06-05', '02:16:32', '2021-01-01', 1, 426, 3000, 12);
INSERT INTO public.vagas (dt_geracao, hh_geracao, dt_posse, qt_vagas, cd_eleicao, sg_ue, cd_cargo) VALUES('2022-06-05', '02:16:32', '2021-01-01', 23, 426, 3018, 13);
INSERT INTO public.vagas (dt_geracao, hh_geracao, dt_posse, qt_vagas, cd_eleicao, sg_ue, cd_cargo) VALUES('2022-06-05', '02:16:32', '2021-01-01', 1, 426, 3026, 12);
INSERT INTO public.vagas (dt_geracao, hh_geracao, dt_posse, qt_vagas, cd_eleicao, sg_ue, cd_cargo) VALUES('2022-06-05', '02:16:32', '2021-01-01', 1, 426, 3034, 12);
INSERT INTO public.vagas (dt_geracao, hh_geracao, dt_posse, qt_vagas, cd_eleicao, sg_ue, cd_cargo) VALUES('2022-06-05', '02:16:32', '2021-01-01', 1, 426, 3042, 12);
INSERT INTO public.vagas (dt_geracao, hh_geracao, dt_posse, qt_vagas, cd_eleicao, sg_ue, cd_cargo) VALUES('2022-06-05', '02:16:32', '2021-01-01', 9, 426, 3042, 13);
INSERT INTO public.vagas (dt_geracao, hh_geracao, dt_posse, qt_vagas, cd_eleicao, sg_ue, cd_cargo) VALUES('2022-06-05', '02:16:32', '2021-01-01', 1, 426, 3050, 12);
INSERT INTO public.vagas (dt_geracao, hh_geracao, dt_posse, qt_vagas, cd_eleicao, sg_ue, cd_cargo) VALUES('2022-06-05', '02:16:32', '2021-01-01', 9, 426, 3069, 13);
INSERT INTO public.vagas (dt_geracao, hh_geracao, dt_posse, qt_vagas, cd_eleicao, sg_ue, cd_cargo) VALUES('2022-06-05', '02:16:32', '2021-01-01', 1, 426, 3077, 11);
INSERT INTO public.vagas (dt_geracao, hh_geracao, dt_posse, qt_vagas, cd_eleicao, sg_ue, cd_cargo) VALUES('2022-06-05', '02:16:32', '2021-01-01', 9, 426, 3077, 13);
INSERT INTO public.vagas (dt_geracao, hh_geracao, dt_posse, qt_vagas, cd_eleicao, sg_ue, cd_cargo) VALUES('2022-06-05', '02:16:32', '2021-01-01', 1, 426, 3085, 11);
INSERT INTO public.vagas (dt_geracao, hh_geracao, dt_posse, qt_vagas, cd_eleicao, sg_ue, cd_cargo) VALUES('2022-06-05', '02:16:32', '2021-01-01', 13, 426, 3085, 13);
INSERT INTO public.vagas (dt_geracao, hh_geracao, dt_posse, qt_vagas, cd_eleicao, sg_ue, cd_cargo) VALUES('2022-06-05', '02:16:32', '2021-01-01', 11, 426, 3093, 13);
INSERT INTO public.vagas (dt_geracao, hh_geracao, dt_posse, qt_vagas, cd_eleicao, sg_ue, cd_cargo) VALUES('2022-06-05', '02:16:32', '2021-01-01', 1, 426, 3158, 12);
INSERT INTO public.vagas (dt_geracao, hh_geracao, dt_posse, qt_vagas, cd_eleicao, sg_ue, cd_cargo) VALUES('2022-06-05', '02:16:32', '2021-01-01', 1, 426, 3000, 11);
INSERT INTO public.vagas (dt_geracao, hh_geracao, dt_posse, qt_vagas, cd_eleicao, sg_ue, cd_cargo) VALUES('2022-06-05', '02:16:32', '2021-01-01', 9, 426, 3000, 13);
INSERT INTO public.vagas (dt_geracao, hh_geracao, dt_posse, qt_vagas, cd_eleicao, sg_ue, cd_cargo) VALUES('2022-06-05', '02:16:32', '2021-01-01', 9, 426, 3131, 13);
INSERT INTO public.vagas (dt_geracao, hh_geracao, dt_posse, qt_vagas, cd_eleicao, sg_ue, cd_cargo) VALUES('2022-06-05', '02:16:32', '2021-01-01', 1, 426, 3050, 11);
INSERT INTO public.vagas (dt_geracao, hh_geracao, dt_posse, qt_vagas, cd_eleicao, sg_ue, cd_cargo) VALUES('2022-06-05', '02:16:32', '2021-01-01', 1, 426, 3042, 11);
INSERT INTO public.vagas (dt_geracao, hh_geracao, dt_posse, qt_vagas, cd_eleicao, sg_ue, cd_cargo) VALUES('2022-06-05', '02:16:32', '2021-01-01', 1, 426, 3107, 11);
INSERT INTO public.vagas (dt_geracao, hh_geracao, dt_posse, qt_vagas, cd_eleicao, sg_ue, cd_cargo) VALUES('2022-06-05', '02:16:32', '2021-01-01', 1, 426, 3107, 12);
INSERT INTO public.vagas (dt_geracao, hh_geracao, dt_posse, qt_vagas, cd_eleicao, sg_ue, cd_cargo) VALUES('2022-06-05', '02:16:32', '2021-01-01', 1, 426, 3069, 12);
INSERT INTO public.vagas (dt_geracao, hh_geracao, dt_posse, qt_vagas, cd_eleicao, sg_ue, cd_cargo) VALUES('2022-06-05', '02:16:32', '2021-01-01', 1, 426, 3077, 12);
INSERT INTO public.vagas (dt_geracao, hh_geracao, dt_posse, qt_vagas, cd_eleicao, sg_ue, cd_cargo) VALUES('2022-06-05', '02:16:32', '2021-01-01', 1, 426, 3069, 11);
INSERT INTO public.vagas (dt_geracao, hh_geracao, dt_posse, qt_vagas, cd_eleicao, sg_ue, cd_cargo) VALUES('2022-06-05', '02:16:32', '2021-01-01', 1, 426, 3018, 11);
INSERT INTO public.vagas (dt_geracao, hh_geracao, dt_posse, qt_vagas, cd_eleicao, sg_ue, cd_cargo) VALUES('2022-06-05', '02:16:32', '2021-01-01', 1, 426, 3018, 12);
INSERT INTO public.vagas (dt_geracao, hh_geracao, dt_posse, qt_vagas, cd_eleicao, sg_ue, cd_cargo) VALUES('2022-06-05', '02:16:32', '2021-01-01', 1, 426, 3026, 11);
INSERT INTO public.vagas (dt_geracao, hh_geracao, dt_posse, qt_vagas, cd_eleicao, sg_ue, cd_cargo) VALUES('2022-06-05', '02:16:32', '2021-01-01', 9, 426, 3026, 13);
INSERT INTO public.vagas (dt_geracao, hh_geracao, dt_posse, qt_vagas, cd_eleicao, sg_ue, cd_cargo) VALUES('2022-06-05', '02:16:32', '2021-01-01', 1, 426, 3093, 12);
INSERT INTO public.vagas (dt_geracao, hh_geracao, dt_posse, qt_vagas, cd_eleicao, sg_ue, cd_cargo) VALUES('2022-06-05', '02:16:32', '2021-01-01', 1, 426, 3093, 11);
INSERT INTO public.vagas (dt_geracao, hh_geracao, dt_posse, qt_vagas, cd_eleicao, sg_ue, cd_cargo) VALUES('2022-06-05', '02:16:32', '2021-01-01', 1, 426, 3034, 11);
INSERT INTO public.vagas (dt_geracao, hh_geracao, dt_posse, qt_vagas, cd_eleicao, sg_ue, cd_cargo) VALUES('2022-06-05', '02:16:32', '2021-01-01', 11, 426, 3034, 13);
INSERT INTO public.vagas (dt_geracao, hh_geracao, dt_posse, qt_vagas, cd_eleicao, sg_ue, cd_cargo) VALUES('2022-06-05', '02:16:32', '2021-01-01', 9, 426, 3050, 13);
INSERT INTO public.vagas (dt_geracao, hh_geracao, dt_posse, qt_vagas, cd_eleicao, sg_ue, cd_cargo) VALUES('2022-06-05', '02:16:32', '2021-01-01', 1, 426, 3115, 11);
INSERT INTO public.vagas (dt_geracao, hh_geracao, dt_posse, qt_vagas, cd_eleicao, sg_ue, cd_cargo) VALUES('2022-06-05', '02:16:32', '2021-01-01', 1, 426, 3115, 12);
INSERT INTO public.vagas (dt_geracao, hh_geracao, dt_posse, qt_vagas, cd_eleicao, sg_ue, cd_cargo) VALUES('2022-06-05', '02:16:32', '2021-01-01', 9, 426, 3115, 13);
INSERT INTO public.vagas (dt_geracao, hh_geracao, dt_posse, qt_vagas, cd_eleicao, sg_ue, cd_cargo) VALUES('2022-06-05', '02:16:32', '2021-01-01', 1, 426, 3123, 11);
INSERT INTO public.vagas (dt_geracao, hh_geracao, dt_posse, qt_vagas, cd_eleicao, sg_ue, cd_cargo) VALUES('2022-06-05', '02:16:32', '2021-01-01', 1, 426, 3123, 12);
INSERT INTO public.vagas (dt_geracao, hh_geracao, dt_posse, qt_vagas, cd_eleicao, sg_ue, cd_cargo) VALUES('2022-06-05', '02:16:32', '2021-01-01', 9, 426, 3123, 13);
INSERT INTO public.vagas (dt_geracao, hh_geracao, dt_posse, qt_vagas, cd_eleicao, sg_ue, cd_cargo) VALUES('2022-06-05', '02:16:32', '2021-01-01', 1, 426, 3131, 11);
INSERT INTO public.vagas (dt_geracao, hh_geracao, dt_posse, qt_vagas, cd_eleicao, sg_ue, cd_cargo) VALUES('2022-06-05', '02:16:32', '2021-01-01', 1, 426, 3131, 12);
INSERT INTO public.vagas (dt_geracao, hh_geracao, dt_posse, qt_vagas, cd_eleicao, sg_ue, cd_cargo) VALUES('2022-06-05', '02:16:32', '2021-01-01', 1, 426, 3158, 11);
INSERT INTO public.vagas (dt_geracao, hh_geracao, dt_posse, qt_vagas, cd_eleicao, sg_ue, cd_cargo) VALUES('2022-06-05', '02:16:32', '2021-01-01', 9, 426, 3158, 13);
INSERT INTO public.vagas (dt_geracao, hh_geracao, dt_posse, qt_vagas, cd_eleicao, sg_ue, cd_cargo) VALUES('2022-06-05', '02:16:32', '2021-01-01', 9, 426, 3107, 13);
INSERT INTO public.vagas (dt_geracao, hh_geracao, dt_posse, qt_vagas, cd_eleicao, sg_ue, cd_cargo) VALUES('2022-06-05', '02:16:32', '2021-01-01', 1, 426, 3000, 12);
INSERT INTO public.vagas (dt_geracao, hh_geracao, dt_posse, qt_vagas, cd_eleicao, sg_ue, cd_cargo) VALUES('2022-06-05', '02:16:32', '2021-01-01', 23, 426, 3018, 13);
INSERT INTO public.vagas (dt_geracao, hh_geracao, dt_posse, qt_vagas, cd_eleicao, sg_ue, cd_cargo) VALUES('2022-06-05', '02:16:32', '2021-01-01', 1, 426, 3026, 12);
INSERT INTO public.vagas (dt_geracao, hh_geracao, dt_posse, qt_vagas, cd_eleicao, sg_ue, cd_cargo) VALUES('2022-06-05', '02:16:32', '2021-01-01', 1, 426, 3034, 12);
INSERT INTO public.vagas (dt_geracao, hh_geracao, dt_posse, qt_vagas, cd_eleicao, sg_ue, cd_cargo) VALUES('2022-06-05', '02:16:32', '2021-01-01', 1, 426, 3042, 12);
INSERT INTO public.vagas (dt_geracao, hh_geracao, dt_posse, qt_vagas, cd_eleicao, sg_ue, cd_cargo) VALUES('2022-06-05', '02:16:32', '2021-01-01', 9, 426, 3042, 13);
INSERT INTO public.vagas (dt_geracao, hh_geracao, dt_posse, qt_vagas, cd_eleicao, sg_ue, cd_cargo) VALUES('2022-06-05', '02:16:32', '2021-01-01', 1, 426, 3050, 12);
INSERT INTO public.vagas (dt_geracao, hh_geracao, dt_posse, qt_vagas, cd_eleicao, sg_ue, cd_cargo) VALUES('2022-06-05', '02:16:32', '2021-01-01', 9, 426, 3069, 13);
INSERT INTO public.vagas (dt_geracao, hh_geracao, dt_posse, qt_vagas, cd_eleicao, sg_ue, cd_cargo) VALUES('2022-06-05', '02:16:32', '2021-01-01', 1, 426, 3077, 11);
INSERT INTO public.vagas (dt_geracao, hh_geracao, dt_posse, qt_vagas, cd_eleicao, sg_ue, cd_cargo) VALUES('2022-06-05', '02:16:32', '2021-01-01', 9, 426, 3077, 13);
INSERT INTO public.vagas (dt_geracao, hh_geracao, dt_posse, qt_vagas, cd_eleicao, sg_ue, cd_cargo) VALUES('2022-06-05', '02:16:32', '2021-01-01', 1, 426, 3085, 11);
INSERT INTO public.vagas (dt_geracao, hh_geracao, dt_posse, qt_vagas, cd_eleicao, sg_ue, cd_cargo) VALUES('2022-06-05', '02:16:32', '2021-01-01', 13, 426, 3085, 13);
INSERT INTO public.vagas (dt_geracao, hh_geracao, dt_posse, qt_vagas, cd_eleicao, sg_ue, cd_cargo) VALUES('2022-06-05', '02:16:32', '2021-01-01', 11, 426, 3093, 13);
INSERT INTO public.vagas (dt_geracao, hh_geracao, dt_posse, qt_vagas, cd_eleicao, sg_ue, cd_cargo) VALUES('2022-06-05', '02:16:32', '2021-01-01', 1, 426, 3158, 12);
INSERT INTO public.vagas (dt_geracao, hh_geracao, dt_posse, qt_vagas, cd_eleicao, sg_ue, cd_cargo) VALUES('2022-06-05', '02:16:32', '2021-01-01', 1, 426, 3000, 11);
INSERT INTO public.vagas (dt_geracao, hh_geracao, dt_posse, qt_vagas, cd_eleicao, sg_ue, cd_cargo) VALUES('2022-06-05', '02:16:32', '2021-01-01', 9, 426, 3000, 13);
INSERT INTO public.vagas (dt_geracao, hh_geracao, dt_posse, qt_vagas, cd_eleicao, sg_ue, cd_cargo) VALUES('2022-06-05', '02:16:32', '2021-01-01', 9, 426, 3131, 13);
INSERT INTO public.vagas (dt_geracao, hh_geracao, dt_posse, qt_vagas, cd_eleicao, sg_ue, cd_cargo) VALUES('2022-06-05', '02:16:32', '2021-01-01', 1, 426, 3050, 11);
INSERT INTO public.vagas (dt_geracao, hh_geracao, dt_posse, qt_vagas, cd_eleicao, sg_ue, cd_cargo) VALUES('2022-06-05', '02:16:32', '2021-01-01', 1, 426, 3042, 11);
INSERT INTO public.vagas (dt_geracao, hh_geracao, dt_posse, qt_vagas, cd_eleicao, sg_ue, cd_cargo) VALUES('2022-06-05', '02:16:32', '2021-01-01', 1, 426, 3107, 11);
INSERT INTO public.vagas (dt_geracao, hh_geracao, dt_posse, qt_vagas, cd_eleicao, sg_ue, cd_cargo) VALUES('2022-06-05', '02:16:32', '2021-01-01', 1, 426, 3107, 12);
INSERT INTO public.vagas (dt_geracao, hh_geracao, dt_posse, qt_vagas, cd_eleicao, sg_ue, cd_cargo) VALUES('2022-06-05', '02:16:32', '2021-01-01', 1, 426, 3069, 12);
INSERT INTO public.vagas (dt_geracao, hh_geracao, dt_posse, qt_vagas, cd_eleicao, sg_ue, cd_cargo) VALUES('2022-06-05', '02:16:32', '2021-01-01', 1, 426, 3077, 12);
INSERT INTO public.vagas (dt_geracao, hh_geracao, dt_posse, qt_vagas, cd_eleicao, sg_ue, cd_cargo) VALUES('2022-06-05', '02:16:32', '2021-01-01', 1, 426, 3069, 11);
INSERT INTO public.vagas (dt_geracao, hh_geracao, dt_posse, qt_vagas, cd_eleicao, sg_ue, cd_cargo) VALUES('2022-06-05', '02:16:32', '2021-01-01', 1, 426, 3018, 11);
INSERT INTO public.vagas (dt_geracao, hh_geracao, dt_posse, qt_vagas, cd_eleicao, sg_ue, cd_cargo) VALUES('2022-06-05', '02:16:32', '2021-01-01', 1, 426, 3018, 12);
INSERT INTO public.vagas (dt_geracao, hh_geracao, dt_posse, qt_vagas, cd_eleicao, sg_ue, cd_cargo) VALUES('2022-06-05', '02:16:32', '2021-01-01', 1, 426, 3026, 11);
INSERT INTO public.vagas (dt_geracao, hh_geracao, dt_posse, qt_vagas, cd_eleicao, sg_ue, cd_cargo) VALUES('2022-06-05', '02:16:32', '2021-01-01', 9, 426, 3026, 13);
INSERT INTO public.vagas (dt_geracao, hh_geracao, dt_posse, qt_vagas, cd_eleicao, sg_ue, cd_cargo) VALUES('2022-06-05', '02:16:32', '2021-01-01', 1, 426, 3093, 12);
INSERT INTO public.vagas (dt_geracao, hh_geracao, dt_posse, qt_vagas, cd_eleicao, sg_ue, cd_cargo) VALUES('2022-06-05', '02:16:32', '2021-01-01', 1, 426, 3093, 11);
INSERT INTO public.vagas (dt_geracao, hh_geracao, dt_posse, qt_vagas, cd_eleicao, sg_ue, cd_cargo) VALUES('2022-06-05', '02:16:32', '2021-01-01', 1, 426, 3034, 11);
INSERT INTO public.vagas (dt_geracao, hh_geracao, dt_posse, qt_vagas, cd_eleicao, sg_ue, cd_cargo) VALUES('2022-06-05', '02:16:32', '2021-01-01', 11, 426, 3034, 13);
INSERT INTO public.vagas (dt_geracao, hh_geracao, dt_posse, qt_vagas, cd_eleicao, sg_ue, cd_cargo) VALUES('2022-06-05', '02:16:32', '2021-01-01', 9, 426, 3050, 13);
INSERT INTO public.vagas (dt_geracao, hh_geracao, dt_posse, qt_vagas, cd_eleicao, sg_ue, cd_cargo) VALUES('2022-06-05', '02:16:32', '2021-01-01', 1, 426, 3115, 11);
INSERT INTO public.vagas (dt_geracao, hh_geracao, dt_posse, qt_vagas, cd_eleicao, sg_ue, cd_cargo) VALUES('2022-06-05', '02:16:32', '2021-01-01', 1, 426, 3115, 12);
INSERT INTO public.vagas (dt_geracao, hh_geracao, dt_posse, qt_vagas, cd_eleicao, sg_ue, cd_cargo) VALUES('2022-06-05', '02:16:32', '2021-01-01', 9, 426, 3115, 13);
INSERT INTO public.vagas (dt_geracao, hh_geracao, dt_posse, qt_vagas, cd_eleicao, sg_ue, cd_cargo) VALUES('2022-06-05', '02:16:32', '2021-01-01', 1, 426, 3123, 11);
INSERT INTO public.vagas (dt_geracao, hh_geracao, dt_posse, qt_vagas, cd_eleicao, sg_ue, cd_cargo) VALUES('2022-06-05', '02:16:32', '2021-01-01', 1, 426, 3123, 12);
INSERT INTO public.vagas (dt_geracao, hh_geracao, dt_posse, qt_vagas, cd_eleicao, sg_ue, cd_cargo) VALUES('2022-06-05', '02:16:32', '2021-01-01', 9, 426, 3123, 13);
INSERT INTO public.vagas (dt_geracao, hh_geracao, dt_posse, qt_vagas, cd_eleicao, sg_ue, cd_cargo) VALUES('2022-06-05', '02:16:32', '2021-01-01', 1, 426, 3131, 11);
INSERT INTO public.vagas (dt_geracao, hh_geracao, dt_posse, qt_vagas, cd_eleicao, sg_ue, cd_cargo) VALUES('2022-06-05', '02:16:32', '2021-01-01', 1, 426, 3131, 12);
INSERT INTO public.vagas (dt_geracao, hh_geracao, dt_posse, qt_vagas, cd_eleicao, sg_ue, cd_cargo) VALUES('2022-06-05', '02:16:32', '2021-01-01', 1, 426, 3158, 11);
INSERT INTO public.vagas (dt_geracao, hh_geracao, dt_posse, qt_vagas, cd_eleicao, sg_ue, cd_cargo) VALUES('2022-06-05', '02:16:32', '2021-01-01', 9, 426, 3158, 13);
INSERT INTO public.vagas (dt_geracao, hh_geracao, dt_posse, qt_vagas, cd_eleicao, sg_ue, cd_cargo) VALUES('2022-06-05', '02:16:32', '2021-01-01', 1, 426, 3085, 12);
INSERT INTO public.vagas (dt_geracao, hh_geracao, dt_posse, qt_vagas, cd_eleicao, sg_ue, cd_cargo) VALUES('2022-06-05', '02:16:32', '2021-01-01', 9, 426, 3107, 13);
INSERT INTO public.vagas (dt_geracao, hh_geracao, dt_posse, qt_vagas, cd_eleicao, sg_ue, cd_cargo) VALUES('2022-06-05', '02:16:32', '2021-01-01', 1, 426, 3000, 12);
INSERT INTO public.vagas (dt_geracao, hh_geracao, dt_posse, qt_vagas, cd_eleicao, sg_ue, cd_cargo) VALUES('2022-06-05', '02:16:32', '2021-01-01', 23, 426, 3018, 13);
INSERT INTO public.vagas (dt_geracao, hh_geracao, dt_posse, qt_vagas, cd_eleicao, sg_ue, cd_cargo) VALUES('2022-06-05', '02:16:32', '2021-01-01', 1, 426, 3026, 12);
INSERT INTO public.vagas (dt_geracao, hh_geracao, dt_posse, qt_vagas, cd_eleicao, sg_ue, cd_cargo) VALUES('2022-06-05', '02:16:32', '2021-01-01', 1, 426, 3034, 12);
INSERT INTO public.vagas (dt_geracao, hh_geracao, dt_posse, qt_vagas, cd_eleicao, sg_ue, cd_cargo) VALUES('2022-06-05', '02:16:32', '2021-01-01', 1, 426, 3042, 12);
INSERT INTO public.vagas (dt_geracao, hh_geracao, dt_posse, qt_vagas, cd_eleicao, sg_ue, cd_cargo) VALUES('2022-06-05', '02:16:32', '2021-01-01', 9, 426, 3042, 13);
INSERT INTO public.vagas (dt_geracao, hh_geracao, dt_posse, qt_vagas, cd_eleicao, sg_ue, cd_cargo) VALUES('2022-06-05', '02:16:32', '2021-01-01', 1, 426, 3050, 12);
INSERT INTO public.vagas (dt_geracao, hh_geracao, dt_posse, qt_vagas, cd_eleicao, sg_ue, cd_cargo) VALUES('2022-06-05', '02:16:32', '2021-01-01', 9, 426, 3069, 13);
INSERT INTO public.vagas (dt_geracao, hh_geracao, dt_posse, qt_vagas, cd_eleicao, sg_ue, cd_cargo) VALUES('2022-06-05', '02:16:32', '2021-01-01', 1, 426, 3077, 11);
INSERT INTO public.vagas (dt_geracao, hh_geracao, dt_posse, qt_vagas, cd_eleicao, sg_ue, cd_cargo) VALUES('2022-06-05', '02:16:32', '2021-01-01', 9, 426, 3077, 13);
INSERT INTO public.vagas (dt_geracao, hh_geracao, dt_posse, qt_vagas, cd_eleicao, sg_ue, cd_cargo) VALUES('2022-06-05', '02:16:32', '2021-01-01', 1, 426, 3085, 11);
INSERT INTO public.vagas (dt_geracao, hh_geracao, dt_posse, qt_vagas, cd_eleicao, sg_ue, cd_cargo) VALUES('2022-06-05', '02:16:32', '2021-01-01', 13, 426, 3085, 13);
INSERT INTO public.vagas (dt_geracao, hh_geracao, dt_posse, qt_vagas, cd_eleicao, sg_ue, cd_cargo) VALUES('2022-06-05', '02:16:32', '2021-01-01', 11, 426, 3093, 13);
INSERT INTO public.vagas (dt_geracao, hh_geracao, dt_posse, qt_vagas, cd_eleicao, sg_ue, cd_cargo) VALUES('2022-06-05', '02:16:32', '2021-01-01', 1, 426, 3158, 12);
INSERT INTO public.vagas (dt_geracao, hh_geracao, dt_posse, qt_vagas, cd_eleicao, sg_ue, cd_cargo) VALUES('2022-06-05', '02:16:32', '2021-01-01', 1, 426, 3000, 11);
INSERT INTO public.vagas (dt_geracao, hh_geracao, dt_posse, qt_vagas, cd_eleicao, sg_ue, cd_cargo) VALUES('2022-06-05', '02:16:32', '2021-01-01', 9, 426, 3000, 13);
INSERT INTO public.vagas (dt_geracao, hh_geracao, dt_posse, qt_vagas, cd_eleicao, sg_ue, cd_cargo) VALUES('2022-06-05', '02:16:32', '2021-01-01', 9, 426, 3131, 13);
INSERT INTO public.vagas (dt_geracao, hh_geracao, dt_posse, qt_vagas, cd_eleicao, sg_ue, cd_cargo) VALUES('2022-06-05', '02:16:32', '2021-01-01', 1, 426, 3050, 11);
INSERT INTO public.vagas (dt_geracao, hh_geracao, dt_posse, qt_vagas, cd_eleicao, sg_ue, cd_cargo) VALUES('2022-06-05', '02:16:32', '2021-01-01', 1, 426, 3042, 11);
INSERT INTO public.vagas (dt_geracao, hh_geracao, dt_posse, qt_vagas, cd_eleicao, sg_ue, cd_cargo) VALUES('2022-06-05', '02:16:32', '2021-01-01', 1, 426, 3107, 11);
INSERT INTO public.vagas (dt_geracao, hh_geracao, dt_posse, qt_vagas, cd_eleicao, sg_ue, cd_cargo) VALUES('2022-06-05', '02:16:32', '2021-01-01', 1, 426, 3107, 12);
INSERT INTO public.vagas (dt_geracao, hh_geracao, dt_posse, qt_vagas, cd_eleicao, sg_ue, cd_cargo) VALUES('2022-06-05', '02:16:32', '2021-01-01', 1, 426, 3069, 12);
INSERT INTO public.genero (cd_genero, ds_genero) VALUES(4, 'FEMININO');
INSERT INTO public.genero (cd_genero, ds_genero) VALUES(2, 'MASCULINO');
INSERT INTO public.estado_civil (cd_estado_civil, ds_estado_civil) VALUES(1, 'SOLTEIRO(A)');
INSERT INTO public.estado_civil (cd_estado_civil, ds_estado_civil) VALUES(3, 'CASADO(A)');
INSERT INTO public.estado_civil (cd_estado_civil, ds_estado_civil) VALUES(9, 'DIVORCIADO(A)');
INSERT INTO public.estado_civil (cd_estado_civil, ds_estado_civil) VALUES(7, 'SEPARADO(A) JUDICIALMENTE');
INSERT INTO public.estado_civil (cd_estado_civil, ds_estado_civil) VALUES(5, 'VIÚVO(A)');
INSERT INTO public.grau_instrucao (cd_grau_instrucao, ds_grau_instrucao) VALUES(8, 'SUPERIOR COMPLETO');
INSERT INTO public.grau_instrucao (cd_grau_instrucao, ds_grau_instrucao) VALUES(6, 'ENSINO MÉDIO COMPLETO');
INSERT INTO public.grau_instrucao (cd_grau_instrucao, ds_grau_instrucao) VALUES(3, 'ENSINO FUNDAMENTAL INCOMPLETO');
INSERT INTO public.grau_instrucao (cd_grau_instrucao, ds_grau_instrucao) VALUES(2, 'LÊ E ESCREVE');
INSERT INTO public.grau_instrucao (cd_grau_instrucao, ds_grau_instrucao) VALUES(4, 'ENSINO FUNDAMENTAL COMPLETO');
INSERT INTO public.grau_instrucao (cd_grau_instrucao, ds_grau_instrucao) VALUES(5, 'ENSINO MÉDIO INCOMPLETO');
INSERT INTO public.grau_instrucao (cd_grau_instrucao, ds_grau_instrucao) VALUES(7, 'SUPERIOR INCOMPLETO');
INSERT INTO public.grau_instrucao (cd_grau_instrucao, ds_grau_instrucao) VALUES(1, 'ANALFABETO');
INSERT INTO public.partidos (nr_partido, sg_partido, nm_partido) VALUES(11, 'PP', 'PROGRESSISTAS');
INSERT INTO public.partidos (nr_partido, sg_partido, nm_partido) VALUES(36, 'PTC', 'PARTIDO TRABALHISTA CRISTÃO');
INSERT INTO public.partidos (nr_partido, sg_partido, nm_partido) VALUES(15, 'MDB', 'MOVIMENTO DEMOCRÁTICO BRASILEIRO');
INSERT INTO public.partidos (nr_partido, sg_partido, nm_partido) VALUES(77, 'SOLIDARIEDADE', 'SOLIDARIEDADE');
INSERT INTO public.partidos (nr_partido, sg_partido, nm_partido) VALUES(12, 'PDT', 'PARTIDO DEMOCRÁTICO TRABALHISTA');
INSERT INTO public.partidos (nr_partido, sg_partido, nm_partido) VALUES(19, 'PODE', 'PODEMOS');
INSERT INTO public.partidos (nr_partido, sg_partido, nm_partido) VALUES(90, 'PROS', 'PARTIDO REPUBLICANO DA ORDEM SOCIAL');
INSERT INTO public.partidos (nr_partido, sg_partido, nm_partido) VALUES(10, 'REPUBLICANOS', 'REPUBLICANOS');
INSERT INTO public.partidos (nr_partido, sg_partido, nm_partido) VALUES(23, 'CIDADANIA', 'CIDADANIA');
INSERT INTO public.partidos (nr_partido, sg_partido, nm_partido) VALUES(13, 'PT', 'PARTIDO DOS TRABALHADORES');
INSERT INTO public.partidos (nr_partido, sg_partido, nm_partido) VALUES(51, 'PATRIOTA', 'PATRIOTA');
INSERT INTO public.partidos (nr_partido, sg_partido, nm_partido) VALUES(20, 'PSC', 'PARTIDO SOCIAL CRISTÃO');
INSERT INTO public.partidos (nr_partido, sg_partido, nm_partido) VALUES(40, 'PSB', 'PARTIDO SOCIALISTA BRASILEIRO');
INSERT INTO public.partidos (nr_partido, sg_partido, nm_partido) VALUES(22, 'PL', 'PARTIDO LIBERAL');
INSERT INTO public.partidos (nr_partido, sg_partido, nm_partido) VALUES(43, 'PV', 'PARTIDO VERDE');
INSERT INTO public.partidos (nr_partido, sg_partido, nm_partido) VALUES(45, 'PSDB', 'PARTIDO DA SOCIAL DEMOCRACIA BRASILEIRA');
INSERT INTO public.partidos (nr_partido, sg_partido, nm_partido) VALUES(28, 'PRTB', 'PARTIDO RENOVADOR TRABALHISTA BRASILEIRO');
INSERT INTO public.partidos (nr_partido, sg_partido, nm_partido) VALUES(25, 'DEM', 'DEMOCRATAS');
INSERT INTO public.partidos (nr_partido, sg_partido, nm_partido) VALUES(35, 'PMB', 'PARTIDO DA MULHER BRASILEIRA');
INSERT INTO public.partidos (nr_partido, sg_partido, nm_partido) VALUES(55, 'PSD', 'PARTIDO SOCIAL DEMOCRÁTICO');
INSERT INTO public.partidos (nr_partido, sg_partido, nm_partido) VALUES(18, 'REDE', 'REDE SUSTENTABILIDADE');
INSERT INTO public.partidos (nr_partido, sg_partido, nm_partido) VALUES(70, 'AVANTE', 'AVANTE');
INSERT INTO public.partidos (nr_partido, sg_partido, nm_partido) VALUES(29, 'PCO', 'PARTIDO DA CAUSA OPERÁRIA');
INSERT INTO public.partidos (nr_partido, sg_partido, nm_partido) VALUES(14, 'PTB', 'PARTIDO TRABALHISTA BRASILEIRO');
INSERT INTO public.partidos (nr_partido, sg_partido, nm_partido) VALUES(17, 'PSL', 'PARTIDO SOCIAL LIBERAL');
INSERT INTO public.partidos (nr_partido, sg_partido, nm_partido) VALUES(27, 'DC', 'DEMOCRACIA CRISTÃ');
INSERT INTO public.partidos (nr_partido, sg_partido, nm_partido) VALUES(33, 'PMN', 'PARTIDO DA MOBILIZAÇÃO NACIONAL');
INSERT INTO public.partidos (nr_partido, sg_partido, nm_partido) VALUES(65, 'PC do B', 'PARTIDO COMUNISTA DO BRASIL');
INSERT INTO public.partidos (nr_partido, sg_partido, nm_partido) VALUES(50, 'PSOL', 'PARTIDO SOCIALISMO E LIBERDADE');
INSERT INTO public.coligacao (sq_coligacao, dt_geracao, hh_geracao, nr_turno, tp_agremiacao, nm_coligacao, ds_composicao_coligacao, cd_situacao_legenda, ds_situacao, cd_eleicao, sg_ue, cd_cargo, nr_partido) VALUES(230000089524, '2022-06-05', '02:16:30', 1, 'COLIGAÇÃO', 'BOA VISTA PARA TODOS', 'SOLIDARIEDADE / PATRIOTA / PT / PSC / PSB / PTC / PRTB / PROS / DC / CIDADANIA / PTB', 'D', 'DEFERIDO', 426, 3018, 11, 36);
INSERT INTO public.coligacao (sq_coligacao, dt_geracao, hh_geracao, nr_turno, tp_agremiacao, nm_coligacao, ds_composicao_coligacao, cd_situacao_legenda, ds_situacao, cd_eleicao, sg_ue, cd_cargo, nr_partido) VALUES(230000074770, '2022-06-05', '02:16:30', 1, 'COLIGAÇÃO', 'PRA NORMANDIA VOLTAR A SER FELIZ', 'MDB / PTB', 'D', 'DEFERIDO', 426, 3115, 12, 15);
INSERT INTO public.coligacao (sq_coligacao, dt_geracao, hh_geracao, nr_turno, tp_agremiacao, nm_coligacao, ds_composicao_coligacao, cd_situacao_legenda, ds_situacao, cd_eleicao, sg_ue, cd_cargo, nr_partido) VALUES(230000057259, '2022-06-05', '02:16:30', 1, 'COLIGAÇÃO', 'MUCAJAÍ NÃO PODE PARAR', 'SOLIDARIEDADE / CIDADANIA / MDB / PL', 'D', 'DEFERIDO', 426, 3093, 11, 77);
INSERT INTO public.coligacao (sq_coligacao, dt_geracao, hh_geracao, nr_turno, tp_agremiacao, nm_coligacao, ds_composicao_coligacao, cd_situacao_legenda, ds_situacao, cd_eleicao, sg_ue, cd_cargo, nr_partido) VALUES(230000058627, '2022-06-05', '02:16:30', 1, 'COLIGAÇÃO', 'COMPROMISSO COM PACARAIMA', 'PRTB / PDT / REDE', 'D', 'DEFERIDO', 426, 3123, 12, 12);
INSERT INTO public.coligacao (sq_coligacao, dt_geracao, hh_geracao, nr_turno, tp_agremiacao, nm_coligacao, ds_composicao_coligacao, cd_situacao_legenda, ds_situacao, cd_eleicao, sg_ue, cd_cargo, nr_partido) VALUES(230000128282, '2022-06-05', '02:16:30', 1, 'COLIGAÇÃO', 'COMPETÊNCIA PARA CONTINUAR', 'PDT / PP', 'D', 'DEFERIDO', 426, 3018, 11, 11);
INSERT INTO public.coligacao (sq_coligacao, dt_geracao, hh_geracao, nr_turno, tp_agremiacao, nm_coligacao, ds_composicao_coligacao, cd_situacao_legenda, ds_situacao, cd_eleicao, sg_ue, cd_cargo, nr_partido) VALUES(230000149694, '2022-06-05', '02:16:30', 1, 'COLIGAÇÃO', 'UIRAMUTÃ PARA TODOS', 'PP / PODE / SOLIDARIEDADE', 'D', 'DEFERIDO', 426, 3107, 12, 11);
INSERT INTO public.coligacao (sq_coligacao, dt_geracao, hh_geracao, nr_turno, tp_agremiacao, nm_coligacao, ds_composicao_coligacao, cd_situacao_legenda, ds_situacao, cd_eleicao, sg_ue, cd_cargo, nr_partido) VALUES(230000149781, '2022-06-05', '02:16:30', 1, 'COLIGAÇÃO', 'JUNTOS CUIDAMOS DE AMAJARI', 'PSC / PL / PROS', 'D', 'DEFERIDO', 426, 3042, 11, 90);
INSERT INTO public.coligacao (sq_coligacao, dt_geracao, hh_geracao, nr_turno, tp_agremiacao, nm_coligacao, ds_composicao_coligacao, cd_situacao_legenda, ds_situacao, cd_eleicao, sg_ue, cd_cargo, nr_partido) VALUES(230000063417, '2022-06-05', '02:16:30', 1, 'COLIGAÇÃO', 'ALIANÇA POR BALIZA', 'REPUBLICANOS / PSD / PV', 'D', 'DEFERIDO', 426, 3131, 11, 10);
INSERT INTO public.coligacao (sq_coligacao, dt_geracao, hh_geracao, nr_turno, tp_agremiacao, nm_coligacao, ds_composicao_coligacao, cd_situacao_legenda, ds_situacao, cd_eleicao, sg_ue, cd_cargo, nr_partido) VALUES(230000059805, '2022-06-05', '02:16:30', 1, 'PARTIDO ISOLADO', '#NULO#', 'PDT', 'D', 'DEFERIDO', 426, 3077, 11, 12);
INSERT INTO public.coligacao (sq_coligacao, dt_geracao, hh_geracao, nr_turno, tp_agremiacao, nm_coligacao, ds_composicao_coligacao, cd_situacao_legenda, ds_situacao, cd_eleicao, sg_ue, cd_cargo, nr_partido) VALUES(230000070138, '2022-06-05', '02:16:30', 1, 'COLIGAÇÃO', 'RECONSTRUIR É PRECISO', 'MDB / PSD', 'D', 'DEFERIDO', 426, 3042, 11, 15);
INSERT INTO public.coligacao (sq_coligacao, dt_geracao, hh_geracao, nr_turno, tp_agremiacao, nm_coligacao, ds_composicao_coligacao, cd_situacao_legenda, ds_situacao, cd_eleicao, sg_ue, cd_cargo, nr_partido) VALUES(230000075696, '2022-06-05', '02:16:30', 1, 'PARTIDO ISOLADO', '#NULO#', 'CIDADANIA', 'D', 'DEFERIDO', 426, 3069, 13, 23);
INSERT INTO public.coligacao (sq_coligacao, dt_geracao, hh_geracao, nr_turno, tp_agremiacao, nm_coligacao, ds_composicao_coligacao, cd_situacao_legenda, ds_situacao, cd_eleicao, sg_ue, cd_cargo, nr_partido) VALUES(230000058378, '2022-06-05', '02:16:30', 1, 'PARTIDO ISOLADO', '#NULO#', 'PT', 'D', 'DEFERIDO', 426, 3131, 13, 13);
INSERT INTO public.coligacao (sq_coligacao, dt_geracao, hh_geracao, nr_turno, tp_agremiacao, nm_coligacao, ds_composicao_coligacao, cd_situacao_legenda, ds_situacao, cd_eleicao, sg_ue, cd_cargo, nr_partido) VALUES(230000073809, '2022-06-05', '02:16:30', 1, 'COLIGAÇÃO', 'COM DEUS E O POVO TEREMOS UM FUTURO NOVO', 'PSC / PSD', 'D', 'DEFERIDO', 426, 3069, 11, 20);
INSERT INTO public.coligacao (sq_coligacao, dt_geracao, hh_geracao, nr_turno, tp_agremiacao, nm_coligacao, ds_composicao_coligacao, cd_situacao_legenda, ds_situacao, cd_eleicao, sg_ue, cd_cargo, nr_partido) VALUES(230000059354, '2022-06-05', '02:16:30', 1, 'PARTIDO ISOLADO', '#NULO#', 'PSB', 'D', 'DEFERIDO', 426, 3131, 12, 40);
INSERT INTO public.coligacao (sq_coligacao, dt_geracao, hh_geracao, nr_turno, tp_agremiacao, nm_coligacao, ds_composicao_coligacao, cd_situacao_legenda, ds_situacao, cd_eleicao, sg_ue, cd_cargo, nr_partido) VALUES(230000074031, '2022-06-05', '02:16:30', 1, 'PARTIDO ISOLADO', '#NULO#', 'PL', 'D', 'DEFERIDO', 426, 3050, 13, 22);
INSERT INTO public.coligacao (sq_coligacao, dt_geracao, hh_geracao, nr_turno, tp_agremiacao, nm_coligacao, ds_composicao_coligacao, cd_situacao_legenda, ds_situacao, cd_eleicao, sg_ue, cd_cargo, nr_partido) VALUES(230000128258, '2022-06-05', '02:16:30', 1, 'COLIGAÇÃO', 'BOA VISTA MELHOR E DIFERENTE', 'REDE / PC do B / PV', 'D', 'DEFERIDO', 426, 3018, 11, 43);
INSERT INTO public.coligacao (sq_coligacao, dt_geracao, hh_geracao, nr_turno, tp_agremiacao, nm_coligacao, ds_composicao_coligacao, cd_situacao_legenda, ds_situacao, cd_eleicao, sg_ue, cd_cargo, nr_partido) VALUES(230000089086, '2022-06-05', '02:16:30', 1, 'PARTIDO ISOLADO', '#NULO#', 'PL', 'D', 'DEFERIDO', 426, 3018, 11, 22);
INSERT INTO public.coligacao (sq_coligacao, dt_geracao, hh_geracao, nr_turno, tp_agremiacao, nm_coligacao, ds_composicao_coligacao, cd_situacao_legenda, ds_situacao, cd_eleicao, sg_ue, cd_cargo, nr_partido) VALUES(230000058379, '2022-06-05', '02:16:30', 1, 'COLIGAÇÃO', 'AVANTE SÃO LUIZ', 'SOLIDARIEDADE / MDB / REPUBLICANOS', 'D', 'DEFERIDO', 426, 3158, 11, 15);
INSERT INTO public.coligacao (sq_coligacao, dt_geracao, hh_geracao, nr_turno, tp_agremiacao, nm_coligacao, ds_composicao_coligacao, cd_situacao_legenda, ds_situacao, cd_eleicao, sg_ue, cd_cargo, nr_partido) VALUES(230000088952, '2022-06-05', '02:16:30', 1, 'PARTIDO ISOLADO', '#NULO#', 'MDB', 'D', 'DEFERIDO', 426, 3042, 13, 15);
INSERT INTO public.coligacao (sq_coligacao, dt_geracao, hh_geracao, nr_turno, tp_agremiacao, nm_coligacao, ds_composicao_coligacao, cd_situacao_legenda, ds_situacao, cd_eleicao, sg_ue, cd_cargo, nr_partido) VALUES(230000088961, '2022-06-05', '02:16:30', 1, 'PARTIDO ISOLADO', '#NULO#', 'PODE', 'D', 'DEFERIDO', 426, 3018, 11, 19);
INSERT INTO public.coligacao (sq_coligacao, dt_geracao, hh_geracao, nr_turno, tp_agremiacao, nm_coligacao, ds_composicao_coligacao, cd_situacao_legenda, ds_situacao, cd_eleicao, sg_ue, cd_cargo, nr_partido) VALUES(230000112690, '2022-06-05', '02:16:30', 1, 'PARTIDO ISOLADO', '#NULO#', 'PSC', 'D', 'DEFERIDO', 426, 3115, 12, 20);
INSERT INTO public.coligacao (sq_coligacao, dt_geracao, hh_geracao, nr_turno, tp_agremiacao, nm_coligacao, ds_composicao_coligacao, cd_situacao_legenda, ds_situacao, cd_eleicao, sg_ue, cd_cargo, nr_partido) VALUES(230000113759, '2022-06-05', '02:16:30', 1, 'COLIGAÇÃO', 'PACARAIMA NO CORACAO', 'REPUBLICANOS / CIDADANIA / PV / PSDB / SOLIDARIEDADE', 'D', 'DEFERIDO', 426, 3123, 12, 45);
INSERT INTO public.coligacao (sq_coligacao, dt_geracao, hh_geracao, nr_turno, tp_agremiacao, nm_coligacao, ds_composicao_coligacao, cd_situacao_legenda, ds_situacao, cd_eleicao, sg_ue, cd_cargo, nr_partido) VALUES(230000148641, '2022-06-05', '02:16:30', 1, 'COLIGAÇÃO', 'TODOS POR CARACARAÍ', 'PMN / PSDB', 'D', 'DEFERIDO', 426, 3034, 11, 45);
INSERT INTO public.coligacao (sq_coligacao, dt_geracao, hh_geracao, nr_turno, tp_agremiacao, nm_coligacao, ds_composicao_coligacao, cd_situacao_legenda, ds_situacao, cd_eleicao, sg_ue, cd_cargo, nr_partido) VALUES(230000147552, '2022-06-05', '02:16:30', 1, 'COLIGAÇÃO', 'PARA MELHORAR TEM QUE RENOVAR', 'DEM / PSD / PC do B / PP / PSC / PDT / PRTB', 'D', 'DEFERIDO', 426, 3085, 12, 12);
INSERT INTO public.coligacao (sq_coligacao, dt_geracao, hh_geracao, nr_turno, tp_agremiacao, nm_coligacao, ds_composicao_coligacao, cd_situacao_legenda, ds_situacao, cd_eleicao, sg_ue, cd_cargo, nr_partido) VALUES(230000067821, '2022-06-05', '02:16:30', 1, 'COLIGAÇÃO', 'VAMOS JUNTOS CUIDAR DO CANTA', 'PP / MDB / CIDADANIA / PATRIOTA / PSDB', 'D', 'DEFERIDO', 426, 3069, 11, 45);
INSERT INTO public.coligacao (sq_coligacao, dt_geracao, hh_geracao, nr_turno, tp_agremiacao, nm_coligacao, ds_composicao_coligacao, cd_situacao_legenda, ds_situacao, cd_eleicao, sg_ue, cd_cargo, nr_partido) VALUES(230000073836, '2022-06-05', '02:16:30', 1, 'PARTIDO ISOLADO', '#NULO#', 'PSB', 'D', 'DEFERIDO', 426, 3115, 13, 40);
INSERT INTO public.coligacao (sq_coligacao, dt_geracao, hh_geracao, nr_turno, tp_agremiacao, nm_coligacao, ds_composicao_coligacao, cd_situacao_legenda, ds_situacao, cd_eleicao, sg_ue, cd_cargo, nr_partido) VALUES(230000058394, '2022-06-05', '02:16:30', 1, 'PARTIDO ISOLADO', '#NULO#', 'PV', 'D', 'DEFERIDO', 426, 3077, 11, 43);
INSERT INTO public.coligacao (sq_coligacao, dt_geracao, hh_geracao, nr_turno, tp_agremiacao, nm_coligacao, ds_composicao_coligacao, cd_situacao_legenda, ds_situacao, cd_eleicao, sg_ue, cd_cargo, nr_partido) VALUES(230000154214, '2022-06-05', '02:16:30', 1, 'COLIGAÇÃO', 'PARA RORAINÓPOLIS SEGUIR EM FRENTE', 'SOLIDARIEDADE / MDB / PODE / PL / PATRIOTA / PSDB / CIDADANIA / REPUBLICANOS / PROS / PSB / PT', 'D', 'DEFERIDO', 426, 3085, 12, 15);
INSERT INTO public.coligacao (sq_coligacao, dt_geracao, hh_geracao, nr_turno, tp_agremiacao, nm_coligacao, ds_composicao_coligacao, cd_situacao_legenda, ds_situacao, cd_eleicao, sg_ue, cd_cargo, nr_partido) VALUES(230000052433, '2022-06-05', '02:16:30', 1, 'COLIGAÇÃO', 'UNIDOS POR BONFIM', 'REPUBLICANOS / REDE / PL / CIDADANIA / PROS / PRTB', 'D', 'DEFERIDO', 426, 3077, 11, 23);
INSERT INTO public.coligacao (sq_coligacao, dt_geracao, hh_geracao, nr_turno, tp_agremiacao, nm_coligacao, ds_composicao_coligacao, cd_situacao_legenda, ds_situacao, cd_eleicao, sg_ue, cd_cargo, nr_partido) VALUES(230000125246, '2022-06-05', '02:16:30', 1, 'COLIGAÇÃO', 'TRABALHO COM CERTEZA', 'REPUBLICANOS / PT / PL / CIDADANIA', 'D', 'DEFERIDO', 426, 3115, 12, 10);
INSERT INTO public.coligacao (sq_coligacao, dt_geracao, hh_geracao, nr_turno, tp_agremiacao, nm_coligacao, ds_composicao_coligacao, cd_situacao_legenda, ds_situacao, cd_eleicao, sg_ue, cd_cargo, nr_partido) VALUES(230000149976, '2022-06-05', '02:16:30', 1, 'PARTIDO ISOLADO', '#NULO#', 'PSDB', 'D', 'DEFERIDO', 426, 3093, 13, 45);
INSERT INTO public.coligacao (sq_coligacao, dt_geracao, hh_geracao, nr_turno, tp_agremiacao, nm_coligacao, ds_composicao_coligacao, cd_situacao_legenda, ds_situacao, cd_eleicao, sg_ue, cd_cargo, nr_partido) VALUES(230000075905, '2022-06-05', '02:16:30', 1, 'COLIGAÇÃO', 'UNIDOS POR UMA MUCAJAÍ MELHOR', 'PROS / PSDB / REPUBLICANOS', 'D', 'DEFERIDO', 426, 3093, 12, 90);
INSERT INTO public.coligacao (sq_coligacao, dt_geracao, hh_geracao, nr_turno, tp_agremiacao, nm_coligacao, ds_composicao_coligacao, cd_situacao_legenda, ds_situacao, cd_eleicao, sg_ue, cd_cargo, nr_partido) VALUES(230000154239, '2022-06-05', '02:16:30', 1, 'PARTIDO ISOLADO', '#NULO#', 'SOLIDARIEDADE', 'D', 'DEFERIDO', 426, 3085, 13, 77);
INSERT INTO public.coligacao (sq_coligacao, dt_geracao, hh_geracao, nr_turno, tp_agremiacao, nm_coligacao, ds_composicao_coligacao, cd_situacao_legenda, ds_situacao, cd_eleicao, sg_ue, cd_cargo, nr_partido) VALUES(230000097389, '2022-06-05', '02:16:30', 1, 'COLIGAÇÃO', 'UNIDOS POR CARACARAÍ', 'SOLIDARIEDADE / PATRIOTA / PROS / CIDADANIA', 'D', 'DEFERIDO', 426, 3034, 12, 77);
INSERT INTO public.coligacao (sq_coligacao, dt_geracao, hh_geracao, nr_turno, tp_agremiacao, nm_coligacao, ds_composicao_coligacao, cd_situacao_legenda, ds_situacao, cd_eleicao, sg_ue, cd_cargo, nr_partido) VALUES(230000067859, '2022-06-05', '02:16:30', 1, 'COLIGAÇÃO', 'IRACEMA SEM PERSEGUIÇÃO', 'DEM / PL', 'D', 'DEFERIDO', 426, 3026, 11, 25);
INSERT INTO public.coligacao (sq_coligacao, dt_geracao, hh_geracao, nr_turno, tp_agremiacao, nm_coligacao, ds_composicao_coligacao, cd_situacao_legenda, ds_situacao, cd_eleicao, sg_ue, cd_cargo, nr_partido) VALUES(230000061477, '2022-06-05', '02:16:30', 1, 'COLIGAÇÃO', 'O TRABALHO CONTINUA', 'MDB / PMB / AVANTE', 'D', 'DEFERIDO', 426, 3018, 11, 35);
INSERT INTO public.coligacao (sq_coligacao, dt_geracao, hh_geracao, nr_turno, tp_agremiacao, nm_coligacao, ds_composicao_coligacao, cd_situacao_legenda, ds_situacao, cd_eleicao, sg_ue, cd_cargo, nr_partido) VALUES(230000150593, '2022-06-05', '02:16:30', 1, 'COLIGAÇÃO', 'BOA VISTA SEGUE EM FRENTE', 'PSD / PSDB / REPUBLICANOS / DEM', 'D', 'DEFERIDO', 426, 3018, 12, 25);
INSERT INTO public.coligacao (sq_coligacao, dt_geracao, hh_geracao, nr_turno, tp_agremiacao, nm_coligacao, ds_composicao_coligacao, cd_situacao_legenda, ds_situacao, cd_eleicao, sg_ue, cd_cargo, nr_partido) VALUES(230000088986, '2022-06-05', '02:16:30', 1, 'PARTIDO ISOLADO', '#NULO#', 'CIDADANIA', 'D', 'DEFERIDO', 426, 3107, 13, 23);
INSERT INTO public.coligacao (sq_coligacao, dt_geracao, hh_geracao, nr_turno, tp_agremiacao, nm_coligacao, ds_composicao_coligacao, cd_situacao_legenda, ds_situacao, cd_eleicao, sg_ue, cd_cargo, nr_partido) VALUES(230000058375, '2022-06-05', '02:16:30', 1, 'PARTIDO ISOLADO', '#NULO#', 'REPUBLICANOS', 'D', 'DEFERIDO', 426, 3000, 13, 10);
INSERT INTO public.coligacao (sq_coligacao, dt_geracao, hh_geracao, nr_turno, tp_agremiacao, nm_coligacao, ds_composicao_coligacao, cd_situacao_legenda, ds_situacao, cd_eleicao, sg_ue, cd_cargo, nr_partido) VALUES(230000087164, '2022-06-05', '02:16:30', 1, 'PARTIDO ISOLADO', '#NULO#', 'SOLIDARIEDADE', 'D', 'DEFERIDO', 426, 3158, 13, 77);
INSERT INTO public.coligacao (sq_coligacao, dt_geracao, hh_geracao, nr_turno, tp_agremiacao, nm_coligacao, ds_composicao_coligacao, cd_situacao_legenda, ds_situacao, cd_eleicao, sg_ue, cd_cargo, nr_partido) VALUES(230000085874, '2022-06-05', '02:16:30', 1, 'PARTIDO ISOLADO', '#NULO#', 'PSD', 'D', 'DEFERIDO', 426, 3034, 13, 55);
INSERT INTO public.coligacao (sq_coligacao, dt_geracao, hh_geracao, nr_turno, tp_agremiacao, nm_coligacao, ds_composicao_coligacao, cd_situacao_legenda, ds_situacao, cd_eleicao, sg_ue, cd_cargo, nr_partido) VALUES(230000073750, '2022-06-05', '02:16:30', 1, 'PARTIDO ISOLADO', '#NULO#', 'MDB', 'D', 'DEFERIDO', 426, 3050, 13, 15);
INSERT INTO public.coligacao (sq_coligacao, dt_geracao, hh_geracao, nr_turno, tp_agremiacao, nm_coligacao, ds_composicao_coligacao, cd_situacao_legenda, ds_situacao, cd_eleicao, sg_ue, cd_cargo, nr_partido) VALUES(230000070611, '2022-06-05', '02:16:30', 1, 'PARTIDO ISOLADO', '#NULO#', 'PROS', 'D', 'DEFERIDO', 426, 3158, 13, 90);
INSERT INTO public.coligacao (sq_coligacao, dt_geracao, hh_geracao, nr_turno, tp_agremiacao, nm_coligacao, ds_composicao_coligacao, cd_situacao_legenda, ds_situacao, cd_eleicao, sg_ue, cd_cargo, nr_partido) VALUES(230000061467, '2022-06-05', '02:16:30', 1, 'PARTIDO ISOLADO', '#NULO#', 'PSC', 'D', 'DEFERIDO', 426, 3018, 13, 20);
INSERT INTO public.coligacao (sq_coligacao, dt_geracao, hh_geracao, nr_turno, tp_agremiacao, nm_coligacao, ds_composicao_coligacao, cd_situacao_legenda, ds_situacao, cd_eleicao, sg_ue, cd_cargo, nr_partido) VALUES(230000127518, '2022-06-05', '02:16:30', 1, 'PARTIDO ISOLADO', '#NULO#', 'PL', 'D', 'DEFERIDO', 426, 3018, 13, 22);
INSERT INTO public.coligacao (sq_coligacao, dt_geracao, hh_geracao, nr_turno, tp_agremiacao, nm_coligacao, ds_composicao_coligacao, cd_situacao_legenda, ds_situacao, cd_eleicao, sg_ue, cd_cargo, nr_partido) VALUES(230000078498, '2022-06-05', '02:16:30', 1, 'PARTIDO ISOLADO', '#NULO#', 'CIDADANIA', 'D', 'DEFERIDO', 426, 3000, 13, 23);
INSERT INTO public.coligacao (sq_coligacao, dt_geracao, hh_geracao, nr_turno, tp_agremiacao, nm_coligacao, ds_composicao_coligacao, cd_situacao_legenda, ds_situacao, cd_eleicao, sg_ue, cd_cargo, nr_partido) VALUES(230000089470, '2022-06-05', '02:16:30', 1, 'COLIGAÇÃO', 'O CANTÁ NÃO PODE PARAR', 'PC do B / PROS / AVANTE / PODE / REDE', 'D', 'DEFERIDO', 426, 3069, 11, 18);
INSERT INTO public.coligacao (sq_coligacao, dt_geracao, hh_geracao, nr_turno, tp_agremiacao, nm_coligacao, ds_composicao_coligacao, cd_situacao_legenda, ds_situacao, cd_eleicao, sg_ue, cd_cargo, nr_partido) VALUES(230000094959, '2022-06-05', '02:16:30', 1, 'PARTIDO ISOLADO', '#NULO#', 'PV', 'D', 'DEFERIDO', 426, 3042, 11, 43);
INSERT INTO public.coligacao (sq_coligacao, dt_geracao, hh_geracao, nr_turno, tp_agremiacao, nm_coligacao, ds_composicao_coligacao, cd_situacao_legenda, ds_situacao, cd_eleicao, sg_ue, cd_cargo, nr_partido) VALUES(230000073925, '2022-06-05', '02:16:30', 1, 'COLIGAÇÃO', 'CANTA SOLIDARIO', 'PTB / SOLIDARIEDADE / PSB', 'D', 'DEFERIDO', 426, 3069, 11, 77);
INSERT INTO public.coligacao (sq_coligacao, dt_geracao, hh_geracao, nr_turno, tp_agremiacao, nm_coligacao, ds_composicao_coligacao, cd_situacao_legenda, ds_situacao, cd_eleicao, sg_ue, cd_cargo, nr_partido) VALUES(230000127416, '2022-06-05', '02:16:30', 1, 'PARTIDO ISOLADO', '#NULO#', 'PT', 'D', 'DEFERIDO', 426, 3018, 13, 13);
INSERT INTO public.coligacao (sq_coligacao, dt_geracao, hh_geracao, nr_turno, tp_agremiacao, nm_coligacao, ds_composicao_coligacao, cd_situacao_legenda, ds_situacao, cd_eleicao, sg_ue, cd_cargo, nr_partido) VALUES(230000149857, '2022-06-05', '02:16:30', 1, 'PARTIDO ISOLADO', '#NULO#', 'PSDB', 'D', 'DEFERIDO', 426, 3123, 13, 45);
INSERT INTO public.coligacao (sq_coligacao, dt_geracao, hh_geracao, nr_turno, tp_agremiacao, nm_coligacao, ds_composicao_coligacao, cd_situacao_legenda, ds_situacao, cd_eleicao, sg_ue, cd_cargo, nr_partido) VALUES(230000076300, '2022-06-05', '02:16:30', 1, 'COLIGAÇÃO', 'CAROEBE TEM JEITO', 'PSD / PSB', 'D', 'DEFERIDO', 426, 3000, 11, 40);
INSERT INTO public.coligacao (sq_coligacao, dt_geracao, hh_geracao, nr_turno, tp_agremiacao, nm_coligacao, ds_composicao_coligacao, cd_situacao_legenda, ds_situacao, cd_eleicao, sg_ue, cd_cargo, nr_partido) VALUES(230000149019, '2022-06-05', '02:16:30', 1, 'PARTIDO ISOLADO', '#NULO#', 'PCO', 'IR', 'INDEFERIDO COM RECURSO', 426, 3018, 12, 29);
INSERT INTO public.coligacao (sq_coligacao, dt_geracao, hh_geracao, nr_turno, tp_agremiacao, nm_coligacao, ds_composicao_coligacao, cd_situacao_legenda, ds_situacao, cd_eleicao, sg_ue, cd_cargo, nr_partido) VALUES(230000058440, '2022-06-05', '02:16:30', 1, 'COLIGAÇÃO', 'CONSTRUINDO COM AMOR O BALIZA QUE QUEREMOS', 'SOLIDARIEDADE / DC / PT', 'D', 'DEFERIDO', 426, 3131, 12, 13);
INSERT INTO public.coligacao (sq_coligacao, dt_geracao, hh_geracao, nr_turno, tp_agremiacao, nm_coligacao, ds_composicao_coligacao, cd_situacao_legenda, ds_situacao, cd_eleicao, sg_ue, cd_cargo, nr_partido) VALUES(230000058269, '2022-06-05', '02:16:30', 1, 'PARTIDO ISOLADO', '#NULO#', 'PROS', 'D', 'DEFERIDO', 426, 3077, 13, 90);
INSERT INTO public.coligacao (sq_coligacao, dt_geracao, hh_geracao, nr_turno, tp_agremiacao, nm_coligacao, ds_composicao_coligacao, cd_situacao_legenda, ds_situacao, cd_eleicao, sg_ue, cd_cargo, nr_partido) VALUES(230000094958, '2022-06-05', '02:16:30', 1, 'PARTIDO ISOLADO', '#NULO#', 'PV', 'D', 'DEFERIDO', 426, 3042, 13, 43);
INSERT INTO public.coligacao (sq_coligacao, dt_geracao, hh_geracao, nr_turno, tp_agremiacao, nm_coligacao, ds_composicao_coligacao, cd_situacao_legenda, ds_situacao, cd_eleicao, sg_ue, cd_cargo, nr_partido) VALUES(230000067831, '2022-06-05', '02:16:30', 1, 'PARTIDO ISOLADO', '#NULO#', 'REPUBLICANOS', 'D', 'DEFERIDO', 426, 3026, 13, 10);
INSERT INTO public.coligacao (sq_coligacao, dt_geracao, hh_geracao, nr_turno, tp_agremiacao, nm_coligacao, ds_composicao_coligacao, cd_situacao_legenda, ds_situacao, cd_eleicao, sg_ue, cd_cargo, nr_partido) VALUES(230000087099, '2022-06-05', '02:16:30', 1, 'PARTIDO ISOLADO', '#NULO#', 'MDB', 'D', 'DEFERIDO', 426, 3158, 13, 15);
INSERT INTO public.coligacao (sq_coligacao, dt_geracao, hh_geracao, nr_turno, tp_agremiacao, nm_coligacao, ds_composicao_coligacao, cd_situacao_legenda, ds_situacao, cd_eleicao, sg_ue, cd_cargo, nr_partido) VALUES(230000069828, '2022-06-05', '02:16:30', 1, 'PARTIDO ISOLADO', '#NULO#', 'REDE', 'D', 'DEFERIDO', 426, 3069, 13, 18);
INSERT INTO public.coligacao (sq_coligacao, dt_geracao, hh_geracao, nr_turno, tp_agremiacao, nm_coligacao, ds_composicao_coligacao, cd_situacao_legenda, ds_situacao, cd_eleicao, sg_ue, cd_cargo, nr_partido) VALUES(230000106925, '2022-06-05', '02:16:30', 1, 'COLIGAÇÃO', 'FUTURO E OPORTUNIDADE', 'PMB / PV / PSDB', 'D', 'DEFERIDO', 426, 3115, 11, 35);
INSERT INTO public.coligacao (sq_coligacao, dt_geracao, hh_geracao, nr_turno, tp_agremiacao, nm_coligacao, ds_composicao_coligacao, cd_situacao_legenda, ds_situacao, cd_eleicao, sg_ue, cd_cargo, nr_partido) VALUES(230000099070, '2022-06-05', '02:16:30', 1, 'COLIGAÇÃO', 'PARA CAROEBE CONTINUAR AVANÇANDO', 'SOLIDARIEDADE / MDB', 'D', 'DEFERIDO', 426, 3000, 12, 15);
INSERT INTO public.coligacao (sq_coligacao, dt_geracao, hh_geracao, nr_turno, tp_agremiacao, nm_coligacao, ds_composicao_coligacao, cd_situacao_legenda, ds_situacao, cd_eleicao, sg_ue, cd_cargo, nr_partido) VALUES(230000106776, '2022-06-05', '02:16:30', 1, 'PARTIDO ISOLADO', '#NULO#', 'PSDB', 'D', 'DEFERIDO', 426, 3069, 13, 45);
INSERT INTO public.coligacao (sq_coligacao, dt_geracao, hh_geracao, nr_turno, tp_agremiacao, nm_coligacao, ds_composicao_coligacao, cd_situacao_legenda, ds_situacao, cd_eleicao, sg_ue, cd_cargo, nr_partido) VALUES(230000073845, '2022-06-05', '02:16:30', 1, 'COLIGAÇÃO', 'União Por Uiramutã', 'REDE / PROS', 'D', 'DEFERIDO', 426, 3107, 11, 90);
INSERT INTO public.coligacao (sq_coligacao, dt_geracao, hh_geracao, nr_turno, tp_agremiacao, nm_coligacao, ds_composicao_coligacao, cd_situacao_legenda, ds_situacao, cd_eleicao, sg_ue, cd_cargo, nr_partido) VALUES(230000125326, '2022-06-05', '02:16:30', 1, 'COLIGAÇÃO', 'POR UMA NORMANDIA IGUALITÁRIA E PROMISSORA', 'PSD / REDE', 'D', 'DEFERIDO', 426, 3115, 11, 55);
INSERT INTO public.coligacao (sq_coligacao, dt_geracao, hh_geracao, nr_turno, tp_agremiacao, nm_coligacao, ds_composicao_coligacao, cd_situacao_legenda, ds_situacao, cd_eleicao, sg_ue, cd_cargo, nr_partido) VALUES(230000067851, '2022-06-05', '02:16:30', 1, 'COLIGAÇÃO', 'União e Fé', 'PSB / PSC / PSD', 'D', 'DEFERIDO', 426, 3077, 11, 55);
INSERT INTO public.coligacao (sq_coligacao, dt_geracao, hh_geracao, nr_turno, tp_agremiacao, nm_coligacao, ds_composicao_coligacao, cd_situacao_legenda, ds_situacao, cd_eleicao, sg_ue, cd_cargo, nr_partido) VALUES(230000067858, '2022-06-05', '02:16:30', 1, 'COLIGAÇÃO', 'UNIDOS POR NORMANDIA', 'PRTB / AVANTE', 'D', 'DEFERIDO', 426, 3115, 11, 70);
INSERT INTO public.coligacao (sq_coligacao, dt_geracao, hh_geracao, nr_turno, tp_agremiacao, nm_coligacao, ds_composicao_coligacao, cd_situacao_legenda, ds_situacao, cd_eleicao, sg_ue, cd_cargo, nr_partido) VALUES(230000147775, '2022-06-05', '02:16:30', 1, 'PARTIDO ISOLADO', '#NULO#', 'PODE', 'D', 'DEFERIDO', 426, 3085, 13, 19);
INSERT INTO public.coligacao (sq_coligacao, dt_geracao, hh_geracao, nr_turno, tp_agremiacao, nm_coligacao, ds_composicao_coligacao, cd_situacao_legenda, ds_situacao, cd_eleicao, sg_ue, cd_cargo, nr_partido) VALUES(230000051635, '2022-06-05', '02:16:30', 1, 'PARTIDO ISOLADO', '#NULO#', 'PSL', 'D', 'DEFERIDO', 426, 3018, 13, 17);
INSERT INTO public.coligacao (sq_coligacao, dt_geracao, hh_geracao, nr_turno, tp_agremiacao, nm_coligacao, ds_composicao_coligacao, cd_situacao_legenda, ds_situacao, cd_eleicao, sg_ue, cd_cargo, nr_partido) VALUES(230000149076, '2022-06-05', '02:16:30', 1, 'PARTIDO ISOLADO', '#NULO#', 'PSDB', 'D', 'DEFERIDO', 426, 3018, 13, 45);
INSERT INTO public.coligacao (sq_coligacao, dt_geracao, hh_geracao, nr_turno, tp_agremiacao, nm_coligacao, ds_composicao_coligacao, cd_situacao_legenda, ds_situacao, cd_eleicao, sg_ue, cd_cargo, nr_partido) VALUES(230000149864, '2022-06-05', '02:16:30', 1, 'PARTIDO ISOLADO', '#NULO#', 'SOLIDARIEDADE', 'D', 'DEFERIDO', 426, 3107, 13, 77);
INSERT INTO public.coligacao (sq_coligacao, dt_geracao, hh_geracao, nr_turno, tp_agremiacao, nm_coligacao, ds_composicao_coligacao, cd_situacao_legenda, ds_situacao, cd_eleicao, sg_ue, cd_cargo, nr_partido) VALUES(230000080056, '2022-06-05', '02:16:30', 1, 'PARTIDO ISOLADO', '#NULO#', 'REPUBLICANOS', 'D', 'DEFERIDO', 426, 3093, 13, 10);
INSERT INTO public.coligacao (sq_coligacao, dt_geracao, hh_geracao, nr_turno, tp_agremiacao, nm_coligacao, ds_composicao_coligacao, cd_situacao_legenda, ds_situacao, cd_eleicao, sg_ue, cd_cargo, nr_partido) VALUES(230000126415, '2022-06-05', '02:16:30', 1, 'PARTIDO ISOLADO', '#NULO#', 'PSC', 'D', 'DEFERIDO', 426, 3131, 11, 20);
INSERT INTO public.coligacao (sq_coligacao, dt_geracao, hh_geracao, nr_turno, tp_agremiacao, nm_coligacao, ds_composicao_coligacao, cd_situacao_legenda, ds_situacao, cd_eleicao, sg_ue, cd_cargo, nr_partido) VALUES(230000127735, '2022-06-05', '02:16:30', 1, 'PARTIDO ISOLADO', '#NULO#', 'PSD', 'D', 'DEFERIDO', 426, 3018, 13, 55);
INSERT INTO public.coligacao (sq_coligacao, dt_geracao, hh_geracao, nr_turno, tp_agremiacao, nm_coligacao, ds_composicao_coligacao, cd_situacao_legenda, ds_situacao, cd_eleicao, sg_ue, cd_cargo, nr_partido) VALUES(230000089028, '2022-06-05', '02:16:30', 1, 'PARTIDO ISOLADO', '#NULO#', 'PRTB', 'D', 'DEFERIDO', 426, 3018, 13, 28);
INSERT INTO public.coligacao (sq_coligacao, dt_geracao, hh_geracao, nr_turno, tp_agremiacao, nm_coligacao, ds_composicao_coligacao, cd_situacao_legenda, ds_situacao, cd_eleicao, sg_ue, cd_cargo, nr_partido) VALUES(230000059807, '2022-06-05', '02:16:30', 1, 'PARTIDO ISOLADO', '#NULO#', 'PV', 'D', 'DEFERIDO', 426, 3115, 13, 43);
INSERT INTO public.coligacao (sq_coligacao, dt_geracao, hh_geracao, nr_turno, tp_agremiacao, nm_coligacao, ds_composicao_coligacao, cd_situacao_legenda, ds_situacao, cd_eleicao, sg_ue, cd_cargo, nr_partido) VALUES(230000069119, '2022-06-05', '02:16:30', 1, 'COLIGAÇÃO', 'POR UMA IRACEMA MELHOR', 'PROS / PATRIOTA', 'D', 'DEFERIDO', 426, 3026, 11, 51);
INSERT INTO public.coligacao (sq_coligacao, dt_geracao, hh_geracao, nr_turno, tp_agremiacao, nm_coligacao, ds_composicao_coligacao, cd_situacao_legenda, ds_situacao, cd_eleicao, sg_ue, cd_cargo, nr_partido) VALUES(230000087683, '2022-06-05', '02:16:30', 1, 'PARTIDO ISOLADO', '#NULO#', 'MDB', 'D', 'DEFERIDO', 426, 3018, 13, 15);
INSERT INTO public.coligacao (sq_coligacao, dt_geracao, hh_geracao, nr_turno, tp_agremiacao, nm_coligacao, ds_composicao_coligacao, cd_situacao_legenda, ds_situacao, cd_eleicao, sg_ue, cd_cargo, nr_partido) VALUES(230000088887, '2022-06-05', '02:16:30', 1, 'PARTIDO ISOLADO', '#NULO#', 'REDE', 'D', 'DEFERIDO', 426, 3018, 13, 18);
INSERT INTO public.coligacao (sq_coligacao, dt_geracao, hh_geracao, nr_turno, tp_agremiacao, nm_coligacao, ds_composicao_coligacao, cd_situacao_legenda, ds_situacao, cd_eleicao, sg_ue, cd_cargo, nr_partido) VALUES(230000149805, '2022-06-05', '02:16:30', 1, 'PARTIDO ISOLADO', '#NULO#', 'PL', 'D', 'DEFERIDO', 426, 3042, 13, 22);
INSERT INTO public.coligacao (sq_coligacao, dt_geracao, hh_geracao, nr_turno, tp_agremiacao, nm_coligacao, ds_composicao_coligacao, cd_situacao_legenda, ds_situacao, cd_eleicao, sg_ue, cd_cargo, nr_partido) VALUES(230000088971, '2022-06-05', '02:16:30', 1, 'PARTIDO ISOLADO', '#NULO#', 'DEM', 'D', 'DEFERIDO', 426, 3018, 13, 25);
INSERT INTO public.coligacao (sq_coligacao, dt_geracao, hh_geracao, nr_turno, tp_agremiacao, nm_coligacao, ds_composicao_coligacao, cd_situacao_legenda, ds_situacao, cd_eleicao, sg_ue, cd_cargo, nr_partido) VALUES(230000093375, '2022-06-05', '02:16:30', 1, 'COLIGAÇÃO', 'UNIDOS POR UM ALTO ALEGRE MELHOR', 'REPUBLICANOS / CIDADANIA', 'D', 'DEFERIDO', 426, 3050, 12, 10);
INSERT INTO public.coligacao (sq_coligacao, dt_geracao, hh_geracao, nr_turno, tp_agremiacao, nm_coligacao, ds_composicao_coligacao, cd_situacao_legenda, ds_situacao, cd_eleicao, sg_ue, cd_cargo, nr_partido) VALUES(230000086071, '2022-06-05', '02:16:30', 1, 'PARTIDO ISOLADO', '#NULO#', 'PROS', 'D', 'DEFERIDO', 426, 3093, 13, 90);
INSERT INTO public.coligacao (sq_coligacao, dt_geracao, hh_geracao, nr_turno, tp_agremiacao, nm_coligacao, ds_composicao_coligacao, cd_situacao_legenda, ds_situacao, cd_eleicao, sg_ue, cd_cargo, nr_partido) VALUES(230000070710, '2022-06-05', '02:16:30', 1, 'PARTIDO ISOLADO', '#NULO#', 'REDE', 'D', 'DEFERIDO', 426, 3107, 13, 18);
INSERT INTO public.coligacao (sq_coligacao, dt_geracao, hh_geracao, nr_turno, tp_agremiacao, nm_coligacao, ds_composicao_coligacao, cd_situacao_legenda, ds_situacao, cd_eleicao, sg_ue, cd_cargo, nr_partido) VALUES(230000058393, '2022-06-05', '02:16:30', 1, 'PARTIDO ISOLADO', '#NULO#', 'REPUBLICANOS', 'D', 'DEFERIDO', 426, 3077, 13, 10);
INSERT INTO public.coligacao (sq_coligacao, dt_geracao, hh_geracao, nr_turno, tp_agremiacao, nm_coligacao, ds_composicao_coligacao, cd_situacao_legenda, ds_situacao, cd_eleicao, sg_ue, cd_cargo, nr_partido) VALUES(230000106921, '2022-06-05', '02:16:30', 1, 'PARTIDO ISOLADO', '#NULO#', 'SOLIDARIEDADE', 'D', 'DEFERIDO', 426, 3115, 13, 77);
INSERT INTO public.coligacao (sq_coligacao, dt_geracao, hh_geracao, nr_turno, tp_agremiacao, nm_coligacao, ds_composicao_coligacao, cd_situacao_legenda, ds_situacao, cd_eleicao, sg_ue, cd_cargo, nr_partido) VALUES(230000068370, '2022-06-05', '02:16:30', 1, 'PARTIDO ISOLADO', '#NULO#', 'PSB', 'D', 'DEFERIDO', 426, 3034, 12, 40);
INSERT INTO public.coligacao (sq_coligacao, dt_geracao, hh_geracao, nr_turno, tp_agremiacao, nm_coligacao, ds_composicao_coligacao, cd_situacao_legenda, ds_situacao, cd_eleicao, sg_ue, cd_cargo, nr_partido) VALUES(230000067880, '2022-06-05', '02:16:30', 1, 'PARTIDO ISOLADO', '#NULO#', 'SOLIDARIEDADE', 'D', 'DEFERIDO', 426, 3026, 13, 77);
INSERT INTO public.coligacao (sq_coligacao, dt_geracao, hh_geracao, nr_turno, tp_agremiacao, nm_coligacao, ds_composicao_coligacao, cd_situacao_legenda, ds_situacao, cd_eleicao, sg_ue, cd_cargo, nr_partido) VALUES(230000089159, '2022-06-05', '02:16:30', 1, 'PARTIDO ISOLADO', '#NULO#', 'SOLIDARIEDADE', 'D', 'DEFERIDO', 426, 3018, 13, 77);
INSERT INTO public.coligacao (sq_coligacao, dt_geracao, hh_geracao, nr_turno, tp_agremiacao, nm_coligacao, ds_composicao_coligacao, cd_situacao_legenda, ds_situacao, cd_eleicao, sg_ue, cd_cargo, nr_partido) VALUES(230000149663, '2022-06-05', '02:16:30', 1, 'PARTIDO ISOLADO', '#NULO#', 'REPUBLICANOS', 'D', 'DEFERIDO', 426, 3042, 12, 10);
INSERT INTO public.coligacao (sq_coligacao, dt_geracao, hh_geracao, nr_turno, tp_agremiacao, nm_coligacao, ds_composicao_coligacao, cd_situacao_legenda, ds_situacao, cd_eleicao, sg_ue, cd_cargo, nr_partido) VALUES(230000073937, '2022-06-05', '02:16:30', 1, 'PARTIDO ISOLADO', '#NULO#', 'PSB', 'D', 'DEFERIDO', 426, 3115, 12, 40);
INSERT INTO public.coligacao (sq_coligacao, dt_geracao, hh_geracao, nr_turno, tp_agremiacao, nm_coligacao, ds_composicao_coligacao, cd_situacao_legenda, ds_situacao, cd_eleicao, sg_ue, cd_cargo, nr_partido) VALUES(230000126863, '2022-06-05', '02:16:30', 1, 'PARTIDO ISOLADO', '#NULO#', 'PSDB', 'D', 'DEFERIDO', 426, 3115, 13, 45);
INSERT INTO public.coligacao (sq_coligacao, dt_geracao, hh_geracao, nr_turno, tp_agremiacao, nm_coligacao, ds_composicao_coligacao, cd_situacao_legenda, ds_situacao, cd_eleicao, sg_ue, cd_cargo, nr_partido) VALUES(230000057250, '2022-06-05', '02:16:30', 1, 'PARTIDO ISOLADO', '#NULO#', 'MDB', 'D', 'DEFERIDO', 426, 3093, 13, 15);
INSERT INTO public.coligacao (sq_coligacao, dt_geracao, hh_geracao, nr_turno, tp_agremiacao, nm_coligacao, ds_composicao_coligacao, cd_situacao_legenda, ds_situacao, cd_eleicao, sg_ue, cd_cargo, nr_partido) VALUES(230000094886, '2022-06-05', '02:16:30', 1, 'PARTIDO ISOLADO', '#NULO#', 'PV', 'D', 'DEFERIDO', 426, 3123, 13, 43);
INSERT INTO public.coligacao (sq_coligacao, dt_geracao, hh_geracao, nr_turno, tp_agremiacao, nm_coligacao, ds_composicao_coligacao, cd_situacao_legenda, ds_situacao, cd_eleicao, sg_ue, cd_cargo, nr_partido) VALUES(230000076413, '2022-06-05', '02:16:30', 1, 'PARTIDO ISOLADO', '#NULO#', 'PV', 'D', 'DEFERIDO', 426, 3085, 13, 43);
INSERT INTO public.coligacao (sq_coligacao, dt_geracao, hh_geracao, nr_turno, tp_agremiacao, nm_coligacao, ds_composicao_coligacao, cd_situacao_legenda, ds_situacao, cd_eleicao, sg_ue, cd_cargo, nr_partido) VALUES(230000088518, '2022-06-05', '02:16:30', 1, 'COLIGAÇÃO', 'UNINDO FORÇAS POR CARACARAÍ', 'PSD / MDB', 'D', 'DEFERIDO', 426, 3034, 11, 55);
INSERT INTO public.coligacao (sq_coligacao, dt_geracao, hh_geracao, nr_turno, tp_agremiacao, nm_coligacao, ds_composicao_coligacao, cd_situacao_legenda, ds_situacao, cd_eleicao, sg_ue, cd_cargo, nr_partido) VALUES(230000078495, '2022-06-05', '02:16:30', 1, 'PARTIDO ISOLADO', '#NULO#', 'PROS', 'D', 'DEFERIDO', 426, 3000, 13, 90);
INSERT INTO public.coligacao (sq_coligacao, dt_geracao, hh_geracao, nr_turno, tp_agremiacao, nm_coligacao, ds_composicao_coligacao, cd_situacao_legenda, ds_situacao, cd_eleicao, sg_ue, cd_cargo, nr_partido) VALUES(230000089101, '2022-06-05', '02:16:30', 1, 'PARTIDO ISOLADO', '#NULO#', 'AVANTE', 'D', 'DEFERIDO', 426, 3018, 13, 70);
INSERT INTO public.coligacao (sq_coligacao, dt_geracao, hh_geracao, nr_turno, tp_agremiacao, nm_coligacao, ds_composicao_coligacao, cd_situacao_legenda, ds_situacao, cd_eleicao, sg_ue, cd_cargo, nr_partido) VALUES(230000128671, '2022-06-05', '02:16:30', 1, 'PARTIDO ISOLADO', '#NULO#', 'PSB', 'D', 'DEFERIDO', 426, 3085, 13, 40);
INSERT INTO public.coligacao (sq_coligacao, dt_geracao, hh_geracao, nr_turno, tp_agremiacao, nm_coligacao, ds_composicao_coligacao, cd_situacao_legenda, ds_situacao, cd_eleicao, sg_ue, cd_cargo, nr_partido) VALUES(230000076281, '2022-06-05', '02:16:30', 1, 'PARTIDO ISOLADO', '#NULO#', 'CIDADANIA', 'D', 'DEFERIDO', 426, 3123, 13, 23);
INSERT INTO public.coligacao (sq_coligacao, dt_geracao, hh_geracao, nr_turno, tp_agremiacao, nm_coligacao, ds_composicao_coligacao, cd_situacao_legenda, ds_situacao, cd_eleicao, sg_ue, cd_cargo, nr_partido) VALUES(230000060557, '2022-06-05', '02:16:30', 1, 'COLIGAÇÃO', 'IRACEMA SEM PARAR', 'REPUBLICANOS / SOLIDARIEDADE / PP / MDB', 'D', 'DEFERIDO', 426, 3026, 12, 11);
INSERT INTO public.coligacao (sq_coligacao, dt_geracao, hh_geracao, nr_turno, tp_agremiacao, nm_coligacao, ds_composicao_coligacao, cd_situacao_legenda, ds_situacao, cd_eleicao, sg_ue, cd_cargo, nr_partido) VALUES(230000127982, '2022-06-05', '02:16:30', 1, 'PARTIDO ISOLADO', '#NULO#', 'PSB', 'D', 'DEFERIDO', 426, 3018, 13, 40);
INSERT INTO public.coligacao (sq_coligacao, dt_geracao, hh_geracao, nr_turno, tp_agremiacao, nm_coligacao, ds_composicao_coligacao, cd_situacao_legenda, ds_situacao, cd_eleicao, sg_ue, cd_cargo, nr_partido) VALUES(230000106126, '2022-06-05', '02:16:30', 1, 'PARTIDO ISOLADO', '#NULO#', 'MDB', 'D', 'DEFERIDO', 426, 3085, 13, 15);
INSERT INTO public.coligacao (sq_coligacao, dt_geracao, hh_geracao, nr_turno, tp_agremiacao, nm_coligacao, ds_composicao_coligacao, cd_situacao_legenda, ds_situacao, cd_eleicao, sg_ue, cd_cargo, nr_partido) VALUES(230000149984, '2022-06-05', '02:16:30', 1, 'PARTIDO ISOLADO', '#NULO#', 'PROS', 'D', 'DEFERIDO', 426, 3123, 12, 90);
INSERT INTO public.coligacao (sq_coligacao, dt_geracao, hh_geracao, nr_turno, tp_agremiacao, nm_coligacao, ds_composicao_coligacao, cd_situacao_legenda, ds_situacao, cd_eleicao, sg_ue, cd_cargo, nr_partido) VALUES(230000127882, '2022-06-05', '02:16:30', 1, 'PARTIDO ISOLADO', '#NULO#', 'CIDADANIA', 'D', 'DEFERIDO', 426, 3050, 13, 23);
INSERT INTO public.coligacao (sq_coligacao, dt_geracao, hh_geracao, nr_turno, tp_agremiacao, nm_coligacao, ds_composicao_coligacao, cd_situacao_legenda, ds_situacao, cd_eleicao, sg_ue, cd_cargo, nr_partido) VALUES(230000089085, '2022-06-05', '02:16:30', 1, 'PARTIDO ISOLADO', '#NULO#', 'PATRIOTA', 'D', 'DEFERIDO', 426, 3018, 13, 51);
INSERT INTO public.coligacao (sq_coligacao, dt_geracao, hh_geracao, nr_turno, tp_agremiacao, nm_coligacao, ds_composicao_coligacao, cd_situacao_legenda, ds_situacao, cd_eleicao, sg_ue, cd_cargo, nr_partido) VALUES(230000113740, '2022-06-05', '02:16:30', 1, 'PARTIDO ISOLADO', '#NULO#', 'REPUBLICANOS', 'D', 'DEFERIDO', 426, 3107, 12, 10);
INSERT INTO public.coligacao (sq_coligacao, dt_geracao, hh_geracao, nr_turno, tp_agremiacao, nm_coligacao, ds_composicao_coligacao, cd_situacao_legenda, ds_situacao, cd_eleicao, sg_ue, cd_cargo, nr_partido) VALUES(230000079263, '2022-06-05', '02:16:30', 1, 'COLIGAÇÃO', 'São Luiz mais Feliz', 'CIDADANIA / PROS / DEM', 'D', 'DEFERIDO', 426, 3158, 11, 25);
INSERT INTO public.coligacao (sq_coligacao, dt_geracao, hh_geracao, nr_turno, tp_agremiacao, nm_coligacao, ds_composicao_coligacao, cd_situacao_legenda, ds_situacao, cd_eleicao, sg_ue, cd_cargo, nr_partido) VALUES(230000093315, '2022-06-05', '02:16:30', 1, 'PARTIDO ISOLADO', '#NULO#', 'REDE', 'D', 'DEFERIDO', 426, 3050, 13, 18);
INSERT INTO public.coligacao (sq_coligacao, dt_geracao, hh_geracao, nr_turno, tp_agremiacao, nm_coligacao, ds_composicao_coligacao, cd_situacao_legenda, ds_situacao, cd_eleicao, sg_ue, cd_cargo, nr_partido) VALUES(230000076746, '2022-06-05', '02:16:30', 1, 'PARTIDO ISOLADO', '#NULO#', 'PTB', 'D', 'DEFERIDO', 426, 3018, 13, 14);
INSERT INTO public.coligacao (sq_coligacao, dt_geracao, hh_geracao, nr_turno, tp_agremiacao, nm_coligacao, ds_composicao_coligacao, cd_situacao_legenda, ds_situacao, cd_eleicao, sg_ue, cd_cargo, nr_partido) VALUES(230000057268, '2022-06-05', '02:16:30', 1, 'PARTIDO ISOLADO', '#NULO#', 'SOLIDARIEDADE', 'D', 'DEFERIDO', 426, 3093, 13, 77);
INSERT INTO public.coligacao (sq_coligacao, dt_geracao, hh_geracao, nr_turno, tp_agremiacao, nm_coligacao, ds_composicao_coligacao, cd_situacao_legenda, ds_situacao, cd_eleicao, sg_ue, cd_cargo, nr_partido) VALUES(230000154912, '2022-06-05', '02:16:30', 1, 'PARTIDO ISOLADO', '#NULO#', 'PMN', 'D', 'DEFERIDO', 426, 3018, 13, 33);
INSERT INTO public.coligacao (sq_coligacao, dt_geracao, hh_geracao, nr_turno, tp_agremiacao, nm_coligacao, ds_composicao_coligacao, cd_situacao_legenda, ds_situacao, cd_eleicao, sg_ue, cd_cargo, nr_partido) VALUES(230000091567, '2022-06-05', '02:16:30', 1, 'PARTIDO ISOLADO', '#NULO#', 'MDB', 'D', 'DEFERIDO', 426, 3069, 13, 15);
INSERT INTO public.coligacao (sq_coligacao, dt_geracao, hh_geracao, nr_turno, tp_agremiacao, nm_coligacao, ds_composicao_coligacao, cd_situacao_legenda, ds_situacao, cd_eleicao, sg_ue, cd_cargo, nr_partido) VALUES(230000113770, '2022-06-05', '02:16:30', 1, 'COLIGAÇÃO', 'AMAJARÍ PODE MAIS', 'SOLIDARIEDADE / CIDADANIA', 'D', 'DEFERIDO', 426, 3042, 11, 23);
INSERT INTO public.coligacao (sq_coligacao, dt_geracao, hh_geracao, nr_turno, tp_agremiacao, nm_coligacao, ds_composicao_coligacao, cd_situacao_legenda, ds_situacao, cd_eleicao, sg_ue, cd_cargo, nr_partido) VALUES(230000088960, '2022-06-05', '02:16:30', 1, 'PARTIDO ISOLADO', '#NULO#', 'PODE', 'D', 'DEFERIDO', 426, 3018, 13, 19);
INSERT INTO public.coligacao (sq_coligacao, dt_geracao, hh_geracao, nr_turno, tp_agremiacao, nm_coligacao, ds_composicao_coligacao, cd_situacao_legenda, ds_situacao, cd_eleicao, sg_ue, cd_cargo, nr_partido) VALUES(230000087273, '2022-06-05', '02:16:30', 1, 'PARTIDO ISOLADO', '#NULO#', 'SOLIDARIEDADE', 'D', 'DEFERIDO', 426, 3115, 11, 77);
INSERT INTO public.coligacao (sq_coligacao, dt_geracao, hh_geracao, nr_turno, tp_agremiacao, nm_coligacao, ds_composicao_coligacao, cd_situacao_legenda, ds_situacao, cd_eleicao, sg_ue, cd_cargo, nr_partido) VALUES(230000075370, '2022-06-05', '02:16:30', 1, 'PARTIDO ISOLADO', '#NULO#', 'PV', 'D', 'DEFERIDO', 426, 3085, 12, 43);
INSERT INTO public.coligacao (sq_coligacao, dt_geracao, hh_geracao, nr_turno, tp_agremiacao, nm_coligacao, ds_composicao_coligacao, cd_situacao_legenda, ds_situacao, cd_eleicao, sg_ue, cd_cargo, nr_partido) VALUES(230000109240, '2022-06-05', '02:16:30', 1, 'PARTIDO ISOLADO', '#NULO#', 'PROS', 'D', 'DEFERIDO', 426, 3050, 13, 90);
INSERT INTO public.coligacao (sq_coligacao, dt_geracao, hh_geracao, nr_turno, tp_agremiacao, nm_coligacao, ds_composicao_coligacao, cd_situacao_legenda, ds_situacao, cd_eleicao, sg_ue, cd_cargo, nr_partido) VALUES(230000060547, '2022-06-05', '02:16:30', 1, 'PARTIDO ISOLADO', '#NULO#', 'PV', 'D', 'DEFERIDO', 426, 3093, 11, 43);
INSERT INTO public.coligacao (sq_coligacao, dt_geracao, hh_geracao, nr_turno, tp_agremiacao, nm_coligacao, ds_composicao_coligacao, cd_situacao_legenda, ds_situacao, cd_eleicao, sg_ue, cd_cargo, nr_partido) VALUES(230000154908, '2022-06-05', '02:16:30', 1, 'PARTIDO ISOLADO', '#NULO#', 'PMN', 'D', 'DEFERIDO', 426, 3018, 12, 33);
INSERT INTO public.coligacao (sq_coligacao, dt_geracao, hh_geracao, nr_turno, tp_agremiacao, nm_coligacao, ds_composicao_coligacao, cd_situacao_legenda, ds_situacao, cd_eleicao, sg_ue, cd_cargo, nr_partido) VALUES(230000075678, '2022-06-05', '02:16:30', 1, 'PARTIDO ISOLADO', '#NULO#', 'PDT', 'D', 'DEFERIDO', 426, 3018, 13, 12);
INSERT INTO public.coligacao (sq_coligacao, dt_geracao, hh_geracao, nr_turno, tp_agremiacao, nm_coligacao, ds_composicao_coligacao, cd_situacao_legenda, ds_situacao, cd_eleicao, sg_ue, cd_cargo, nr_partido) VALUES(230000069118, '2022-06-05', '02:16:30', 1, 'PARTIDO ISOLADO', '#NULO#', 'PROS', 'D', 'DEFERIDO', 426, 3026, 13, 90);
INSERT INTO public.coligacao (sq_coligacao, dt_geracao, hh_geracao, nr_turno, tp_agremiacao, nm_coligacao, ds_composicao_coligacao, cd_situacao_legenda, ds_situacao, cd_eleicao, sg_ue, cd_cargo, nr_partido) VALUES(230000148705, '2022-06-05', '02:16:30', 1, 'PARTIDO ISOLADO', '#NULO#', 'PSDB', 'D', 'DEFERIDO', 426, 3034, 13, 45);
INSERT INTO public.coligacao (sq_coligacao, dt_geracao, hh_geracao, nr_turno, tp_agremiacao, nm_coligacao, ds_composicao_coligacao, cd_situacao_legenda, ds_situacao, cd_eleicao, sg_ue, cd_cargo, nr_partido) VALUES(230000073978, '2022-06-05', '02:16:30', 1, 'PARTIDO ISOLADO', '#NULO#', 'CIDADANIA', 'D', 'DEFERIDO', 426, 3042, 13, 23);
INSERT INTO public.coligacao (sq_coligacao, dt_geracao, hh_geracao, nr_turno, tp_agremiacao, nm_coligacao, ds_composicao_coligacao, cd_situacao_legenda, ds_situacao, cd_eleicao, sg_ue, cd_cargo, nr_partido) VALUES(230000060706, '2022-06-05', '02:16:30', 1, 'PARTIDO ISOLADO', '#NULO#', 'PP', 'D', 'DEFERIDO', 426, 3034, 13, 11);
INSERT INTO public.coligacao (sq_coligacao, dt_geracao, hh_geracao, nr_turno, tp_agremiacao, nm_coligacao, ds_composicao_coligacao, cd_situacao_legenda, ds_situacao, cd_eleicao, sg_ue, cd_cargo, nr_partido) VALUES(230000077032, '2022-06-05', '02:16:30', 1, 'PARTIDO ISOLADO', '#NULO#', 'PSC', 'D', 'DEFERIDO', 426, 3034, 12, 20);
INSERT INTO public.coligacao (sq_coligacao, dt_geracao, hh_geracao, nr_turno, tp_agremiacao, nm_coligacao, ds_composicao_coligacao, cd_situacao_legenda, ds_situacao, cd_eleicao, sg_ue, cd_cargo, nr_partido) VALUES(230000106766, '2022-06-05', '02:16:30', 1, 'PARTIDO ISOLADO', '#NULO#', 'REPUBLICANOS', 'D', 'DEFERIDO', 426, 3115, 13, 10);
INSERT INTO public.coligacao (sq_coligacao, dt_geracao, hh_geracao, nr_turno, tp_agremiacao, nm_coligacao, ds_composicao_coligacao, cd_situacao_legenda, ds_situacao, cd_eleicao, sg_ue, cd_cargo, nr_partido) VALUES(230000099001, '2022-06-05', '02:16:30', 1, 'PARTIDO ISOLADO', '#NULO#', 'SOLIDARIEDADE', 'D', 'DEFERIDO', 426, 3000, 13, 77);
INSERT INTO public.coligacao (sq_coligacao, dt_geracao, hh_geracao, nr_turno, tp_agremiacao, nm_coligacao, ds_composicao_coligacao, cd_situacao_legenda, ds_situacao, cd_eleicao, sg_ue, cd_cargo, nr_partido) VALUES(230000114208, '2022-06-05', '02:16:30', 1, 'PARTIDO ISOLADO', '#NULO#', 'REPUBLICANOS', 'D', 'DEFERIDO', 426, 3085, 13, 10);
INSERT INTO public.coligacao (sq_coligacao, dt_geracao, hh_geracao, nr_turno, tp_agremiacao, nm_coligacao, ds_composicao_coligacao, cd_situacao_legenda, ds_situacao, cd_eleicao, sg_ue, cd_cargo, nr_partido) VALUES(230000062531, '2022-06-05', '02:16:30', 1, 'PARTIDO ISOLADO', '#NULO#', 'REPUBLICANOS', 'D', 'DEFERIDO', 426, 3034, 13, 10);
INSERT INTO public.coligacao (sq_coligacao, dt_geracao, hh_geracao, nr_turno, tp_agremiacao, nm_coligacao, ds_composicao_coligacao, cd_situacao_legenda, ds_situacao, cd_eleicao, sg_ue, cd_cargo, nr_partido) VALUES(230000063418, '2022-06-05', '02:16:30', 1, 'PARTIDO ISOLADO', '#NULO#', 'PSD', 'D', 'DEFERIDO', 426, 3131, 13, 55);
INSERT INTO public.coligacao (sq_coligacao, dt_geracao, hh_geracao, nr_turno, tp_agremiacao, nm_coligacao, ds_composicao_coligacao, cd_situacao_legenda, ds_situacao, cd_eleicao, sg_ue, cd_cargo, nr_partido) VALUES(230000115359, '2022-06-05', '02:16:30', 1, 'PARTIDO ISOLADO', '#NULO#', 'CIDADANIA', 'D', 'DEFERIDO', 426, 3034, 13, 23);
INSERT INTO public.coligacao (sq_coligacao, dt_geracao, hh_geracao, nr_turno, tp_agremiacao, nm_coligacao, ds_composicao_coligacao, cd_situacao_legenda, ds_situacao, cd_eleicao, sg_ue, cd_cargo, nr_partido) VALUES(230000062829, '2022-06-05', '02:16:30', 1, 'PARTIDO ISOLADO', '#NULO#', 'REPUBLICANOS', 'D', 'DEFERIDO', 426, 3131, 13, 10);
INSERT INTO public.coligacao (sq_coligacao, dt_geracao, hh_geracao, nr_turno, tp_agremiacao, nm_coligacao, ds_composicao_coligacao, cd_situacao_legenda, ds_situacao, cd_eleicao, sg_ue, cd_cargo, nr_partido) VALUES(230000063416, '2022-06-05', '02:16:30', 1, 'COLIGAÇÃO', 'UNIDOS POR UM CAROEBE MELHOR', 'REPUBLICANOS / CIDADANIA', 'D', 'DEFERIDO', 426, 3000, 11, 10);
INSERT INTO public.coligacao (sq_coligacao, dt_geracao, hh_geracao, nr_turno, tp_agremiacao, nm_coligacao, ds_composicao_coligacao, cd_situacao_legenda, ds_situacao, cd_eleicao, sg_ue, cd_cargo, nr_partido) VALUES(230000153588, '2022-06-05', '02:16:30', 1, 'PARTIDO ISOLADO', '#NULO#', 'PROS', 'D', 'DEFERIDO', 426, 3107, 13, 90);
INSERT INTO public.coligacao (sq_coligacao, dt_geracao, hh_geracao, nr_turno, tp_agremiacao, nm_coligacao, ds_composicao_coligacao, cd_situacao_legenda, ds_situacao, cd_eleicao, sg_ue, cd_cargo, nr_partido) VALUES(230000058470, '2022-06-05', '02:16:30', 1, 'COLIGAÇÃO', 'RENOVANDO COM O POVO', 'PP / REPUBLICANOS', 'D', 'DEFERIDO', 426, 3034, 12, 11);
INSERT INTO public.coligacao (sq_coligacao, dt_geracao, hh_geracao, nr_turno, tp_agremiacao, nm_coligacao, ds_composicao_coligacao, cd_situacao_legenda, ds_situacao, cd_eleicao, sg_ue, cd_cargo, nr_partido) VALUES(230000061851, '2022-06-05', '02:16:30', 1, 'COLIGAÇÃO', 'ALTO ALEGRE NO RUMO CERTO', 'PSD / PP', 'D', 'DEFERIDO', 426, 3050, 12, 11);
INSERT INTO public.coligacao (sq_coligacao, dt_geracao, hh_geracao, nr_turno, tp_agremiacao, nm_coligacao, ds_composicao_coligacao, cd_situacao_legenda, ds_situacao, cd_eleicao, sg_ue, cd_cargo, nr_partido) VALUES(230000089020, '2022-06-05', '02:16:30', 1, 'PARTIDO ISOLADO', '#NULO#', 'PTC', 'D', 'DEFERIDO', 426, 3018, 13, 36);
INSERT INTO public.coligacao (sq_coligacao, dt_geracao, hh_geracao, nr_turno, tp_agremiacao, nm_coligacao, ds_composicao_coligacao, cd_situacao_legenda, ds_situacao, cd_eleicao, sg_ue, cd_cargo, nr_partido) VALUES(230000106923, '2022-06-05', '02:16:30', 1, 'PARTIDO ISOLADO', '#NULO#', 'SOLIDARIEDADE', 'D', 'DEFERIDO', 426, 3069, 13, 77);
INSERT INTO public.coligacao (sq_coligacao, dt_geracao, hh_geracao, nr_turno, tp_agremiacao, nm_coligacao, ds_composicao_coligacao, cd_situacao_legenda, ds_situacao, cd_eleicao, sg_ue, cd_cargo, nr_partido) VALUES(230000058377, '2022-06-05', '02:16:30', 1, 'PARTIDO ISOLADO', '#NULO#', 'SOLIDARIEDADE', 'D', 'DEFERIDO', 426, 3131, 13, 77);
INSERT INTO public.coligacao (sq_coligacao, dt_geracao, hh_geracao, nr_turno, tp_agremiacao, nm_coligacao, ds_composicao_coligacao, cd_situacao_legenda, ds_situacao, cd_eleicao, sg_ue, cd_cargo, nr_partido) VALUES(230000090882, '2022-06-05', '02:16:30', 1, 'PARTIDO ISOLADO', '#NULO#', 'PRTB', 'D', 'DEFERIDO', 426, 3123, 13, 28);
INSERT INTO public.coligacao (sq_coligacao, dt_geracao, hh_geracao, nr_turno, tp_agremiacao, nm_coligacao, ds_composicao_coligacao, cd_situacao_legenda, ds_situacao, cd_eleicao, sg_ue, cd_cargo, nr_partido) VALUES(230000060762, '2022-06-05', '02:16:30', 1, 'PARTIDO ISOLADO', '#NULO#', 'PATRIOTA', 'D', 'DEFERIDO', 426, 3034, 13, 51);
INSERT INTO public.coligacao (sq_coligacao, dt_geracao, hh_geracao, nr_turno, tp_agremiacao, nm_coligacao, ds_composicao_coligacao, cd_situacao_legenda, ds_situacao, cd_eleicao, sg_ue, cd_cargo, nr_partido) VALUES(230000051636, '2022-06-05', '02:16:30', 1, 'PARTIDO ISOLADO', '#NULO#', 'PSL', 'D', 'DEFERIDO', 426, 3018, 12, 17);
INSERT INTO public.coligacao (sq_coligacao, dt_geracao, hh_geracao, nr_turno, tp_agremiacao, nm_coligacao, ds_composicao_coligacao, cd_situacao_legenda, ds_situacao, cd_eleicao, sg_ue, cd_cargo, nr_partido) VALUES(230000090602, '2022-06-05', '02:16:30', 1, 'PARTIDO ISOLADO', '#NULO#', 'PATRIOTA', 'D', 'DEFERIDO', 426, 3085, 13, 51);
INSERT INTO public.coligacao (sq_coligacao, dt_geracao, hh_geracao, nr_turno, tp_agremiacao, nm_coligacao, ds_composicao_coligacao, cd_situacao_legenda, ds_situacao, cd_eleicao, sg_ue, cd_cargo, nr_partido) VALUES(230000127849, '2022-06-05', '02:16:30', 1, 'PARTIDO ISOLADO', '#NULO#', 'CIDADANIA', 'D', 'DEFERIDO', 426, 3018, 13, 23);
INSERT INTO public.coligacao (sq_coligacao, dt_geracao, hh_geracao, nr_turno, tp_agremiacao, nm_coligacao, ds_composicao_coligacao, cd_situacao_legenda, ds_situacao, cd_eleicao, sg_ue, cd_cargo, nr_partido) VALUES(230000149733, '2022-06-05', '02:16:30', 1, 'PARTIDO ISOLADO', '#NULO#', 'REDE', 'D', 'DEFERIDO', 426, 3123, 13, 18);
INSERT INTO public.coligacao (sq_coligacao, dt_geracao, hh_geracao, nr_turno, tp_agremiacao, nm_coligacao, ds_composicao_coligacao, cd_situacao_legenda, ds_situacao, cd_eleicao, sg_ue, cd_cargo, nr_partido) VALUES(230000089040, '2022-06-05', '02:16:30', 1, 'PARTIDO ISOLADO', '#NULO#', 'PSOL', 'D', 'DEFERIDO', 426, 3018, 13, 50);
INSERT INTO public.coligacao (sq_coligacao, dt_geracao, hh_geracao, nr_turno, tp_agremiacao, nm_coligacao, ds_composicao_coligacao, cd_situacao_legenda, ds_situacao, cd_eleicao, sg_ue, cd_cargo, nr_partido) VALUES(230000155374, '2022-06-05', '02:16:30', 1, 'PARTIDO ISOLADO', '#NULO#', 'PROS', 'D', 'DEFERIDO', 426, 3018, 13, 90);
INSERT INTO public.coligacao (sq_coligacao, dt_geracao, hh_geracao, nr_turno, tp_agremiacao, nm_coligacao, ds_composicao_coligacao, cd_situacao_legenda, ds_situacao, cd_eleicao, sg_ue, cd_cargo, nr_partido) VALUES(230000089041, '2022-06-05', '02:16:30', 1, 'PARTIDO ISOLADO', '#NULO#', 'PSOL', 'D', 'DEFERIDO', 426, 3018, 12, 50);
INSERT INTO public.coligacao (sq_coligacao, dt_geracao, hh_geracao, nr_turno, tp_agremiacao, nm_coligacao, ds_composicao_coligacao, cd_situacao_legenda, ds_situacao, cd_eleicao, sg_ue, cd_cargo, nr_partido) VALUES(230000060218, '2022-06-05', '02:16:30', 1, 'PARTIDO ISOLADO', '#NULO#', 'PV', 'D', 'DEFERIDO', 426, 3131, 13, 43);
INSERT INTO public.coligacao (sq_coligacao, dt_geracao, hh_geracao, nr_turno, tp_agremiacao, nm_coligacao, ds_composicao_coligacao, cd_situacao_legenda, ds_situacao, cd_eleicao, sg_ue, cd_cargo, nr_partido) VALUES(230000117637, '2022-06-05', '02:16:30', 1, 'PARTIDO ISOLADO', '#NULO#', 'CIDADANIA', 'D', 'DEFERIDO', 426, 3093, 13, 23);
INSERT INTO public.coligacao (sq_coligacao, dt_geracao, hh_geracao, nr_turno, tp_agremiacao, nm_coligacao, ds_composicao_coligacao, cd_situacao_legenda, ds_situacao, cd_eleicao, sg_ue, cd_cargo, nr_partido) VALUES(230000087274, '2022-06-05', '02:16:30', 1, 'PARTIDO ISOLADO', '#NULO#', 'MDB', 'D', 'DEFERIDO', 426, 3115, 13, 15);
INSERT INTO public.coligacao (sq_coligacao, dt_geracao, hh_geracao, nr_turno, tp_agremiacao, nm_coligacao, ds_composicao_coligacao, cd_situacao_legenda, ds_situacao, cd_eleicao, sg_ue, cd_cargo, nr_partido) VALUES(230000068031, '2022-06-05', '02:16:30', 1, 'COLIGAÇÃO', 'JUNTOS VAMOS RECONSTRUIR ALTO ALGRE', 'PL / SOLIDARIEDADE', 'D', 'DEFERIDO', 426, 3050, 12, 22);
INSERT INTO public.coligacao (sq_coligacao, dt_geracao, hh_geracao, nr_turno, tp_agremiacao, nm_coligacao, ds_composicao_coligacao, cd_situacao_legenda, ds_situacao, cd_eleicao, sg_ue, cd_cargo, nr_partido) VALUES(230000075758, '2022-06-05', '02:16:30', 1, 'PARTIDO ISOLADO', '#NULO#', 'CIDADANIA', 'D', 'DEFERIDO', 426, 3115, 13, 23);
INSERT INTO public.coligacao (sq_coligacao, dt_geracao, hh_geracao, nr_turno, tp_agremiacao, nm_coligacao, ds_composicao_coligacao, cd_situacao_legenda, ds_situacao, cd_eleicao, sg_ue, cd_cargo, nr_partido) VALUES(230000060219, '2022-06-05', '02:16:30', 1, 'PARTIDO ISOLADO', '#NULO#', 'PSB', 'D', 'DEFERIDO', 426, 3131, 13, 40);
INSERT INTO public.coligacao (sq_coligacao, dt_geracao, hh_geracao, nr_turno, tp_agremiacao, nm_coligacao, ds_composicao_coligacao, cd_situacao_legenda, ds_situacao, cd_eleicao, sg_ue, cd_cargo, nr_partido) VALUES(230000113756, '2022-06-05', '02:16:30', 1, 'PARTIDO ISOLADO', '#NULO#', 'REPUBLICANOS', 'D', 'DEFERIDO', 426, 3123, 13, 10);
INSERT INTO public.coligacao (sq_coligacao, dt_geracao, hh_geracao, nr_turno, tp_agremiacao, nm_coligacao, ds_composicao_coligacao, cd_situacao_legenda, ds_situacao, cd_eleicao, sg_ue, cd_cargo, nr_partido) VALUES(230000150025, '2022-06-05', '02:16:30', 1, 'PARTIDO ISOLADO', '#NULO#', 'PROS', 'D', 'DEFERIDO', 426, 3123, 13, 90);
INSERT INTO public.coligacao (sq_coligacao, dt_geracao, hh_geracao, nr_turno, tp_agremiacao, nm_coligacao, ds_composicao_coligacao, cd_situacao_legenda, ds_situacao, cd_eleicao, sg_ue, cd_cargo, nr_partido) VALUES(230000073827, '2022-06-05', '02:16:30', 1, 'PARTIDO ISOLADO', '#NULO#', 'CIDADANIA', 'D', 'DEFERIDO', 426, 3077, 13, 23);
INSERT INTO public.coligacao (sq_coligacao, dt_geracao, hh_geracao, nr_turno, tp_agremiacao, nm_coligacao, ds_composicao_coligacao, cd_situacao_legenda, ds_situacao, cd_eleicao, sg_ue, cd_cargo, nr_partido) VALUES(230000089469, '2022-06-05', '02:16:30', 1, 'PARTIDO ISOLADO', '#NULO#', 'PC do B', 'D', 'DEFERIDO', 426, 3069, 13, 65);
INSERT INTO public.coligacao (sq_coligacao, dt_geracao, hh_geracao, nr_turno, tp_agremiacao, nm_coligacao, ds_composicao_coligacao, cd_situacao_legenda, ds_situacao, cd_eleicao, sg_ue, cd_cargo, nr_partido) VALUES(230000085897, '2022-06-05', '02:16:30', 1, 'PARTIDO ISOLADO', '#NULO#', 'AVANTE', 'D', 'DEFERIDO', 426, 3034, 12, 70);
INSERT INTO public.coligacao (sq_coligacao, dt_geracao, hh_geracao, nr_turno, tp_agremiacao, nm_coligacao, ds_composicao_coligacao, cd_situacao_legenda, ds_situacao, cd_eleicao, sg_ue, cd_cargo, nr_partido) VALUES(230000085939, '2022-06-05', '02:16:30', 1, 'PARTIDO ISOLADO', '#NULO#', 'AVANTE', 'D', 'DEFERIDO', 426, 3034, 13, 70);
INSERT INTO public.coligacao (sq_coligacao, dt_geracao, hh_geracao, nr_turno, tp_agremiacao, nm_coligacao, ds_composicao_coligacao, cd_situacao_legenda, ds_situacao, cd_eleicao, sg_ue, cd_cargo, nr_partido) VALUES(230000125208, '2022-06-05', '02:16:30', 1, 'PARTIDO ISOLADO', '#NULO#', 'REDE', 'D', 'DEFERIDO', 426, 3115, 13, 18);
INSERT INTO public.coligacao (sq_coligacao, dt_geracao, hh_geracao, nr_turno, tp_agremiacao, nm_coligacao, ds_composicao_coligacao, cd_situacao_legenda, ds_situacao, cd_eleicao, sg_ue, cd_cargo, nr_partido) VALUES(230000067857, '2022-06-05', '02:16:30', 1, 'PARTIDO ISOLADO', '#NULO#', 'PL', 'D', 'DEFERIDO', 426, 3026, 13, 22);
INSERT INTO public.coligacao (sq_coligacao, dt_geracao, hh_geracao, nr_turno, tp_agremiacao, nm_coligacao, ds_composicao_coligacao, cd_situacao_legenda, ds_situacao, cd_eleicao, sg_ue, cd_cargo, nr_partido) VALUES(230000090684, '2022-06-05', '02:16:30', 1, 'PARTIDO ISOLADO', '#NULO#', 'PSDB', 'D', 'DEFERIDO', 426, 3085, 13, 45);
INSERT INTO public.coligacao (sq_coligacao, dt_geracao, hh_geracao, nr_turno, tp_agremiacao, nm_coligacao, ds_composicao_coligacao, cd_situacao_legenda, ds_situacao, cd_eleicao, sg_ue, cd_cargo, nr_partido) VALUES(230000149902, '2022-06-05', '02:16:30', 1, 'PARTIDO ISOLADO', '#NULO#', 'PROS', 'D', 'DEFERIDO', 426, 3042, 13, 90);
INSERT INTO public.coligacao (sq_coligacao, dt_geracao, hh_geracao, nr_turno, tp_agremiacao, nm_coligacao, ds_composicao_coligacao, cd_situacao_legenda, ds_situacao, cd_eleicao, sg_ue, cd_cargo, nr_partido) VALUES(230000110006, '2022-06-05', '02:16:30', 1, 'PARTIDO ISOLADO', '#NULO#', 'PSC', 'D', 'DEFERIDO', 426, 3077, 13, 20);
INSERT INTO public.coligacao (sq_coligacao, dt_geracao, hh_geracao, nr_turno, tp_agremiacao, nm_coligacao, ds_composicao_coligacao, cd_situacao_legenda, ds_situacao, cd_eleicao, sg_ue, cd_cargo, nr_partido) VALUES(230000149777, '2022-06-05', '02:16:30', 1, 'PARTIDO ISOLADO', '#NULO#', 'PODE', 'D', 'DEFERIDO', 426, 3107, 13, 19);
INSERT INTO public.coligacao (sq_coligacao, dt_geracao, hh_geracao, nr_turno, tp_agremiacao, nm_coligacao, ds_composicao_coligacao, cd_situacao_legenda, ds_situacao, cd_eleicao, sg_ue, cd_cargo, nr_partido) VALUES(230000058296, '2022-06-05', '02:16:30', 1, 'PARTIDO ISOLADO', '#NULO#', 'MDB', 'D', 'DEFERIDO', 426, 3077, 13, 15);
INSERT INTO public.coligacao (sq_coligacao, dt_geracao, hh_geracao, nr_turno, tp_agremiacao, nm_coligacao, ds_composicao_coligacao, cd_situacao_legenda, ds_situacao, cd_eleicao, sg_ue, cd_cargo, nr_partido) VALUES(230000126395, '2022-06-05', '02:16:30', 1, 'PARTIDO ISOLADO', '#NULO#', 'CIDADANIA', 'D', 'DEFERIDO', 426, 3158, 13, 23);
INSERT INTO public.coligacao (sq_coligacao, dt_geracao, hh_geracao, nr_turno, tp_agremiacao, nm_coligacao, ds_composicao_coligacao, cd_situacao_legenda, ds_situacao, cd_eleicao, sg_ue, cd_cargo, nr_partido) VALUES(230000068014, '2022-06-05', '02:16:30', 1, 'PARTIDO ISOLADO', '#NULO#', 'SOLIDARIEDADE', 'D', 'DEFERIDO', 426, 3050, 13, 77);
INSERT INTO public.coligacao (sq_coligacao, dt_geracao, hh_geracao, nr_turno, tp_agremiacao, nm_coligacao, ds_composicao_coligacao, cd_situacao_legenda, ds_situacao, cd_eleicao, sg_ue, cd_cargo, nr_partido) VALUES(230000058376, '2022-06-05', '02:16:30', 1, 'PARTIDO ISOLADO', '#NULO#', 'DC', 'D', 'DEFERIDO', 426, 3131, 13, 27);
INSERT INTO public.coligacao (sq_coligacao, dt_geracao, hh_geracao, nr_turno, tp_agremiacao, nm_coligacao, ds_composicao_coligacao, cd_situacao_legenda, ds_situacao, cd_eleicao, sg_ue, cd_cargo, nr_partido) VALUES(230000073859, '2022-06-05', '02:16:30', 1, 'PARTIDO ISOLADO', '#NULO#', 'PATRIOTA', 'D', 'DEFERIDO', 426, 3069, 13, 51);
INSERT INTO public.coligacao (sq_coligacao, dt_geracao, hh_geracao, nr_turno, tp_agremiacao, nm_coligacao, ds_composicao_coligacao, cd_situacao_legenda, ds_situacao, cd_eleicao, sg_ue, cd_cargo, nr_partido) VALUES(230000073883, '2022-06-05', '02:16:30', 1, 'PARTIDO ISOLADO', '#NULO#', 'PTB', 'D', 'DEFERIDO', 426, 3069, 13, 14);
INSERT INTO public.coligacao (sq_coligacao, dt_geracao, hh_geracao, nr_turno, tp_agremiacao, nm_coligacao, ds_composicao_coligacao, cd_situacao_legenda, ds_situacao, cd_eleicao, sg_ue, cd_cargo, nr_partido) VALUES(230000148410, '2022-06-05', '02:16:30', 1, 'PARTIDO ISOLADO', '#NULO#', 'PSD', 'D', 'DEFERIDO', 426, 3115, 13, 55);
INSERT INTO public.coligacao (sq_coligacao, dt_geracao, hh_geracao, nr_turno, tp_agremiacao, nm_coligacao, ds_composicao_coligacao, cd_situacao_legenda, ds_situacao, cd_eleicao, sg_ue, cd_cargo, nr_partido) VALUES(230000058626, '2022-06-05', '02:16:30', 1, 'PARTIDO ISOLADO', '#NULO#', 'SOLIDARIEDADE', 'D', 'DEFERIDO', 426, 3123, 13, 77);
INSERT INTO public.coligacao (sq_coligacao, dt_geracao, hh_geracao, nr_turno, tp_agremiacao, nm_coligacao, ds_composicao_coligacao, cd_situacao_legenda, ds_situacao, cd_eleicao, sg_ue, cd_cargo, nr_partido) VALUES(230000085803, '2022-06-05', '02:16:30', 1, 'PARTIDO ISOLADO', '#NULO#', 'MDB', 'D', 'DEFERIDO', 426, 3034, 13, 15);
INSERT INTO public.coligacao (sq_coligacao, dt_geracao, hh_geracao, nr_turno, tp_agremiacao, nm_coligacao, ds_composicao_coligacao, cd_situacao_legenda, ds_situacao, cd_eleicao, sg_ue, cd_cargo, nr_partido) VALUES(230000058392, '2022-06-05', '02:16:30', 1, 'PARTIDO ISOLADO', '#NULO#', 'PRTB', 'D', 'DEFERIDO', 426, 3077, 13, 28);
INSERT INTO public.coligacao (sq_coligacao, dt_geracao, hh_geracao, nr_turno, tp_agremiacao, nm_coligacao, ds_composicao_coligacao, cd_situacao_legenda, ds_situacao, cd_eleicao, sg_ue, cd_cargo, nr_partido) VALUES(230000148412, '2022-06-05', '02:16:30', 1, 'PARTIDO ISOLADO', '#NULO#', 'PT', 'D', 'DEFERIDO', 426, 3115, 13, 13);
INSERT INTO public.coligacao (sq_coligacao, dt_geracao, hh_geracao, nr_turno, tp_agremiacao, nm_coligacao, ds_composicao_coligacao, cd_situacao_legenda, ds_situacao, cd_eleicao, sg_ue, cd_cargo, nr_partido) VALUES(230000093506, '2022-06-05', '02:16:30', 1, 'PARTIDO ISOLADO', '#NULO#', 'PROS', 'D', 'DEFERIDO', 426, 3069, 13, 90);
INSERT INTO public.coligacao (sq_coligacao, dt_geracao, hh_geracao, nr_turno, tp_agremiacao, nm_coligacao, ds_composicao_coligacao, cd_situacao_legenda, ds_situacao, cd_eleicao, sg_ue, cd_cargo, nr_partido) VALUES(230000077145, '2022-06-05', '02:16:30', 1, 'PARTIDO ISOLADO', '#NULO#', 'PSD', 'D', 'DEFERIDO', 426, 3000, 13, 55);
INSERT INTO public.coligacao (sq_coligacao, dt_geracao, hh_geracao, nr_turno, tp_agremiacao, nm_coligacao, ds_composicao_coligacao, cd_situacao_legenda, ds_situacao, cd_eleicao, sg_ue, cd_cargo, nr_partido) VALUES(230000075162, '2022-06-05', '02:16:30', 1, 'PARTIDO ISOLADO', '#NULO#', 'REPUBLICANOS', 'D', 'DEFERIDO', 426, 3018, 13, 10);
INSERT INTO public.coligacao (sq_coligacao, dt_geracao, hh_geracao, nr_turno, tp_agremiacao, nm_coligacao, ds_composicao_coligacao, cd_situacao_legenda, ds_situacao, cd_eleicao, sg_ue, cd_cargo, nr_partido) VALUES(230000057260, '2022-06-05', '02:16:30', 1, 'PARTIDO ISOLADO', '#NULO#', 'PL', 'D', 'DEFERIDO', 426, 3093, 13, 22);
INSERT INTO public.coligacao (sq_coligacao, dt_geracao, hh_geracao, nr_turno, tp_agremiacao, nm_coligacao, ds_composicao_coligacao, cd_situacao_legenda, ds_situacao, cd_eleicao, sg_ue, cd_cargo, nr_partido) VALUES(230000071023, '2022-06-05', '02:16:30', 1, 'PARTIDO ISOLADO', '#NULO#', 'PROS', 'D', 'DEFERIDO', 426, 3034, 13, 90);
INSERT INTO public.coligacao (sq_coligacao, dt_geracao, hh_geracao, nr_turno, tp_agremiacao, nm_coligacao, ds_composicao_coligacao, cd_situacao_legenda, ds_situacao, cd_eleicao, sg_ue, cd_cargo, nr_partido) VALUES(230000112814, '2022-06-05', '02:16:30', 1, 'PARTIDO ISOLADO', '#NULO#', 'PSC', 'D', 'DEFERIDO', 426, 3115, 13, 20);
INSERT INTO public.coligacao (sq_coligacao, dt_geracao, hh_geracao, nr_turno, tp_agremiacao, nm_coligacao, ds_composicao_coligacao, cd_situacao_legenda, ds_situacao, cd_eleicao, sg_ue, cd_cargo, nr_partido) VALUES(230000067847, '2022-06-05', '02:16:30', 1, 'PARTIDO ISOLADO', '#NULO#', 'PDT', 'D', 'DEFERIDO', 426, 3077, 13, 12);
INSERT INTO public.coligacao (sq_coligacao, dt_geracao, hh_geracao, nr_turno, tp_agremiacao, nm_coligacao, ds_composicao_coligacao, cd_situacao_legenda, ds_situacao, cd_eleicao, sg_ue, cd_cargo, nr_partido) VALUES(230000149695, '2022-06-05', '02:16:30', 1, 'PARTIDO ISOLADO', '#NULO#', 'PP', 'D', 'DEFERIDO', 426, 3107, 13, 11);
INSERT INTO public.coligacao (sq_coligacao, dt_geracao, hh_geracao, nr_turno, tp_agremiacao, nm_coligacao, ds_composicao_coligacao, cd_situacao_legenda, ds_situacao, cd_eleicao, sg_ue, cd_cargo, nr_partido) VALUES(230000125891, '2022-06-05', '02:16:30', 1, 'PARTIDO ISOLADO', '#NULO#', 'PSD', 'D', 'DEFERIDO', 426, 3069, 13, 55);
INSERT INTO public.coligacao (sq_coligacao, dt_geracao, hh_geracao, nr_turno, tp_agremiacao, nm_coligacao, ds_composicao_coligacao, cd_situacao_legenda, ds_situacao, cd_eleicao, sg_ue, cd_cargo, nr_partido) VALUES(230000148453, '2022-06-05', '02:16:30', 1, 'PARTIDO ISOLADO', '#NULO#', 'PSD', 'D', 'DEFERIDO', 426, 3077, 13, 55);
INSERT INTO public.coligacao (sq_coligacao, dt_geracao, hh_geracao, nr_turno, tp_agremiacao, nm_coligacao, ds_composicao_coligacao, cd_situacao_legenda, ds_situacao, cd_eleicao, sg_ue, cd_cargo, nr_partido) VALUES(230000067818, '2022-06-05', '02:16:30', 1, 'PARTIDO ISOLADO', '#NULO#', 'PP', 'D', 'DEFERIDO', 426, 3069, 13, 11);
INSERT INTO public.coligacao (sq_coligacao, dt_geracao, hh_geracao, nr_turno, tp_agremiacao, nm_coligacao, ds_composicao_coligacao, cd_situacao_legenda, ds_situacao, cd_eleicao, sg_ue, cd_cargo, nr_partido) VALUES(230000067395, '2022-06-05', '02:16:30', 1, 'PARTIDO ISOLADO', '#NULO#', 'PSD', 'D', 'DEFERIDO', 426, 3050, 13, 55);
INSERT INTO public.coligacao (sq_coligacao, dt_geracao, hh_geracao, nr_turno, tp_agremiacao, nm_coligacao, ds_composicao_coligacao, cd_situacao_legenda, ds_situacao, cd_eleicao, sg_ue, cd_cargo, nr_partido) VALUES(230000093190, '2022-06-05', '02:16:30', 1, 'PARTIDO ISOLADO', '#NULO#', 'REPUBLICANOS', 'D', 'DEFERIDO', 426, 3050, 13, 10);
INSERT INTO public.coligacao (sq_coligacao, dt_geracao, hh_geracao, nr_turno, tp_agremiacao, nm_coligacao, ds_composicao_coligacao, cd_situacao_legenda, ds_situacao, cd_eleicao, sg_ue, cd_cargo, nr_partido) VALUES(230000070116, '2022-06-05', '02:16:30', 1, 'PARTIDO ISOLADO', '#NULO#', 'DEM', 'D', 'DEFERIDO', 426, 3158, 13, 25);
INSERT INTO public.coligacao (sq_coligacao, dt_geracao, hh_geracao, nr_turno, tp_agremiacao, nm_coligacao, ds_composicao_coligacao, cd_situacao_legenda, ds_situacao, cd_eleicao, sg_ue, cd_cargo, nr_partido) VALUES(230000090771, '2022-06-05', '02:16:30', 1, 'PARTIDO ISOLADO', '#NULO#', 'CIDADANIA', 'D', 'DEFERIDO', 426, 3085, 13, 23);
INSERT INTO public.coligacao (sq_coligacao, dt_geracao, hh_geracao, nr_turno, tp_agremiacao, nm_coligacao, ds_composicao_coligacao, cd_situacao_legenda, ds_situacao, cd_eleicao, sg_ue, cd_cargo, nr_partido) VALUES(230000107075, '2022-06-05', '02:16:30', 1, 'PARTIDO ISOLADO', '#NULO#', 'MDB', 'D', 'DEFERIDO', 426, 3000, 13, 15);
INSERT INTO public.coligacao (sq_coligacao, dt_geracao, hh_geracao, nr_turno, tp_agremiacao, nm_coligacao, ds_composicao_coligacao, cd_situacao_legenda, ds_situacao, cd_eleicao, sg_ue, cd_cargo, nr_partido) VALUES(230000154795, '2022-06-05', '02:16:30', 1, 'PARTIDO ISOLADO', '#NULO#', 'PMN', 'D', 'DEFERIDO', 426, 3034, 13, 33);
INSERT INTO public.coligacao (sq_coligacao, dt_geracao, hh_geracao, nr_turno, tp_agremiacao, nm_coligacao, ds_composicao_coligacao, cd_situacao_legenda, ds_situacao, cd_eleicao, sg_ue, cd_cargo, nr_partido) VALUES(230000127984, '2022-06-05', '02:16:30', 1, 'PARTIDO ISOLADO', '#NULO#', 'DC', 'D', 'DEFERIDO', 426, 3018, 13, 27);
INSERT INTO public.coligacao (sq_coligacao, dt_geracao, hh_geracao, nr_turno, tp_agremiacao, nm_coligacao, ds_composicao_coligacao, cd_situacao_legenda, ds_situacao, cd_eleicao, sg_ue, cd_cargo, nr_partido) VALUES(230000113821, '2022-06-05', '02:16:30', 1, 'PARTIDO ISOLADO', '#NULO#', 'SOLIDARIEDADE', 'D', 'DEFERIDO', 426, 3042, 13, 77);
INSERT INTO public.coligacao (sq_coligacao, dt_geracao, hh_geracao, nr_turno, tp_agremiacao, nm_coligacao, ds_composicao_coligacao, cd_situacao_legenda, ds_situacao, cd_eleicao, sg_ue, cd_cargo, nr_partido) VALUES(230000091554, '2022-06-05', '02:16:30', 1, 'PARTIDO ISOLADO', '#NULO#', 'PSB', 'D', 'DEFERIDO', 426, 3077, 13, 40);
INSERT INTO public.coligacao (sq_coligacao, dt_geracao, hh_geracao, nr_turno, tp_agremiacao, nm_coligacao, ds_composicao_coligacao, cd_situacao_legenda, ds_situacao, cd_eleicao, sg_ue, cd_cargo, nr_partido) VALUES(230000128009, '2022-06-05', '02:16:30', 1, 'PARTIDO ISOLADO', '#NULO#', 'PMB', 'D', 'DEFERIDO', 426, 3018, 13, 35);
INSERT INTO public.coligacao (sq_coligacao, dt_geracao, hh_geracao, nr_turno, tp_agremiacao, nm_coligacao, ds_composicao_coligacao, cd_situacao_legenda, ds_situacao, cd_eleicao, sg_ue, cd_cargo, nr_partido) VALUES(230000058277, '2022-06-05', '02:16:30', 1, 'PARTIDO ISOLADO', '#NULO#', 'PL', 'D', 'DEFERIDO', 426, 3077, 13, 22);
INSERT INTO public.coligacao (sq_coligacao, dt_geracao, hh_geracao, nr_turno, tp_agremiacao, nm_coligacao, ds_composicao_coligacao, cd_situacao_legenda, ds_situacao, cd_eleicao, sg_ue, cd_cargo, nr_partido) VALUES(230000127786, '2022-06-05', '02:16:30', 1, 'PARTIDO ISOLADO', '#NULO#', 'PV', 'D', 'DEFERIDO', 426, 3018, 13, 43);
INSERT INTO public.candidato (sq_candidato, nr_candidato, nm_candidato, nm_urna_candidato, nm_social_candidato, nr_cpf_candidato, nm_email, dt_geracao, hh_geracao, cd_eleicao, sg_ue, cd_cargo, cd_situacao_candidatura, cd_detalhe_situacao_cand, tp_agremiacao, nr_partido, sq_coligacao, cd_nacionalidade, sg_uf_nascimento, cd_municipio_nascimento, nm_municipio_nascimento, dt_nascimento, nr_idade_data_posse, nr_titulo_eleitoral_candidato, cd_ocupacao, cd_cor_raca, cd_estado_civil, cd_grau_instrucao, cd_genero, vr_despesa_max_campanha, cd_sit_tot_turno, st_reeleicao, st_declarar_bens, nr_protocolo_candidatura, nr_processo, cd_situacao_candidato_pleito, cd_situacao_candidato_urna) VALUES(230001000000, 23333, 'PERLEN LEOCADIO DA SILVA', 'PERLEN DO BOQUEIRÃO', '#NULO#', '71959262220', 'PERLENLEOCADIOSILVA@YAHOO.COM', '2022-06-05', '02:12:11', 426, 3050, 13, 12, 2, 'PARTIDO ISOLADO', 23, 230000127882, 1, 'RR', -3, 'BOA VISTA', '1978-08-03', '42', '3027852666', 999, 3, 1, 8, 4, '62126.27', 4, 'N', 'S', -1, '6,00E+18', 2, 2);
INSERT INTO public.candidato (sq_candidato, nr_candidato, nm_candidato, nm_urna_candidato, nm_social_candidato, nr_cpf_candidato, nm_email, dt_geracao, hh_geracao, cd_eleicao, sg_ue, cd_cargo, cd_situacao_candidatura, cd_detalhe_situacao_cand, tp_agremiacao, nr_partido, sq_coligacao, cd_nacionalidade, sg_uf_nascimento, cd_municipio_nascimento, nm_municipio_nascimento, dt_nascimento, nr_idade_data_posse, nr_titulo_eleitoral_candidato, cd_ocupacao, cd_cor_raca, cd_estado_civil, cd_grau_instrucao, cd_genero, vr_despesa_max_campanha, cd_sit_tot_turno, st_reeleicao, st_declarar_bens, nr_protocolo_candidatura, nr_processo, cd_situacao_candidato_pleito, cd_situacao_candidato_urna) VALUES(230001057523, 23333, 'PERLEN LEOCADIO DA SILVA', 'PERLEN DO BOQUEIRÃO', '#NULO#', '71959262220', 'PERLENLEOCADIOSILVA@YAHOO.COM', '2022-06-05', '02:12:11', 426, 3050, 13, 12, 2, 'PARTIDO ISOLADO', 23, 230000127882, 1, 'RR', -3, 'BOA VISTA', '1978-08-03', '42', '3027852666', 999, 3, 1, 8, 4, '62126.27', 4, 'N', 'S', -1, '6,00E+18', 2, 2);
INSERT INTO public.candidato (sq_candidato, nr_candidato, nm_candidato, nm_urna_candidato, nm_social_candidato, nr_cpf_candidato, nm_email, dt_geracao, hh_geracao, cd_eleicao, sg_ue, cd_cargo, cd_situacao_candidatura, cd_detalhe_situacao_cand, tp_agremiacao, nr_partido, sq_coligacao, cd_nacionalidade, sg_uf_nascimento, cd_municipio_nascimento, nm_municipio_nascimento, dt_nascimento, nr_idade_data_posse, nr_titulo_eleitoral_candidato, cd_ocupacao, cd_cor_raca, cd_estado_civil, cd_grau_instrucao, cd_genero, vr_despesa_max_campanha, cd_sit_tot_turno, st_reeleicao, st_declarar_bens, nr_protocolo_candidatura, nr_processo, cd_situacao_candidato_pleito, cd_situacao_candidato_urna) VALUES(230000838195, 28028, 'ALINE MARIA DE MENEZES REZENDE CHAGAS', 'ALINE REZENDE', '#NULO#', '51305798287', 'PRTBRR28@GMAIL.COM', '2022-06-05', '02:12:11', 426, 3018, 13, 12, 2, 'PARTIDO ISOLADO', 28, 230000089028, 1, 'RR', -3, 'BOA VISTA', '1979-11-09', '41', '2188852666', 278, 3, 3, 8, 4, '391772.1', 2, 'N', 'S', -1, '6,00E+18', 2, 2);
INSERT INTO public.candidato (sq_candidato, nr_candidato, nm_candidato, nm_urna_candidato, nm_social_candidato, nr_cpf_candidato, nm_email, dt_geracao, hh_geracao, cd_eleicao, sg_ue, cd_cargo, cd_situacao_candidatura, cd_detalhe_situacao_cand, tp_agremiacao, nr_partido, sq_coligacao, cd_nacionalidade, sg_uf_nascimento, cd_municipio_nascimento, nm_municipio_nascimento, dt_nascimento, nr_idade_data_posse, nr_titulo_eleitoral_candidato, cd_ocupacao, cd_cor_raca, cd_estado_civil, cd_grau_instrucao, cd_genero, vr_despesa_max_campanha, cd_sit_tot_turno, st_reeleicao, st_declarar_bens, nr_protocolo_candidatura, nr_processo, cd_situacao_candidato_pleito, cd_situacao_candidato_urna) VALUES(230000726664, 11432, 'LUCIVALDO ALVES DE MELO', 'LUCIVALDO DO CANTA', '#NULO#', '44664249268', 'PPCANTA2020@GMAIL.COM', '2022-06-05', '02:12:11', 426, 3069, 13, 12, 2, 'PARTIDO ISOLADO', 11, 230000067818, 1, 'MA', -3, 'VITORINO FREIRE', '1976-06-19', '44', '1774282607', 297, 3, 3, 8, 2, '51117.1', 3, 'N', 'S', -1, '6,00E+18', 2, 2);
INSERT INTO public.candidato (sq_candidato, nr_candidato, nm_candidato, nm_urna_candidato, nm_social_candidato, nr_cpf_candidato, nm_email, dt_geracao, hh_geracao, cd_eleicao, sg_ue, cd_cargo, cd_situacao_candidatura, cd_detalhe_situacao_cand, tp_agremiacao, nr_partido, sq_coligacao, cd_nacionalidade, sg_uf_nascimento, cd_municipio_nascimento, nm_municipio_nascimento, dt_nascimento, nr_idade_data_posse, nr_titulo_eleitoral_candidato, cd_ocupacao, cd_cor_raca, cd_estado_civil, cd_grau_instrucao, cd_genero, vr_despesa_max_campanha, cd_sit_tot_turno, st_reeleicao, st_declarar_bens, nr_protocolo_candidatura, nr_processo, cd_situacao_candidato_pleito, cd_situacao_candidato_urna) VALUES(230000857125, 10999, 'ANTONIO FRANCISCO DE ASSIS ALVES', 'FRANCISCO DO TAIANO', '#NULO#', '66332257253', 'PRB.ASSESSORIA@GMAIL.COM', '2022-06-05', '02:12:11', 426, 3050, 13, 12, 2, 'PARTIDO ISOLADO', 10, 230000093190, 1, 'RR', -3, 'BOA VISTA', '1981-10-30', '39', '3489292690', 257, 3, 3, 6, 2, '62126.27', 5, 'N', 'S', -1, '6,00E+18', 2, 2);
INSERT INTO public.candidato (sq_candidato, nr_candidato, nm_candidato, nm_urna_candidato, nm_social_candidato, nr_cpf_candidato, nm_email, dt_geracao, hh_geracao, cd_eleicao, sg_ue, cd_cargo, cd_situacao_candidatura, cd_detalhe_situacao_cand, tp_agremiacao, nr_partido, sq_coligacao, cd_nacionalidade, sg_uf_nascimento, cd_municipio_nascimento, nm_municipio_nascimento, dt_nascimento, nr_idade_data_posse, nr_titulo_eleitoral_candidato, cd_ocupacao, cd_cor_raca, cd_estado_civil, cd_grau_instrucao, cd_genero, vr_despesa_max_campanha, cd_sit_tot_turno, st_reeleicao, st_declarar_bens, nr_protocolo_candidatura, nr_processo, cd_situacao_candidato_pleito, cd_situacao_candidato_urna) VALUES(230000975565, 10, 'LOURDES MIGUEL DE BRITO', 'LOUDES BRITO', '#NULO#', '44628285268', 'REPUBLICANOS.ASSESSORIARR@GMAIL.COM', '2022-06-05', '02:12:11', 426, 3107, 12, 12, 2, 'PARTIDO ISOLADO', 10, 230000113740, 1, 'RR', -3, 'BOA VISTA', '1976-07-02', '44', '1898822658', 266, 5, 3, 8, 4, '-1', 4, 'N', 'N', -1, '6,00E+18', 2, 2);
INSERT INTO public.candidato (sq_candidato, nr_candidato, nm_candidato, nm_urna_candidato, nm_social_candidato, nr_cpf_candidato, nm_email, dt_geracao, hh_geracao, cd_eleicao, sg_ue, cd_cargo, cd_situacao_candidatura, cd_detalhe_situacao_cand, tp_agremiacao, nr_partido, sq_coligacao, cd_nacionalidade, sg_uf_nascimento, cd_municipio_nascimento, nm_municipio_nascimento, dt_nascimento, nr_idade_data_posse, nr_titulo_eleitoral_candidato, cd_ocupacao, cd_cor_raca, cd_estado_civil, cd_grau_instrucao, cd_genero, vr_despesa_max_campanha, cd_sit_tot_turno, st_reeleicao, st_declarar_bens, nr_protocolo_candidatura, nr_processo, cd_situacao_candidato_pleito, cd_situacao_candidato_urna) VALUES(230000765953, 51250, 'REGILMARA DO NASCIMENTO SILVA', 'REGI', '#NULO#', '93748752253', 'REGIOMARA.NASCIMENTO@GMAIL.COM', '2022-06-05', '02:12:11', 426, 3069, 13, 12, 2, 'PARTIDO ISOLADO', 51, 230000073859, 1, 'RR', -3, 'CANTÁ', '1987-11-16', '33', '3859612640', 604, 3, 1, 6, 4, '51117.1', 5, 'N', 'N', -1, '6,00E+18', 2, 2);
INSERT INTO public.candidato (sq_candidato, nr_candidato, nm_candidato, nm_urna_candidato, nm_social_candidato, nr_cpf_candidato, nm_email, dt_geracao, hh_geracao, cd_eleicao, sg_ue, cd_cargo, cd_situacao_candidatura, cd_detalhe_situacao_cand, tp_agremiacao, nr_partido, sq_coligacao, cd_nacionalidade, sg_uf_nascimento, cd_municipio_nascimento, nm_municipio_nascimento, dt_nascimento, nr_idade_data_posse, nr_titulo_eleitoral_candidato, cd_ocupacao, cd_cor_raca, cd_estado_civil, cd_grau_instrucao, cd_genero, vr_despesa_max_campanha, cd_sit_tot_turno, st_reeleicao, st_declarar_bens, nr_protocolo_candidatura, nr_processo, cd_situacao_candidato_pleito, cd_situacao_candidato_urna) VALUES(230001057279, 23100, 'SUNARA PATRICIA DE ALMEIDA SOUZA', 'SUNARA CABELEIREIRA', '#NULO#', '51160927200', 'SUNARAPATRICIA858@GMAIL.COM', '2022-06-05', '02:12:11', 426, 3018, 13, 12, 2, 'PARTIDO ISOLADO', 23, 230000127849, 1, 'RR', -3, 'BOA VISTA', '1979-06-30', '41', '25310022607', 512, 3, 1, 6, 4, '391772.1', 4, 'N', 'S', -1, '6,01E+18', 2, 2);
INSERT INTO public.candidato (sq_candidato, nr_candidato, nm_candidato, nm_urna_candidato, nm_social_candidato, nr_cpf_candidato, nm_email, dt_geracao, hh_geracao, cd_eleicao, sg_ue, cd_cargo, cd_situacao_candidatura, cd_detalhe_situacao_cand, tp_agremiacao, nr_partido, sq_coligacao, cd_nacionalidade, sg_uf_nascimento, cd_municipio_nascimento, nm_municipio_nascimento, dt_nascimento, nr_idade_data_posse, nr_titulo_eleitoral_candidato, cd_ocupacao, cd_cor_raca, cd_estado_civil, cd_grau_instrucao, cd_genero, vr_despesa_max_campanha, cd_sit_tot_turno, st_reeleicao, st_declarar_bens, nr_protocolo_candidatura, nr_processo, cd_situacao_candidato_pleito, cd_situacao_candidato_urna) VALUES(230000864670, 43444, 'ADIZON MENANDRO', 'ADIZON MENANDRO', '#NULO#', '90891783253', 'PVRORAIMA@GMAIL.COM', '2022-06-05', '02:12:11', 426, 3123, 13, 12, 2, 'PARTIDO ISOLADO', 43, 230000094886, 1, 'RR', -3, 'PACARAIMA', '1984-11-29', '36', '3606662607', 601, 3, 3, 6, 2, '24516.75', 4, 'N', 'S', -1, '6,00E+18', 2, 2);
INSERT INTO public.candidato (sq_candidato, nr_candidato, nm_candidato, nm_urna_candidato, nm_social_candidato, nr_cpf_candidato, nm_email, dt_geracao, hh_geracao, cd_eleicao, sg_ue, cd_cargo, cd_situacao_candidatura, cd_detalhe_situacao_cand, tp_agremiacao, nr_partido, sq_coligacao, cd_nacionalidade, sg_uf_nascimento, cd_municipio_nascimento, nm_municipio_nascimento, dt_nascimento, nr_idade_data_posse, nr_titulo_eleitoral_candidato, cd_ocupacao, cd_cor_raca, cd_estado_civil, cd_grau_instrucao, cd_genero, vr_despesa_max_campanha, cd_sit_tot_turno, st_reeleicao, st_declarar_bens, nr_protocolo_candidatura, nr_processo, cd_situacao_candidato_pleito, cd_situacao_candidato_urna) VALUES(230000923550, 90225, 'JOÃO BATISTA MESQUITA DOS SANTOS', 'JOAOZINHO DA FEIRA', '#NULO#', '62068725215', 'BRENDATAIS81@OUTLOOK.COM', '2022-06-05', '02:12:11', 426, 3085, 13, 12, 2, 'PARTIDO ISOLADO', 90, 230000106279, 1, 'MA', -3, 'SANTA LUZIA', '1971-10-20', '49', '2408202615', 601, 3, 3, 2, 2, '22389.73', 5, 'N', 'S', -1, '6,00E+18', 2, 2);
INSERT INTO public.candidato (sq_candidato, nr_candidato, nm_candidato, nm_urna_candidato, nm_social_candidato, nr_cpf_candidato, nm_email, dt_geracao, hh_geracao, cd_eleicao, sg_ue, cd_cargo, cd_situacao_candidatura, cd_detalhe_situacao_cand, tp_agremiacao, nr_partido, sq_coligacao, cd_nacionalidade, sg_uf_nascimento, cd_municipio_nascimento, nm_municipio_nascimento, dt_nascimento, nr_idade_data_posse, nr_titulo_eleitoral_candidato, cd_ocupacao, cd_cor_raca, cd_estado_civil, cd_grau_instrucao, cd_genero, vr_despesa_max_campanha, cd_sit_tot_turno, st_reeleicao, st_declarar_bens, nr_protocolo_candidatura, nr_processo, cd_situacao_candidato_pleito, cd_situacao_candidato_urna) VALUES(230000728185, 77000, 'FELIPE DE PAULA SIMON GUIMARÃES', 'FELIPE SIMON', '#NULO#', '2193382212', 'KELIANNEBARROREIS@HOTMAIL.COM', '2022-06-05', '02:12:11', 426, 3050, 13, 12, 2, 'PARTIDO ISOLADO', 77, 230000068014, 1, 'RR', -3, 'BOA VISTA', '1995-04-01', '25', '4357582623', 131, 3, 1, 8, 2, '62126.27', 5, 'N', 'S', -1, '6,00E+18', 2, 2);
INSERT INTO public.candidato (sq_candidato, nr_candidato, nm_candidato, nm_urna_candidato, nm_social_candidato, nr_cpf_candidato, nm_email, dt_geracao, hh_geracao, cd_eleicao, sg_ue, cd_cargo, cd_situacao_candidatura, cd_detalhe_situacao_cand, tp_agremiacao, nr_partido, sq_coligacao, cd_nacionalidade, sg_uf_nascimento, cd_municipio_nascimento, nm_municipio_nascimento, dt_nascimento, nr_idade_data_posse, nr_titulo_eleitoral_candidato, cd_ocupacao, cd_cor_raca, cd_estado_civil, cd_grau_instrucao, cd_genero, vr_despesa_max_campanha, cd_sit_tot_turno, st_reeleicao, st_declarar_bens, nr_protocolo_candidatura, nr_processo, cd_situacao_candidato_pleito, cd_situacao_candidato_urna) VALUES(230000784250, 23222, 'JESUINO PEDROSA LIMA', 'TUXAUA PEDROSA', '#NULO#', '6051820272', 'JESUINOPEDROSALIMA@GMAIL.COM', '2022-06-05', '02:12:11', 426, 3123, 13, 12, 2, 'PARTIDO ISOLADO', 23, 230000076281, 1, 'RR', -3, 'BOA VISTA', '1952-03-07', '68', '289972631', 601, 5, 3, 4, 2, '24516.75', 5, 'N', 'S', -1, '6,00E+18', 2, 2);
INSERT INTO public.candidato (sq_candidato, nr_candidato, nm_candidato, nm_urna_candidato, nm_social_candidato, nr_cpf_candidato, nm_email, dt_geracao, hh_geracao, cd_eleicao, sg_ue, cd_cargo, cd_situacao_candidatura, cd_detalhe_situacao_cand, tp_agremiacao, nr_partido, sq_coligacao, cd_nacionalidade, sg_uf_nascimento, cd_municipio_nascimento, nm_municipio_nascimento, dt_nascimento, nr_idade_data_posse, nr_titulo_eleitoral_candidato, cd_ocupacao, cd_cor_raca, cd_estado_civil, cd_grau_instrucao, cd_genero, vr_despesa_max_campanha, cd_sit_tot_turno, st_reeleicao, st_declarar_bens, nr_protocolo_candidatura, nr_processo, cd_situacao_candidato_pleito, cd_situacao_candidato_urna) VALUES(230001208535, 45123, 'EDILSON DOS SANTOS SILVA', 'EDILSON SILVA', '#NULO#', '70065502205', 'DIRETORIA@EXTREMONORTETV.COM', '2022-06-05', '02:12:11', 426, 3034, 13, 12, 2, 'PARTIDO ISOLADO', 45, 230000148705, 1, 'RR', -3, 'CARACARAÍ', '1997-04-10', '23', '4627642640', 999, 3, 1, 4, 2, '32516.41', 4, 'N', 'S', -1, '6,00E+18', 2, 2);
INSERT INTO public.candidato (sq_candidato, nr_candidato, nm_candidato, nm_urna_candidato, nm_social_candidato, nr_cpf_candidato, nm_email, dt_geracao, hh_geracao, cd_eleicao, sg_ue, cd_cargo, cd_situacao_candidatura, cd_detalhe_situacao_cand, tp_agremiacao, nr_partido, sq_coligacao, cd_nacionalidade, sg_uf_nascimento, cd_municipio_nascimento, nm_municipio_nascimento, dt_nascimento, nr_idade_data_posse, nr_titulo_eleitoral_candidato, cd_ocupacao, cd_cor_raca, cd_estado_civil, cd_grau_instrucao, cd_genero, vr_despesa_max_campanha, cd_sit_tot_turno, st_reeleicao, st_declarar_bens, nr_protocolo_candidatura, nr_processo, cd_situacao_candidato_pleito, cd_situacao_candidato_urna) VALUES(230001244571, 77456, 'KAMYLA REBEKA DOS SANTOS FEITOSA', 'KAMYLA REBEKA', '#NULO#', '3517236250', 'KAMILLAWOX159@GMAIL.COM', '2022-06-05', '02:12:11', 426, 3085, 13, 12, 2, 'PARTIDO ISOLADO', 77, 230000154239, 1, 'RR', -3, 'BOA VISTA', '1997-05-17', '23', '4635942690', 999, 3, 1, 6, 4, '22389.73', 5, 'N', 'S', -1, '6,00E+18', 2, 2);
INSERT INTO public.candidato (sq_candidato, nr_candidato, nm_candidato, nm_urna_candidato, nm_social_candidato, nr_cpf_candidato, nm_email, dt_geracao, hh_geracao, cd_eleicao, sg_ue, cd_cargo, cd_situacao_candidatura, cd_detalhe_situacao_cand, tp_agremiacao, nr_partido, sq_coligacao, cd_nacionalidade, sg_uf_nascimento, cd_municipio_nascimento, nm_municipio_nascimento, dt_nascimento, nr_idade_data_posse, nr_titulo_eleitoral_candidato, cd_ocupacao, cd_cor_raca, cd_estado_civil, cd_grau_instrucao, cd_genero, vr_despesa_max_campanha, cd_sit_tot_turno, st_reeleicao, st_declarar_bens, nr_protocolo_candidatura, nr_processo, cd_situacao_candidato_pleito, cd_situacao_candidato_urna) VALUES(230000828338, 77123, 'GERSON ALVES OLIVEIRA', 'GERSON ALVES', '#NULO#', '58127623253', 'DAIANESANTANA20@GMAIL.COM', '2022-06-05', '02:12:11', 426, 3158, 13, 12, 2, 'PARTIDO ISOLADO', 77, 230000087164, 1, 'PI', -3, 'UNIÃO', '1974-11-21', '46', '1683552615', 278, 3, 1, 6, 2, '24561.18', 5, 'N', 'S', -1, '6,00E+18', 2, 2);
INSERT INTO public.candidato (sq_candidato, nr_candidato, nm_candidato, nm_urna_candidato, nm_social_candidato, nr_cpf_candidato, nm_email, dt_geracao, hh_geracao, cd_eleicao, sg_ue, cd_cargo, cd_situacao_candidatura, cd_detalhe_situacao_cand, tp_agremiacao, nr_partido, sq_coligacao, cd_nacionalidade, sg_uf_nascimento, cd_municipio_nascimento, nm_municipio_nascimento, dt_nascimento, nr_idade_data_posse, nr_titulo_eleitoral_candidato, cd_ocupacao, cd_cor_raca, cd_estado_civil, cd_grau_instrucao, cd_genero, vr_despesa_max_campanha, cd_sit_tot_turno, st_reeleicao, st_declarar_bens, nr_protocolo_candidatura, nr_processo, cd_situacao_candidato_pleito, cd_situacao_candidato_urna) VALUES(230001215355, 10456, 'WILLIAM FELIX DA SILVA', 'WILLIAN FELIX', '#NULO#', '72260289215', 'WILLIANFELIXDASILVARR@GMAIL.COM', '2022-06-05', '02:12:11', 426, 3042, 13, 12, 2, 'PARTIDO ISOLADO', 10, 230000149654, 1, 'PB', -3, 'GUARABIRA', '1983-03-06', '37', '2700552674', 602, 3, 1, 5, 2, '33186.78', 3, 'N', 'N', -1, '6,00E+18', 2, 2);
INSERT INTO public.candidato (sq_candidato, nr_candidato, nm_candidato, nm_urna_candidato, nm_social_candidato, nr_cpf_candidato, nm_email, dt_geracao, hh_geracao, cd_eleicao, sg_ue, cd_cargo, cd_situacao_candidatura, cd_detalhe_situacao_cand, tp_agremiacao, nr_partido, sq_coligacao, cd_nacionalidade, sg_uf_nascimento, cd_municipio_nascimento, nm_municipio_nascimento, dt_nascimento, nr_idade_data_posse, nr_titulo_eleitoral_candidato, cd_ocupacao, cd_cor_raca, cd_estado_civil, cd_grau_instrucao, cd_genero, vr_despesa_max_campanha, cd_sit_tot_turno, st_reeleicao, st_declarar_bens, nr_protocolo_candidatura, nr_processo, cd_situacao_candidato_pleito, cd_situacao_candidato_urna) VALUES(230000785238, 43433, 'ANTONIO COSTA VIEIRA', 'ANTONIO COSTA', '#NULO#', '89454618253', 'PVRORAIMA@GMAIL.COM', '2022-06-05', '02:12:11', 426, 3085, 13, 12, 2, 'PARTIDO ISOLADO', 43, 230000076413, 1, 'MA', -3, 'ZÉ DOCA', '1989-06-08', '31', '3810642607', 999, 3, 1, 6, 2, '22389.73', 5, 'N', 'S', -1, '6,00E+18', 2, 2);
INSERT INTO public.candidato (sq_candidato, nr_candidato, nm_candidato, nm_urna_candidato, nm_social_candidato, nr_cpf_candidato, nm_email, dt_geracao, hh_geracao, cd_eleicao, sg_ue, cd_cargo, cd_situacao_candidatura, cd_detalhe_situacao_cand, tp_agremiacao, nr_partido, sq_coligacao, cd_nacionalidade, sg_uf_nascimento, cd_municipio_nascimento, nm_municipio_nascimento, dt_nascimento, nr_idade_data_posse, nr_titulo_eleitoral_candidato, cd_ocupacao, cd_cor_raca, cd_estado_civil, cd_grau_instrucao, cd_genero, vr_despesa_max_campanha, cd_sit_tot_turno, st_reeleicao, st_declarar_bens, nr_protocolo_candidatura, nr_processo, cd_situacao_candidato_pleito, cd_situacao_candidato_urna) VALUES(230001264878, 27246, 'ANTONIO SOARES DOS SANTOS', 'ANTONIO OLAVO', '#NULO#', '72681403200', 'CONTATO@ANDREIVERIBEIROADVOCACIA.COM.BR', '2022-06-05', '02:12:11', 426, 3018, 13, 12, 2, 'PARTIDO ISOLADO', 27, 230000127984, 1, 'CE', -3, 'IBIAPINA', '1980-05-10', '40', '2759262682', 999, 1, 3, 6, 2, '391772.1', 5, 'N', 'N', -1, '6,01E+18', 2, 2);
INSERT INTO public.candidato (sq_candidato, nr_candidato, nm_candidato, nm_urna_candidato, nm_social_candidato, nr_cpf_candidato, nm_email, dt_geracao, hh_geracao, cd_eleicao, sg_ue, cd_cargo, cd_situacao_candidatura, cd_detalhe_situacao_cand, tp_agremiacao, nr_partido, sq_coligacao, cd_nacionalidade, sg_uf_nascimento, cd_municipio_nascimento, nm_municipio_nascimento, dt_nascimento, nr_idade_data_posse, nr_titulo_eleitoral_candidato, cd_ocupacao, cd_cor_raca, cd_estado_civil, cd_grau_instrucao, cd_genero, vr_despesa_max_campanha, cd_sit_tot_turno, st_reeleicao, st_declarar_bens, nr_protocolo_candidatura, nr_processo, cd_situacao_candidato_pleito, cd_situacao_candidato_urna) VALUES(230000837377, 18500, 'FABRÍCIO DA SILVA MARQUES', 'FABRÍCIO MARQUES', '#NULO#', '76154246234', 'FABRICIOPETI@HOTMAIL.COM', '2022-06-05', '02:12:11', 426, 3018, 13, 12, 2, 'PARTIDO ISOLADO', 18, 230000088887, 1, 'RR', -3, 'CARACARAÍ', '1982-12-31', '38', '3062812631', 298, 3, 3, 6, 2, '391772.1', 5, 'N', 'S', -1, '6,00E+18', 2, 2);
INSERT INTO public.candidato (sq_candidato, nr_candidato, nm_candidato, nm_urna_candidato, nm_social_candidato, nr_cpf_candidato, nm_email, dt_geracao, hh_geracao, cd_eleicao, sg_ue, cd_cargo, cd_situacao_candidatura, cd_detalhe_situacao_cand, tp_agremiacao, nr_partido, sq_coligacao, cd_nacionalidade, sg_uf_nascimento, cd_municipio_nascimento, nm_municipio_nascimento, dt_nascimento, nr_idade_data_posse, nr_titulo_eleitoral_candidato, cd_ocupacao, cd_cor_raca, cd_estado_civil, cd_grau_instrucao, cd_genero, vr_despesa_max_campanha, cd_sit_tot_turno, st_reeleicao, st_declarar_bens, nr_protocolo_candidatura, nr_processo, cd_situacao_candidato_pleito, cd_situacao_candidato_urna) VALUES(230000655140, 10333, 'ROSANETE ALMEIDA MELO', 'PROFESSORA ROSANETE', '#NULO#', '7481721220', 'BONFIMREPUBLICANOS@GMAIL.COM', '2022-06-05', '02:12:11', 426, 3077, 13, 12, 2, 'PARTIDO ISOLADO', 10, 230000058393, 1, 'RR', -3, 'BOA VISTA', '1961-11-22', '59', '360442690', 296, 3, 1, 7, 4, '12307.75', 5, 'N', 'S', -1, '6,00E+18', 2, 2);
INSERT INTO public.candidato (sq_candidato, nr_candidato, nm_candidato, nm_urna_candidato, nm_social_candidato, nr_cpf_candidato, nm_email, dt_geracao, hh_geracao, cd_eleicao, sg_ue, cd_cargo, cd_situacao_candidatura, cd_detalhe_situacao_cand, tp_agremiacao, nr_partido, sq_coligacao, cd_nacionalidade, sg_uf_nascimento, cd_municipio_nascimento, nm_municipio_nascimento, dt_nascimento, nr_idade_data_posse, nr_titulo_eleitoral_candidato, cd_ocupacao, cd_cor_raca, cd_estado_civil, cd_grau_instrucao, cd_genero, vr_despesa_max_campanha, cd_sit_tot_turno, st_reeleicao, st_declarar_bens, nr_protocolo_candidatura, nr_processo, cd_situacao_candidato_pleito, cd_situacao_candidato_urna) VALUES(230001058254, 40333, 'CARLOS RODRIGO DOS SANTOS', 'CARLOS RODRIGO', '#NULO#', '79493297268', 'CONTATO@ANDREIVERIBEIROADVOCACIA.COM.BR', '2022-06-05', '02:12:11', 426, 3018, 13, 12, 2, 'PARTIDO ISOLADO', 40, 230000127982, 1, 'RR', -3, 'BOA VISTA', '1985-11-12', '35', '3563652607', 999, 3, 1, 6, 2, '391772.1', 4, 'N', 'N', -1, '6,01E+18', 2, 2);
INSERT INTO public.candidato (sq_candidato, nr_candidato, nm_candidato, nm_urna_candidato, nm_social_candidato, nr_cpf_candidato, nm_email, dt_geracao, hh_geracao, cd_eleicao, sg_ue, cd_cargo, cd_situacao_candidatura, cd_detalhe_situacao_cand, tp_agremiacao, nr_partido, sq_coligacao, cd_nacionalidade, sg_uf_nascimento, cd_municipio_nascimento, nm_municipio_nascimento, dt_nascimento, nr_idade_data_posse, nr_titulo_eleitoral_candidato, cd_ocupacao, cd_cor_raca, cd_estado_civil, cd_grau_instrucao, cd_genero, vr_despesa_max_campanha, cd_sit_tot_turno, st_reeleicao, st_declarar_bens, nr_protocolo_candidatura, nr_processo, cd_situacao_candidato_pleito, cd_situacao_candidato_urna) VALUES(230000928183, 77000, 'DANIELE MARIA DA SILVA ESBELL', 'DANI ESBELL', '#NULO#', '968724205', 'IANDARA_BLOOM@HOTMAIL.COM', '2022-06-05', '02:12:11', 426, 3115, 13, 12, 2, 'PARTIDO ISOLADO', 77, 230000106921, 1, 'RR', -3, 'NORMANDIA', '1993-01-27', '27', '4305222615', 278, 5, 3, 6, 4, '12307.75', 3, 'N', 'S', -1, '6,00E+18', 2, 2);
INSERT INTO public.candidato (sq_candidato, nr_candidato, nm_candidato, nm_urna_candidato, nm_social_candidato, nr_cpf_candidato, nm_email, dt_geracao, hh_geracao, cd_eleicao, sg_ue, cd_cargo, cd_situacao_candidatura, cd_detalhe_situacao_cand, tp_agremiacao, nr_partido, sq_coligacao, cd_nacionalidade, sg_uf_nascimento, cd_municipio_nascimento, nm_municipio_nascimento, dt_nascimento, nr_idade_data_posse, nr_titulo_eleitoral_candidato, cd_ocupacao, cd_cor_raca, cd_estado_civil, cd_grau_instrucao, cd_genero, vr_despesa_max_campanha, cd_sit_tot_turno, st_reeleicao, st_declarar_bens, nr_protocolo_candidatura, nr_processo, cd_situacao_candidato_pleito, cd_situacao_candidato_urna) VALUES(230001216854, 45123, 'ZENEIDE PERES DE SOUSA', 'ZENEIDE PERES', '#NULO#', '73783889200', 'AGAMENONSKJ@HOTMAIL.COM', '2022-06-05', '02:12:11', 426, 3123, 13, 12, 2, 'PARTIDO ISOLADO', 45, 230000149857, 1, 'RR', -3, 'BOA VISTA', '1983-02-14', '37', '3037292607', 257, 3, 3, 6, 4, '24516.75', 5, 'N', 'S', -1, '6,00E+18', 2, 2);
INSERT INTO public.candidato (sq_candidato, nr_candidato, nm_candidato, nm_urna_candidato, nm_social_candidato, nr_cpf_candidato, nm_email, dt_geracao, hh_geracao, cd_eleicao, sg_ue, cd_cargo, cd_situacao_candidatura, cd_detalhe_situacao_cand, tp_agremiacao, nr_partido, sq_coligacao, cd_nacionalidade, sg_uf_nascimento, cd_municipio_nascimento, nm_municipio_nascimento, dt_nascimento, nr_idade_data_posse, nr_titulo_eleitoral_candidato, cd_ocupacao, cd_cor_raca, cd_estado_civil, cd_grau_instrucao, cd_genero, vr_despesa_max_campanha, cd_sit_tot_turno, st_reeleicao, st_declarar_bens, nr_protocolo_candidatura, nr_processo, cd_situacao_candidato_pleito, cd_situacao_candidato_urna) VALUES(230000787486, 14171, 'JOSÉ RICARDO BARBOSA DE BRITO', 'POLIVALENTE', '#NULO#', '61963739272', 'JWS.ASSESSORIA@HOTMAIL.COM', '2022-06-05', '02:12:11', 426, 3018, 13, 12, 2, 'PARTIDO ISOLADO', 14, 230000076746, 1, 'AM', -3, 'MANAUS', '1979-12-12', '41', '2380732607', 171, 3, 3, 5, 2, '391772.1', 5, 'N', 'S', -1, '6,00E+18', 2, 2);
INSERT INTO public.candidato (sq_candidato, nr_candidato, nm_candidato, nm_urna_candidato, nm_social_candidato, nr_cpf_candidato, nm_email, dt_geracao, hh_geracao, cd_eleicao, sg_ue, cd_cargo, cd_situacao_candidatura, cd_detalhe_situacao_cand, tp_agremiacao, nr_partido, sq_coligacao, cd_nacionalidade, sg_uf_nascimento, cd_municipio_nascimento, nm_municipio_nascimento, dt_nascimento, nr_idade_data_posse, nr_titulo_eleitoral_candidato, cd_ocupacao, cd_cor_raca, cd_estado_civil, cd_grau_instrucao, cd_genero, vr_despesa_max_campanha, cd_sit_tot_turno, st_reeleicao, st_declarar_bens, nr_protocolo_candidatura, nr_processo, cd_situacao_candidato_pleito, cd_situacao_candidato_urna) VALUES(230001275212, 77, 'RENATO CARVALHO DE SOUSA', 'RENATO CARVALHO', '#NULO#', '79708749249', 'AMAZONASARAUJO@GMAIL.COM', '2022-06-05', '02:12:11', 426, 3069, 12, 12, 2, 'COLIGAÇÃO', 14, 230000073925, 1, 'RR', -3, 'BOA VISTA', '1982-01-05', '38', '2692212607', 999, 3, 1, 6, 2, '-1', 4, 'N', 'S', -1, '6,01E+18', 2, 2);
INSERT INTO public.candidato (sq_candidato, nr_candidato, nm_candidato, nm_urna_candidato, nm_social_candidato, nr_cpf_candidato, nm_email, dt_geracao, hh_geracao, cd_eleicao, sg_ue, cd_cargo, cd_situacao_candidatura, cd_detalhe_situacao_cand, tp_agremiacao, nr_partido, sq_coligacao, cd_nacionalidade, sg_uf_nascimento, cd_municipio_nascimento, nm_municipio_nascimento, dt_nascimento, nr_idade_data_posse, nr_titulo_eleitoral_candidato, cd_ocupacao, cd_cor_raca, cd_estado_civil, cd_grau_instrucao, cd_genero, vr_despesa_max_campanha, cd_sit_tot_turno, st_reeleicao, st_declarar_bens, nr_protocolo_candidatura, nr_processo, cd_situacao_candidato_pleito, cd_situacao_candidato_urna) VALUES(230001215352, 10123, 'KELMA DOS SANTOS DA SILVA', 'PROF. KELMA', '#NULO#', '1981756396', 'REPUBLICANOS.ASSESSORIARR@GMAIL.COM', '2022-06-05', '02:12:11', 426, 3042, 13, 12, 2, 'PARTIDO ISOLADO', 10, 230000149654, 1, 'MA', -3, 'SANTA LUZIA', '1984-09-13', '36', '57544421155', 601, 3, 1, 8, 4, '33186.78', 5, 'N', 'S', -1, '6,00E+18', 2, 2);
INSERT INTO public.candidato (sq_candidato, nr_candidato, nm_candidato, nm_urna_candidato, nm_social_candidato, nr_cpf_candidato, nm_email, dt_geracao, hh_geracao, cd_eleicao, sg_ue, cd_cargo, cd_situacao_candidatura, cd_detalhe_situacao_cand, tp_agremiacao, nr_partido, sq_coligacao, cd_nacionalidade, sg_uf_nascimento, cd_municipio_nascimento, nm_municipio_nascimento, dt_nascimento, nr_idade_data_posse, nr_titulo_eleitoral_candidato, cd_ocupacao, cd_cor_raca, cd_estado_civil, cd_grau_instrucao, cd_genero, vr_despesa_max_campanha, cd_sit_tot_turno, st_reeleicao, st_declarar_bens, nr_protocolo_candidatura, nr_processo, cd_situacao_candidato_pleito, cd_situacao_candidato_urna) VALUES(230000675399, 51333, 'JOSUÉ SALES TEIXEIRA', 'J SALES', '#NULO#', '22586938291', 'SALES.JOSUE@HOTMAIL.COM', '2022-06-05', '02:12:11', 426, 3034, 13, 12, 2, 'PARTIDO ISOLADO', 51, 230000060762, 1, 'RR', -3, 'BOA VISTA', '1965-01-30', '55', '383412640', 257, 3, 3, 3, 2, '32516.41', 5, 'N', 'S', -1, '6,00E+18', 2, 2);
INSERT INTO public.candidato (sq_candidato, nr_candidato, nm_candidato, nm_urna_candidato, nm_social_candidato, nr_cpf_candidato, nm_email, dt_geracao, hh_geracao, cd_eleicao, sg_ue, cd_cargo, cd_situacao_candidatura, cd_detalhe_situacao_cand, tp_agremiacao, nr_partido, sq_coligacao, cd_nacionalidade, sg_uf_nascimento, cd_municipio_nascimento, nm_municipio_nascimento, dt_nascimento, nr_idade_data_posse, nr_titulo_eleitoral_candidato, cd_ocupacao, cd_cor_raca, cd_estado_civil, cd_grau_instrucao, cd_genero, vr_despesa_max_campanha, cd_sit_tot_turno, st_reeleicao, st_declarar_bens, nr_protocolo_candidatura, nr_processo, cd_situacao_candidato_pleito, cd_situacao_candidato_urna) VALUES(230001236675, 55197, 'RAIMUNDO NONATO BELO BESERRA', 'NONATINHO DA JOSA', '#NULO#', '31162134291', 'APARECIDOSOUSADEJESUS@GMAIL.COM', '2022-06-05', '02:12:11', 426, 3077, 13, 12, 2, 'PARTIDO ISOLADO', 55, 230000148453, 1, 'MA', -3, 'PIO XII', '1964-04-22', '56', '1606412674', 999, 3, 1, 3, 2, '12307.75', 4, 'N', 'S', -1, '6,01E+18', 2, 2);
INSERT INTO public.candidato (sq_candidato, nr_candidato, nm_candidato, nm_urna_candidato, nm_social_candidato, nr_cpf_candidato, nm_email, dt_geracao, hh_geracao, cd_eleicao, sg_ue, cd_cargo, cd_situacao_candidatura, cd_detalhe_situacao_cand, tp_agremiacao, nr_partido, sq_coligacao, cd_nacionalidade, sg_uf_nascimento, cd_municipio_nascimento, nm_municipio_nascimento, dt_nascimento, nr_idade_data_posse, nr_titulo_eleitoral_candidato, cd_ocupacao, cd_cor_raca, cd_estado_civil, cd_grau_instrucao, cd_genero, vr_despesa_max_campanha, cd_sit_tot_turno, st_reeleicao, st_declarar_bens, nr_protocolo_candidatura, nr_processo, cd_situacao_candidato_pleito, cd_situacao_candidato_urna) VALUES(230001244567, 77888, 'FRANCISCO GOMES DA SILVA NETO', 'FRANÇA', '#NULO#', '45230188120', 'AMIGOFRANCA13@GMAIL.COM', '2022-06-05', '02:12:11', 426, 3085, 13, 12, 2, 'PARTIDO ISOLADO', 77, 230000154239, 1, 'MA', -3, 'JOÃO LISBOA', '1966-04-13', '54', '1442962615', 297, 3, 3, 6, 2, '22389.73', 5, 'N', 'S', -1, '6,00E+18', 2, 2);
INSERT INTO public.candidato (sq_candidato, nr_candidato, nm_candidato, nm_urna_candidato, nm_social_candidato, nr_cpf_candidato, nm_email, dt_geracao, hh_geracao, cd_eleicao, sg_ue, cd_cargo, cd_situacao_candidatura, cd_detalhe_situacao_cand, tp_agremiacao, nr_partido, sq_coligacao, cd_nacionalidade, sg_uf_nascimento, cd_municipio_nascimento, nm_municipio_nascimento, dt_nascimento, nr_idade_data_posse, nr_titulo_eleitoral_candidato, cd_ocupacao, cd_cor_raca, cd_estado_civil, cd_grau_instrucao, cd_genero, vr_despesa_max_campanha, cd_sit_tot_turno, st_reeleicao, st_declarar_bens, nr_protocolo_candidatura, nr_processo, cd_situacao_candidato_pleito, cd_situacao_candidato_urna) VALUES(230000969662, 20777, 'MACINEIA MARTINS VIRIATO', 'MACINEIA', '#NULO#', '77219678215', 'MACEDOROSSI121285@GMAIL.COM', '2022-06-05', '02:12:11', 426, 3115, 13, 12, 2, 'PARTIDO ISOLADO', 20, 230000112814, 1, 'RR', -3, 'NORMANDIA', '1983-02-23', '37', '3189512615', 601, 3, 3, 3, 4, '12307.75', 4, 'N', 'S', -1, '6,00E+18', 2, 2);
INSERT INTO public.candidato (sq_candidato, nr_candidato, nm_candidato, nm_urna_candidato, nm_social_candidato, nr_cpf_candidato, nm_email, dt_geracao, hh_geracao, cd_eleicao, sg_ue, cd_cargo, cd_situacao_candidatura, cd_detalhe_situacao_cand, tp_agremiacao, nr_partido, sq_coligacao, cd_nacionalidade, sg_uf_nascimento, cd_municipio_nascimento, nm_municipio_nascimento, dt_nascimento, nr_idade_data_posse, nr_titulo_eleitoral_candidato, cd_ocupacao, cd_cor_raca, cd_estado_civil, cd_grau_instrucao, cd_genero, vr_despesa_max_campanha, cd_sit_tot_turno, st_reeleicao, st_declarar_bens, nr_protocolo_candidatura, nr_processo, cd_situacao_candidato_pleito, cd_situacao_candidato_urna) VALUES(230000837366, 18111, 'CRISTIANE DO NASCIMENTO BRANDÃO', 'PROFESSORA CRIS BRANDÃO', '#NULO#', '66565367272', 'CRISBRANDAORR@GMAIL.COM', '2022-06-05', '02:12:11', 426, 3018, 13, 12, 2, 'PARTIDO ISOLADO', 18, 230000088887, 1, 'RR', -3, 'BOA VISTA', '1980-01-23', '40', '2732732640', 142, 3, 1, 8, 4, '391772.1', 5, 'N', 'S', -1, '6,00E+18', 2, 2);
INSERT INTO public.candidato (sq_candidato, nr_candidato, nm_candidato, nm_urna_candidato, nm_social_candidato, nr_cpf_candidato, nm_email, dt_geracao, hh_geracao, cd_eleicao, sg_ue, cd_cargo, cd_situacao_candidatura, cd_detalhe_situacao_cand, tp_agremiacao, nr_partido, sq_coligacao, cd_nacionalidade, sg_uf_nascimento, cd_municipio_nascimento, nm_municipio_nascimento, dt_nascimento, nr_idade_data_posse, nr_titulo_eleitoral_candidato, cd_ocupacao, cd_cor_raca, cd_estado_civil, cd_grau_instrucao, cd_genero, vr_despesa_max_campanha, cd_sit_tot_turno, st_reeleicao, st_declarar_bens, nr_protocolo_candidatura, nr_processo, cd_situacao_candidato_pleito, cd_situacao_candidato_urna) VALUES(230001054013, 13777, 'ANDERSON ROMULO GARCIA BRAZ', 'RÔMULO BRAZ', '#NULO#', '78837707215', 'ROMULOBRAZ13777@GMAIL.COM', '2022-06-05', '02:12:11', 426, 3018, 13, 12, 2, 'PARTIDO ISOLADO', 13, 230000127416, 1, 'PA', -3, 'ITAITUBA', '1983-10-31', '37', '44519851309', 297, 5, 1, 8, 2, '391772.1', 4, 'N', 'N', -1, '6,01E+18', 2, 2);
INSERT INTO public.candidato (sq_candidato, nr_candidato, nm_candidato, nm_urna_candidato, nm_social_candidato, nr_cpf_candidato, nm_email, dt_geracao, hh_geracao, cd_eleicao, sg_ue, cd_cargo, cd_situacao_candidatura, cd_detalhe_situacao_cand, tp_agremiacao, nr_partido, sq_coligacao, cd_nacionalidade, sg_uf_nascimento, cd_municipio_nascimento, nm_municipio_nascimento, dt_nascimento, nr_idade_data_posse, nr_titulo_eleitoral_candidato, cd_ocupacao, cd_cor_raca, cd_estado_civil, cd_grau_instrucao, cd_genero, vr_despesa_max_campanha, cd_sit_tot_turno, st_reeleicao, st_declarar_bens, nr_protocolo_candidatura, nr_processo, cd_situacao_candidato_pleito, cd_situacao_candidato_urna) VALUES(230000985745, 23156, 'DARIANA CORDEIRO DA SILVA', 'MARIA', '#NULO#', '1412621259', 'SECRETARIAPPSRR@GMAIL.COM', '2022-06-05', '02:12:11', 426, 3034, 13, 12, 2, 'PARTIDO ISOLADO', 23, 230000115359, 1, 'RR', -3, 'CARACARAÍ', '1992-11-21', '28', '4079612623', 999, 3, 1, 6, 4, '32516.41', 4, 'N', 'N', -1, '6,00E+18', 2, 2);
INSERT INTO public.candidato (sq_candidato, nr_candidato, nm_candidato, nm_urna_candidato, nm_social_candidato, nr_cpf_candidato, nm_email, dt_geracao, hh_geracao, cd_eleicao, sg_ue, cd_cargo, cd_situacao_candidatura, cd_detalhe_situacao_cand, tp_agremiacao, nr_partido, sq_coligacao, cd_nacionalidade, sg_uf_nascimento, cd_municipio_nascimento, nm_municipio_nascimento, dt_nascimento, nr_idade_data_posse, nr_titulo_eleitoral_candidato, cd_ocupacao, cd_cor_raca, cd_estado_civil, cd_grau_instrucao, cd_genero, vr_despesa_max_campanha, cd_sit_tot_turno, st_reeleicao, st_declarar_bens, nr_protocolo_candidatura, nr_processo, cd_situacao_candidato_pleito, cd_situacao_candidato_urna) VALUES(230000838402, 51163, 'JACKSON LOPES DA SILVA', 'JACKSON AMIGO DA GENTE', '#NULO#', '50812068220', 'ABC_DIREITOSOCIAL@HOTMAIL.COM', '2022-06-05', '02:12:11', 426, 3018, 13, 12, 2, 'PARTIDO ISOLADO', 51, 230000089085, 1, 'PE', -3, 'OLINDA', '1974-08-25', '46', '2136662607', 999, 3, 1, 4, 2, '391772.1', 4, 'N', 'S', -1, '6,00E+18', 2, 2);
INSERT INTO public.candidato (sq_candidato, nr_candidato, nm_candidato, nm_urna_candidato, nm_social_candidato, nr_cpf_candidato, nm_email, dt_geracao, hh_geracao, cd_eleicao, sg_ue, cd_cargo, cd_situacao_candidatura, cd_detalhe_situacao_cand, tp_agremiacao, nr_partido, sq_coligacao, cd_nacionalidade, sg_uf_nascimento, cd_municipio_nascimento, nm_municipio_nascimento, dt_nascimento, nr_idade_data_posse, nr_titulo_eleitoral_candidato, cd_ocupacao, cd_cor_raca, cd_estado_civil, cd_grau_instrucao, cd_genero, vr_despesa_max_campanha, cd_sit_tot_turno, st_reeleicao, st_declarar_bens, nr_protocolo_candidatura, nr_processo, cd_situacao_candidato_pleito, cd_situacao_candidato_urna) VALUES(230000976180, 77555, 'MOISÉS DE ARAÚJO SOUSA', 'MOISÉS DA VILA NOVA', '#NULO#', '98874691220', 'SOLIDARIEDADEDIRETORIAAMJ@GMAIL.COM', '2022-06-05', '02:12:11', 426, 3042, 13, 12, 2, 'PARTIDO ISOLADO', 77, 230000113821, 1, 'MA', -3, 'TURIAÇU', '1984-07-14', '36', '3643882631', 601, 3, 1, 6, 2, '33186.78', 5, 'N', 'S', -1, '6,00E+18', 2, 2);
INSERT INTO public.candidato (sq_candidato, nr_candidato, nm_candidato, nm_urna_candidato, nm_social_candidato, nr_cpf_candidato, nm_email, dt_geracao, hh_geracao, cd_eleicao, sg_ue, cd_cargo, cd_situacao_candidatura, cd_detalhe_situacao_cand, tp_agremiacao, nr_partido, sq_coligacao, cd_nacionalidade, sg_uf_nascimento, cd_municipio_nascimento, nm_municipio_nascimento, dt_nascimento, nr_idade_data_posse, nr_titulo_eleitoral_candidato, cd_ocupacao, cd_cor_raca, cd_estado_civil, cd_grau_instrucao, cd_genero, vr_despesa_max_campanha, cd_sit_tot_turno, st_reeleicao, st_declarar_bens, nr_protocolo_candidatura, nr_processo, cd_situacao_candidato_pleito, cd_situacao_candidato_urna) VALUES(230000838191, 28128, 'LUIS FURTADO COSTA', 'FURTADO', '#NULO#', '78865328215', 'PRTBRR28@GMAIL.COM', '2022-06-05', '02:12:11', 426, 3018, 13, 12, 2, 'PARTIDO ISOLADO', 28, 230000089028, 1, 'PA', -3, 'BREVES', '1984-07-23', '36', '3255972623', 233, 3, 3, 6, 2, '391772.1', 5, 'N', 'S', -1, '6,00E+18', 2, 2);
INSERT INTO public.candidato (sq_candidato, nr_candidato, nm_candidato, nm_urna_candidato, nm_social_candidato, nr_cpf_candidato, nm_email, dt_geracao, hh_geracao, cd_eleicao, sg_ue, cd_cargo, cd_situacao_candidatura, cd_detalhe_situacao_cand, tp_agremiacao, nr_partido, sq_coligacao, cd_nacionalidade, sg_uf_nascimento, cd_municipio_nascimento, nm_municipio_nascimento, dt_nascimento, nr_idade_data_posse, nr_titulo_eleitoral_candidato, cd_ocupacao, cd_cor_raca, cd_estado_civil, cd_grau_instrucao, cd_genero, vr_despesa_max_campanha, cd_sit_tot_turno, st_reeleicao, st_declarar_bens, nr_protocolo_candidatura, nr_processo, cd_situacao_candidato_pleito, cd_situacao_candidato_urna) VALUES(230000976188, 77777, 'MARIA DIRCINHA DE OLIVEIRA', 'DIRCINHA', '#NULO#', '38242664234', 'SOLIDARIEDADEDIRETORIAAMJ@GMAIL.COM', '2022-06-05', '02:12:11', 426, 3042, 13, 12, 2, 'PARTIDO ISOLADO', 77, 230000113821, 1, 'RR', -3, 'BOA VISTA', '1972-10-14', '48', '1436192682', 257, 3, 3, 6, 4, '33186.78', 5, 'N', 'S', -1, '6,00E+18', 2, 2);
INSERT INTO public.candidato (sq_candidato, nr_candidato, nm_candidato, nm_urna_candidato, nm_social_candidato, nr_cpf_candidato, nm_email, dt_geracao, hh_geracao, cd_eleicao, sg_ue, cd_cargo, cd_situacao_candidatura, cd_detalhe_situacao_cand, tp_agremiacao, nr_partido, sq_coligacao, cd_nacionalidade, sg_uf_nascimento, cd_municipio_nascimento, nm_municipio_nascimento, dt_nascimento, nr_idade_data_posse, nr_titulo_eleitoral_candidato, cd_ocupacao, cd_cor_raca, cd_estado_civil, cd_grau_instrucao, cd_genero, vr_despesa_max_campanha, cd_sit_tot_turno, st_reeleicao, st_declarar_bens, nr_protocolo_candidatura, nr_processo, cd_situacao_candidato_pleito, cd_situacao_candidato_urna) VALUES(230000654019, 22777, 'ANDRÉ FREDERICO DA SILVA', 'ANDRÉ FREDERICO', '#NULO#', '74565400200', 'PLIBERALBONFIM@GMAIL.COM', '2022-06-05', '02:12:11', 426, 3077, 13, 12, 2, 'PARTIDO ISOLADO', 22, 230000058277, 1, 'RR', -3, 'BONFIM', '1982-10-15', '38', '2906742607', 298, 3, 3, 6, 2, '12307.75', 5, 'N', 'S', -1, '6,00E+18', 2, 2);
INSERT INTO public.candidato (sq_candidato, nr_candidato, nm_candidato, nm_urna_candidato, nm_social_candidato, nr_cpf_candidato, nm_email, dt_geracao, hh_geracao, cd_eleicao, sg_ue, cd_cargo, cd_situacao_candidatura, cd_detalhe_situacao_cand, tp_agremiacao, nr_partido, sq_coligacao, cd_nacionalidade, sg_uf_nascimento, cd_municipio_nascimento, nm_municipio_nascimento, dt_nascimento, nr_idade_data_posse, nr_titulo_eleitoral_candidato, cd_ocupacao, cd_cor_raca, cd_estado_civil, cd_grau_instrucao, cd_genero, vr_despesa_max_campanha, cd_sit_tot_turno, st_reeleicao, st_declarar_bens, nr_protocolo_candidatura, nr_processo, cd_situacao_candidato_pleito, cd_situacao_candidato_urna) VALUES(230000765741, 23023, 'VIVIANE CARLA DA SILVA', 'VIVIANE CARLA', '#NULO#', '70042392250', 'VIVIANECARLASILVA20@GMAIL.COM', '2022-06-05', '02:12:11', 426, 3077, 13, 12, 2, 'PARTIDO ISOLADO', 23, 230000073827, 1, 'RR', -3, 'BONFIM', '2000-07-23', '20', '4872652674', 999, 3, 1, 6, 4, '12307.75', 4, 'N', 'S', -1, '6,00E+18', 2, 2);
INSERT INTO public.candidato (sq_candidato, nr_candidato, nm_candidato, nm_urna_candidato, nm_social_candidato, nr_cpf_candidato, nm_email, dt_geracao, hh_geracao, cd_eleicao, sg_ue, cd_cargo, cd_situacao_candidatura, cd_detalhe_situacao_cand, tp_agremiacao, nr_partido, sq_coligacao, cd_nacionalidade, sg_uf_nascimento, cd_municipio_nascimento, nm_municipio_nascimento, dt_nascimento, nr_idade_data_posse, nr_titulo_eleitoral_candidato, cd_ocupacao, cd_cor_raca, cd_estado_civil, cd_grau_instrucao, cd_genero, vr_despesa_max_campanha, cd_sit_tot_turno, st_reeleicao, st_declarar_bens, nr_protocolo_candidatura, nr_processo, cd_situacao_candidato_pleito, cd_situacao_candidato_urna) VALUES(230000828047, 15111, 'JOMHARA DE MELO PAIVA', 'JOMHARA PAIVA', '#NULO#', '201117207', 'DAIANESANTANA20@HOTMAIL.COM', '2022-06-05', '02:12:11', 426, 3158, 13, 12, 2, 'PARTIDO ISOLADO', 15, 230000087099, 1, 'RR', -3, 'SÃO LUIZ', '1989-02-12', '31', '3812052674', 999, 3, 1, 6, 4, '24561.18', 5, 'N', 'S', -1, '6,00E+18', 2, 2);
INSERT INTO public.candidato (sq_candidato, nr_candidato, nm_candidato, nm_urna_candidato, nm_social_candidato, nr_cpf_candidato, nm_email, dt_geracao, hh_geracao, cd_eleicao, sg_ue, cd_cargo, cd_situacao_candidatura, cd_detalhe_situacao_cand, tp_agremiacao, nr_partido, sq_coligacao, cd_nacionalidade, sg_uf_nascimento, cd_municipio_nascimento, nm_municipio_nascimento, dt_nascimento, nr_idade_data_posse, nr_titulo_eleitoral_candidato, cd_ocupacao, cd_cor_raca, cd_estado_civil, cd_grau_instrucao, cd_genero, vr_despesa_max_campanha, cd_sit_tot_turno, st_reeleicao, st_declarar_bens, nr_protocolo_candidatura, nr_processo, cd_situacao_candidato_pleito, cd_situacao_candidato_urna) VALUES(230000654974, 10222, 'ELINETE GOMES DA SILVA', 'ELINETE', '#NULO#', '38197863253', 'NAYARA.DSN@GMAIL.COM', '2022-06-05', '02:12:11', 426, 3000, 13, 12, 2, 'PARTIDO ISOLADO', 10, 230000058375, 1, 'MA', -3, 'POÇÃO DE PEDRAS', '1966-10-29', '54', '50482623', 298, 3, 3, 6, 4, '12307.75', 5, 'N', 'S', -1, '6,00E+18', 2, 2);
INSERT INTO public.candidato (sq_candidato, nr_candidato, nm_candidato, nm_urna_candidato, nm_social_candidato, nr_cpf_candidato, nm_email, dt_geracao, hh_geracao, cd_eleicao, sg_ue, cd_cargo, cd_situacao_candidatura, cd_detalhe_situacao_cand, tp_agremiacao, nr_partido, sq_coligacao, cd_nacionalidade, sg_uf_nascimento, cd_municipio_nascimento, nm_municipio_nascimento, dt_nascimento, nr_idade_data_posse, nr_titulo_eleitoral_candidato, cd_ocupacao, cd_cor_raca, cd_estado_civil, cd_grau_instrucao, cd_genero, vr_despesa_max_campanha, cd_sit_tot_turno, st_reeleicao, st_declarar_bens, nr_protocolo_candidatura, nr_processo, cd_situacao_candidato_pleito, cd_situacao_candidato_urna) VALUES(230000680444, 20522, 'PEDRO BENICIO DA SILVA', 'PASTOR PEDRO', '#NULO#', '86697544287', 'PEDROBENICIO85@GMAIL.COM', '2022-06-05', '02:12:11', 426, 3034, 13, 12, 2, 'PARTIDO ISOLADO', 20, 230000061587, 1, 'AM', -3, 'MANAUS', '1985-11-02', '35', '3445572674', 999, 3, 1, 6, 2, '32516.41', 4, 'N', 'N', -1, '6,00E+18', 2, 2);
INSERT INTO public.candidato (sq_candidato, nr_candidato, nm_candidato, nm_urna_candidato, nm_social_candidato, nr_cpf_candidato, nm_email, dt_geracao, hh_geracao, cd_eleicao, sg_ue, cd_cargo, cd_situacao_candidatura, cd_detalhe_situacao_cand, tp_agremiacao, nr_partido, sq_coligacao, cd_nacionalidade, sg_uf_nascimento, cd_municipio_nascimento, nm_municipio_nascimento, dt_nascimento, nr_idade_data_posse, nr_titulo_eleitoral_candidato, cd_ocupacao, cd_cor_raca, cd_estado_civil, cd_grau_instrucao, cd_genero, vr_despesa_max_campanha, cd_sit_tot_turno, st_reeleicao, st_declarar_bens, nr_protocolo_candidatura, nr_processo, cd_situacao_candidato_pleito, cd_situacao_candidato_urna) VALUES(230001049599, 45313, 'ZÉLIO OLIVEIRA MOTA', 'TUXAUA ZÉLIO', '#NULO#', '1689392231', 'IDELMOPINHO55@HOTMAIL.COM', '2022-06-05', '02:12:11', 426, 3115, 13, 12, 2, 'PARTIDO ISOLADO', 45, 230000126863, 1, 'RR', -3, 'NORMANDIA', '1974-03-04', '46', '4126702607', 999, 5, 1, 2, 2, '12307.75', 4, 'N', 'N', -1, '6,01E+18', 2, 2);
INSERT INTO public.candidato (sq_candidato, nr_candidato, nm_candidato, nm_urna_candidato, nm_social_candidato, nr_cpf_candidato, nm_email, dt_geracao, hh_geracao, cd_eleicao, sg_ue, cd_cargo, cd_situacao_candidatura, cd_detalhe_situacao_cand, tp_agremiacao, nr_partido, sq_coligacao, cd_nacionalidade, sg_uf_nascimento, cd_municipio_nascimento, nm_municipio_nascimento, dt_nascimento, nr_idade_data_posse, nr_titulo_eleitoral_candidato, cd_ocupacao, cd_cor_raca, cd_estado_civil, cd_grau_instrucao, cd_genero, vr_despesa_max_campanha, cd_sit_tot_turno, st_reeleicao, st_declarar_bens, nr_protocolo_candidatura, nr_processo, cd_situacao_candidato_pleito, cd_situacao_candidato_urna) VALUES(230000846683, 28888, 'EMMANUEL SILVA COELHO', 'EMMANUEL COELHO', '#NULO#', '87380340263', 'EMANUELSILVACOELHO@GMAIL.COM', '2022-06-05', '02:12:11', 426, 3123, 13, 3, 6, 'PARTIDO ISOLADO', 28, 230000090882, 1, 'RR', -3, 'BOA VISTA', '1987-11-11', '33', '3568822623', 278, 1, 1, 6, 2, '24516.75', 4, 'N', 'S', -1, '6,00E+18', 6, 2);
INSERT INTO public.candidato (sq_candidato, nr_candidato, nm_candidato, nm_urna_candidato, nm_social_candidato, nr_cpf_candidato, nm_email, dt_geracao, hh_geracao, cd_eleicao, sg_ue, cd_cargo, cd_situacao_candidatura, cd_detalhe_situacao_cand, tp_agremiacao, nr_partido, sq_coligacao, cd_nacionalidade, sg_uf_nascimento, cd_municipio_nascimento, nm_municipio_nascimento, dt_nascimento, nr_idade_data_posse, nr_titulo_eleitoral_candidato, cd_ocupacao, cd_cor_raca, cd_estado_civil, cd_grau_instrucao, cd_genero, vr_despesa_max_campanha, cd_sit_tot_turno, st_reeleicao, st_declarar_bens, nr_protocolo_candidatura, nr_processo, cd_situacao_candidato_pleito, cd_situacao_candidato_urna) VALUES(230001058246, 40888, 'MARCONE CARVALHO SILVA', 'MARCONE CARVALHO', '#NULO#', '38331756215', 'CONTATO@ANDREIVERIBEIROADVOCACIA.COM.BR', '2022-06-05', '02:12:11', 426, 3018, 13, 12, 2, 'PARTIDO ISOLADO', 40, 230000127982, 1, 'PI', -3, 'PIRIPIRI', '1966-12-18', '54', '2153252640', 266, 3, 3, 8, 2, '391772.1', 4, 'N', 'S', -1, '6,01E+18', 2, 2);
INSERT INTO public.candidato (sq_candidato, nr_candidato, nm_candidato, nm_urna_candidato, nm_social_candidato, nr_cpf_candidato, nm_email, dt_geracao, hh_geracao, cd_eleicao, sg_ue, cd_cargo, cd_situacao_candidatura, cd_detalhe_situacao_cand, tp_agremiacao, nr_partido, sq_coligacao, cd_nacionalidade, sg_uf_nascimento, cd_municipio_nascimento, nm_municipio_nascimento, dt_nascimento, nr_idade_data_posse, nr_titulo_eleitoral_candidato, cd_ocupacao, cd_cor_raca, cd_estado_civil, cd_grau_instrucao, cd_genero, vr_despesa_max_campanha, cd_sit_tot_turno, st_reeleicao, st_declarar_bens, nr_protocolo_candidatura, nr_processo, cd_situacao_candidato_pleito, cd_situacao_candidato_urna) VALUES(230000820694, 15222, 'WALQUIRIA BASTOS DA SILVA', 'WALQUIRIA BASTOS', '#NULO#', '11249692253', 'WALQBASTOS@GMAIL.COM', '2022-06-05', '02:12:11', 426, 3034, 13, 12, 2, 'PARTIDO ISOLADO', 15, 230000085803, 1, 'RR', -3, 'CARACARAÍ', '1961-01-22', '59', '111032615', 601, 3, 9, 6, 4, '32516.41', 5, 'N', 'S', -1, '6,00E+18', 2, 2);
INSERT INTO public.candidato (sq_candidato, nr_candidato, nm_candidato, nm_urna_candidato, nm_social_candidato, nr_cpf_candidato, nm_email, dt_geracao, hh_geracao, cd_eleicao, sg_ue, cd_cargo, cd_situacao_candidatura, cd_detalhe_situacao_cand, tp_agremiacao, nr_partido, sq_coligacao, cd_nacionalidade, sg_uf_nascimento, cd_municipio_nascimento, nm_municipio_nascimento, dt_nascimento, nr_idade_data_posse, nr_titulo_eleitoral_candidato, cd_ocupacao, cd_cor_raca, cd_estado_civil, cd_grau_instrucao, cd_genero, vr_despesa_max_campanha, cd_sit_tot_turno, st_reeleicao, st_declarar_bens, nr_protocolo_candidatura, nr_processo, cd_situacao_candidato_pleito, cd_situacao_candidato_urna) VALUES(230000885172, 77000, 'WAGNER GONCALVES DE SOUZA', 'WAGUINHO', '#NULO#', '84772867287', 'SDCAROEBE2020@GMAIL.COM', '2022-06-05', '02:12:11', 426, 3000, 13, 12, 2, 'PARTIDO ISOLADO', 77, 230000099001, 1, 'RR', -3, 'CAROEBE', '1983-01-15', '37', '2490052666', 278, 3, 1, 6, 2, '12307.75', 3, 'N', 'S', -1, '6,00E+18', 2, 2);
INSERT INTO public.candidato (sq_candidato, nr_candidato, nm_candidato, nm_urna_candidato, nm_social_candidato, nr_cpf_candidato, nm_email, dt_geracao, hh_geracao, cd_eleicao, sg_ue, cd_cargo, cd_situacao_candidatura, cd_detalhe_situacao_cand, tp_agremiacao, nr_partido, sq_coligacao, cd_nacionalidade, sg_uf_nascimento, cd_municipio_nascimento, nm_municipio_nascimento, dt_nascimento, nr_idade_data_posse, nr_titulo_eleitoral_candidato, cd_ocupacao, cd_cor_raca, cd_estado_civil, cd_grau_instrucao, cd_genero, vr_despesa_max_campanha, cd_sit_tot_turno, st_reeleicao, st_declarar_bens, nr_protocolo_candidatura, nr_processo, cd_situacao_candidato_pleito, cd_situacao_candidato_urna) VALUES(230000838756, 77137, 'DILSON LOPES ARAÚJO', 'DILSON ARAÚJO', '#NULO#', '73497150215', 'ANDREIVE@ANDREIVEADVOCACIA.COM.BR', '2022-06-05', '02:12:11', 426, 3018, 13, 12, 2, 'PARTIDO ISOLADO', 77, 230000089159, 1, 'PA', -3, 'RURÓPOLIS', '1984-07-13', '36', '3113202658', 999, 1, 3, 6, 2, '391772.1', 5, 'N', 'N', -1, '6,00E+18', 2, 2);
INSERT INTO public.candidato (sq_candidato, nr_candidato, nm_candidato, nm_urna_candidato, nm_social_candidato, nr_cpf_candidato, nm_email, dt_geracao, hh_geracao, cd_eleicao, sg_ue, cd_cargo, cd_situacao_candidatura, cd_detalhe_situacao_cand, tp_agremiacao, nr_partido, sq_coligacao, cd_nacionalidade, sg_uf_nascimento, cd_municipio_nascimento, nm_municipio_nascimento, dt_nascimento, nr_idade_data_posse, nr_titulo_eleitoral_candidato, cd_ocupacao, cd_cor_raca, cd_estado_civil, cd_grau_instrucao, cd_genero, vr_despesa_max_campanha, cd_sit_tot_turno, st_reeleicao, st_declarar_bens, nr_protocolo_candidatura, nr_processo, cd_situacao_candidato_pleito, cd_situacao_candidato_urna) VALUES(230000837922, 25888, 'EDITE DE SOUZA SILVA', 'DONA EDITE COSTUREIRA', '#NULO#', '51351960210', 'DEMOCRATASREGIONAL_RR@HOTMAIL.COM', '2022-06-05', '02:12:11', 426, 3018, 13, 12, 2, 'PARTIDO ISOLADO', 25, 230000088971, 1, 'CE', -3, 'PIRES FERREIRA', '1949-09-17', '71', '27518671317', 999, 3, 1, 2, 4, '391772.1', 4, 'N', 'N', -1, '6,00E+18', 2, 2);
INSERT INTO public.candidato (sq_candidato, nr_candidato, nm_candidato, nm_urna_candidato, nm_social_candidato, nr_cpf_candidato, nm_email, dt_geracao, hh_geracao, cd_eleicao, sg_ue, cd_cargo, cd_situacao_candidatura, cd_detalhe_situacao_cand, tp_agremiacao, nr_partido, sq_coligacao, cd_nacionalidade, sg_uf_nascimento, cd_municipio_nascimento, nm_municipio_nascimento, dt_nascimento, nr_idade_data_posse, nr_titulo_eleitoral_candidato, cd_ocupacao, cd_cor_raca, cd_estado_civil, cd_grau_instrucao, cd_genero, vr_despesa_max_campanha, cd_sit_tot_turno, st_reeleicao, st_declarar_bens, nr_protocolo_candidatura, nr_processo, cd_situacao_candidato_pleito, cd_situacao_candidato_urna) VALUES(230000838479, 70002, 'ALTEVIR GONÇALVES DE SOUZA', 'ALTEVIR GONÇALVES', '#NULO#', '22584382253', 'AVANTE_RR@HOTMAIL.COM', '2022-06-05', '02:12:11', 426, 3018, 13, 12, 2, 'PARTIDO ISOLADO', 70, 230000089101, 1, 'RR', -3, 'BOA VISTA', '1970-10-19', '50', '1386922615', 999, 3, 3, 4, 2, '391772.1', 4, 'N', 'S', -1, '6,01E+18', 2, 2);
INSERT INTO public.candidato (sq_candidato, nr_candidato, nm_candidato, nm_urna_candidato, nm_social_candidato, nr_cpf_candidato, nm_email, dt_geracao, hh_geracao, cd_eleicao, sg_ue, cd_cargo, cd_situacao_candidatura, cd_detalhe_situacao_cand, tp_agremiacao, nr_partido, sq_coligacao, cd_nacionalidade, sg_uf_nascimento, cd_municipio_nascimento, nm_municipio_nascimento, dt_nascimento, nr_idade_data_posse, nr_titulo_eleitoral_candidato, cd_ocupacao, cd_cor_raca, cd_estado_civil, cd_grau_instrucao, cd_genero, vr_despesa_max_campanha, cd_sit_tot_turno, st_reeleicao, st_declarar_bens, nr_protocolo_candidatura, nr_processo, cd_situacao_candidato_pleito, cd_situacao_candidato_urna) VALUES(230001210886, 29, 'LILA SALDANHA', 'LILA SALDANHA', '#NULO#', '63803836204', 'JULIANOALESSANDER@GMAIL.COM', '2022-06-05', '02:12:11', 426, 3018, 12, 12, 4, 'PARTIDO ISOLADO', 29, 230000149019, 1, 'RR', -3, 'BOA VISTA', '1978-03-16', '42', '2148192666', 999, 5, 1, 6, 4, '-1', 4, 'N', 'N', -1, '6,01E+18', 4, 4);
INSERT INTO public.candidato (sq_candidato, nr_candidato, nm_candidato, nm_urna_candidato, nm_social_candidato, nr_cpf_candidato, nm_email, dt_geracao, hh_geracao, cd_eleicao, sg_ue, cd_cargo, cd_situacao_candidatura, cd_detalhe_situacao_cand, tp_agremiacao, nr_partido, sq_coligacao, cd_nacionalidade, sg_uf_nascimento, cd_municipio_nascimento, nm_municipio_nascimento, dt_nascimento, nr_idade_data_posse, nr_titulo_eleitoral_candidato, cd_ocupacao, cd_cor_raca, cd_estado_civil, cd_grau_instrucao, cd_genero, vr_despesa_max_campanha, cd_sit_tot_turno, st_reeleicao, st_declarar_bens, nr_protocolo_candidatura, nr_processo, cd_situacao_candidato_pleito, cd_situacao_candidato_urna) VALUES(230000679784, 20202, 'CLARICE CUSTÓDIO DE SOUSA', 'PSICOLÓGA CLARICE', '#NULO#', '38364743287', 'CLARAPSICOLOGIA@HOTMAIL.COM', '2022-06-05', '02:12:11', 426, 3018, 13, 12, 2, 'PARTIDO ISOLADO', 20, 230000061467, 1, 'ES', -3, 'BARRA DE SÃO FRANCISCO', '1973-06-27', '47', '1851512690', 132, 1, 1, 8, 4, '391772.1', 5, 'N', 'S', -1, '6,00E+18', 2, 2);
INSERT INTO public.candidato (sq_candidato, nr_candidato, nm_candidato, nm_urna_candidato, nm_social_candidato, nr_cpf_candidato, nm_email, dt_geracao, hh_geracao, cd_eleicao, sg_ue, cd_cargo, cd_situacao_candidatura, cd_detalhe_situacao_cand, tp_agremiacao, nr_partido, sq_coligacao, cd_nacionalidade, sg_uf_nascimento, cd_municipio_nascimento, nm_municipio_nascimento, dt_nascimento, nr_idade_data_posse, nr_titulo_eleitoral_candidato, cd_ocupacao, cd_cor_raca, cd_estado_civil, cd_grau_instrucao, cd_genero, vr_despesa_max_campanha, cd_sit_tot_turno, st_reeleicao, st_declarar_bens, nr_protocolo_candidatura, nr_processo, cd_situacao_candidato_pleito, cd_situacao_candidato_urna) VALUES(230000840285, 65123, 'JOSE JUNHO DA COSTA', 'JUNHO DO SINDICATO', '#NULO#', '34516778300', 'J.JUNHO.RR@GMAIL.COM', '2022-06-05', '02:12:11', 426, 3069, 13, 12, 2, 'PARTIDO ISOLADO', 65, 230000089469, 1, 'MA', -3, 'IMPERATRIZ', '1972-04-29', '48', '1973232615', 601, 3, 1, 4, 2, '51117.1', 4, 'N', 'S', -1, '6,00E+18', 2, 2);
INSERT INTO public.candidato (sq_candidato, nr_candidato, nm_candidato, nm_urna_candidato, nm_social_candidato, nr_cpf_candidato, nm_email, dt_geracao, hh_geracao, cd_eleicao, sg_ue, cd_cargo, cd_situacao_candidatura, cd_detalhe_situacao_cand, tp_agremiacao, nr_partido, sq_coligacao, cd_nacionalidade, sg_uf_nascimento, cd_municipio_nascimento, nm_municipio_nascimento, dt_nascimento, nr_idade_data_posse, nr_titulo_eleitoral_candidato, cd_ocupacao, cd_cor_raca, cd_estado_civil, cd_grau_instrucao, cd_genero, vr_despesa_max_campanha, cd_sit_tot_turno, st_reeleicao, st_declarar_bens, nr_protocolo_candidatura, nr_processo, cd_situacao_candidato_pleito, cd_situacao_candidato_urna) VALUES(230001058446, 35999, 'MÁRIO FREITAS DE OLIVEIRA', 'MÁRIO FREITAS', '#NULO#', '51667207253', 'MARIOFREITASPERFID@GMAIL.COM', '2022-06-05', '02:12:11', 426, 3018, 13, 12, 2, 'PARTIDO ISOLADO', 35, 230000128009, 1, 'MA', -3, 'SANTA LUZIA', '1982-08-10', '38', '2742272666', 171, 3, 1, 8, 2, '391772.1', 5, 'N', 'S', -1, '6,01E+18', 2, 2);
INSERT INTO public.candidato (sq_candidato, nr_candidato, nm_candidato, nm_urna_candidato, nm_social_candidato, nr_cpf_candidato, nm_email, dt_geracao, hh_geracao, cd_eleicao, sg_ue, cd_cargo, cd_situacao_candidatura, cd_detalhe_situacao_cand, tp_agremiacao, nr_partido, sq_coligacao, cd_nacionalidade, sg_uf_nascimento, cd_municipio_nascimento, nm_municipio_nascimento, dt_nascimento, nr_idade_data_posse, nr_titulo_eleitoral_candidato, cd_ocupacao, cd_cor_raca, cd_estado_civil, cd_grau_instrucao, cd_genero, vr_despesa_max_campanha, cd_sit_tot_turno, st_reeleicao, st_declarar_bens, nr_protocolo_candidatura, nr_processo, cd_situacao_candidato_pleito, cd_situacao_candidato_urna) VALUES(230000784239, 23333, 'MARCELO BENVINDO DA FONSECA SOARES', 'MARCELO BENVINDO', '#NULO#', '24082201300', 'MARCELOBENVINDO2@GMAIL.COM', '2022-06-05', '02:12:11', 426, 3123, 13, 12, 2, 'PARTIDO ISOLADO', 23, 230000076281, 1, 'PI', -3, 'LANDRI SALES', '1967-01-08', '53', '26936151511', 999, 3, 1, 6, 2, '24516.75', 2, 'N', 'S', -1, '6,00E+18', 2, 2);
INSERT INTO public.candidato (sq_candidato, nr_candidato, nm_candidato, nm_urna_candidato, nm_social_candidato, nr_cpf_candidato, nm_email, dt_geracao, hh_geracao, cd_eleicao, sg_ue, cd_cargo, cd_situacao_candidatura, cd_detalhe_situacao_cand, tp_agremiacao, nr_partido, sq_coligacao, cd_nacionalidade, sg_uf_nascimento, cd_municipio_nascimento, nm_municipio_nascimento, dt_nascimento, nr_idade_data_posse, nr_titulo_eleitoral_candidato, cd_ocupacao, cd_cor_raca, cd_estado_civil, cd_grau_instrucao, cd_genero, vr_despesa_max_campanha, cd_sit_tot_turno, st_reeleicao, st_declarar_bens, nr_protocolo_candidatura, nr_processo, cd_situacao_candidato_pleito, cd_situacao_candidato_urna) VALUES(230001217795, 90, 'ALTAMIR DA SILVA CAMPOS', 'ALTEMIR CAMPOS', '#NULO#', '2793180220', 'IANDARA_BLOOM@HOTMAIL.COM', '2022-06-05', '02:12:11', 426, 3123, 11, 12, 2, 'PARTIDO ISOLADO', 90, 230000149984, 1, 'RR', -3, 'BOA VISTA', '1952-11-04', '68', '338352640', 601, 3, 3, 4, 2, '123077.42', 4, 'N', 'S', -1, '6,00E+18', 2, 2);
INSERT INTO public.candidato (sq_candidato, nr_candidato, nm_candidato, nm_urna_candidato, nm_social_candidato, nr_cpf_candidato, nm_email, dt_geracao, hh_geracao, cd_eleicao, sg_ue, cd_cargo, cd_situacao_candidatura, cd_detalhe_situacao_cand, tp_agremiacao, nr_partido, sq_coligacao, cd_nacionalidade, sg_uf_nascimento, cd_municipio_nascimento, nm_municipio_nascimento, dt_nascimento, nr_idade_data_posse, nr_titulo_eleitoral_candidato, cd_ocupacao, cd_cor_raca, cd_estado_civil, cd_grau_instrucao, cd_genero, vr_despesa_max_campanha, cd_sit_tot_turno, st_reeleicao, st_declarar_bens, nr_protocolo_candidatura, nr_processo, cd_situacao_candidato_pleito, cd_situacao_candidato_urna) VALUES(230000685663, 10222, 'AMANDA MIRELQUIA DO VALE CONCEIÇÃO', 'MIRELQUIA', '#NULO#', '54056705291', 'AMIRELQUIA4@GMAIL.COM', '2022-06-05', '02:12:11', 426, 3131, 13, 12, 2, 'PARTIDO ISOLADO', 10, 230000062829, 1, 'RR', -3, 'BOA VISTA', '1996-09-14', '24', '4422752690', 999, 3, 1, 6, 4, '12307.75', 5, 'N', 'S', -1, '6,00E+18', 2, 2);
INSERT INTO public.candidato (sq_candidato, nr_candidato, nm_candidato, nm_urna_candidato, nm_social_candidato, nr_cpf_candidato, nm_email, dt_geracao, hh_geracao, cd_eleicao, sg_ue, cd_cargo, cd_situacao_candidatura, cd_detalhe_situacao_cand, tp_agremiacao, nr_partido, sq_coligacao, cd_nacionalidade, sg_uf_nascimento, cd_municipio_nascimento, nm_municipio_nascimento, dt_nascimento, nr_idade_data_posse, nr_titulo_eleitoral_candidato, cd_ocupacao, cd_cor_raca, cd_estado_civil, cd_grau_instrucao, cd_genero, vr_despesa_max_campanha, cd_sit_tot_turno, st_reeleicao, st_declarar_bens, nr_protocolo_candidatura, nr_processo, cd_situacao_candidato_pleito, cd_situacao_candidato_urna) VALUES(230000779817, 23222, 'GLEIDSON NICASIO RODRIGUES', 'GLEIDSON NICACIO', '#NULO#', '74979248268', 'GLEIDSON.WAPICHANA@GMAIL.COM', '2022-06-05', '02:12:11', 426, 3069, 13, 12, 2, 'PARTIDO ISOLADO', 23, 230000075696, 1, 'RR', -3, 'BONFIM', '1983-11-22', '37', '3118272640', 266, 3, 3, 8, 2, '51117.1', 5, 'N', 'S', -1, '6,00E+18', 2, 2);
INSERT INTO public.candidato (sq_candidato, nr_candidato, nm_candidato, nm_urna_candidato, nm_social_candidato, nr_cpf_candidato, nm_email, dt_geracao, hh_geracao, cd_eleicao, sg_ue, cd_cargo, cd_situacao_candidatura, cd_detalhe_situacao_cand, tp_agremiacao, nr_partido, sq_coligacao, cd_nacionalidade, sg_uf_nascimento, cd_municipio_nascimento, nm_municipio_nascimento, dt_nascimento, nr_idade_data_posse, nr_titulo_eleitoral_candidato, cd_ocupacao, cd_cor_raca, cd_estado_civil, cd_grau_instrucao, cd_genero, vr_despesa_max_campanha, cd_sit_tot_turno, st_reeleicao, st_declarar_bens, nr_protocolo_candidatura, nr_processo, cd_situacao_candidato_pleito, cd_situacao_candidato_urna) VALUES(230001267919, 90852, 'FREDES BALBINO TORRES', 'FREDES TORRES', '#NULO#', '7480474253', 'JUNTOSCUIDAMOSDEAMAJARI@GMAIL.COM', '2022-06-05', '02:12:11', 426, 3042, 13, 12, 2, 'PARTIDO ISOLADO', 90, 230000149902, 1, 'RR', -3, 'BOA VISTA', '1960-01-17', '60', '20382690', 999, 3, 1, 6, 2, '33186.78', 5, 'N', 'S', -1, '6,00E+18', 2, 2);
INSERT INTO public.candidato (sq_candidato, nr_candidato, nm_candidato, nm_urna_candidato, nm_social_candidato, nr_cpf_candidato, nm_email, dt_geracao, hh_geracao, cd_eleicao, sg_ue, cd_cargo, cd_situacao_candidatura, cd_detalhe_situacao_cand, tp_agremiacao, nr_partido, sq_coligacao, cd_nacionalidade, sg_uf_nascimento, cd_municipio_nascimento, nm_municipio_nascimento, dt_nascimento, nr_idade_data_posse, nr_titulo_eleitoral_candidato, cd_ocupacao, cd_cor_raca, cd_estado_civil, cd_grau_instrucao, cd_genero, vr_despesa_max_campanha, cd_sit_tot_turno, st_reeleicao, st_declarar_bens, nr_protocolo_candidatura, nr_processo, cd_situacao_candidato_pleito, cd_situacao_candidato_urna) VALUES(230001001713, 23123, 'MARA CILIA SILVA LEAL', 'MARA', '#NULO#', '74471120204', 'SECRETARIAPPSRR@GMAIL.COM', '2022-06-05', '02:12:11', 426, 3093, 13, 12, 2, 'PARTIDO ISOLADO', 23, 230000117637, 1, 'RR', -3, 'MUCAJAÍ', '1978-12-08', '42', '2305262674', 999, 3, 3, 4, 4, '16519.36', 4, 'N', 'N', -1, '6,00E+18', 2, 2);
INSERT INTO public.candidato (sq_candidato, nr_candidato, nm_candidato, nm_urna_candidato, nm_social_candidato, nr_cpf_candidato, nm_email, dt_geracao, hh_geracao, cd_eleicao, sg_ue, cd_cargo, cd_situacao_candidatura, cd_detalhe_situacao_cand, tp_agremiacao, nr_partido, sq_coligacao, cd_nacionalidade, sg_uf_nascimento, cd_municipio_nascimento, nm_municipio_nascimento, dt_nascimento, nr_idade_data_posse, nr_titulo_eleitoral_candidato, cd_ocupacao, cd_cor_raca, cd_estado_civil, cd_grau_instrucao, cd_genero, vr_despesa_max_campanha, cd_sit_tot_turno, st_reeleicao, st_declarar_bens, nr_protocolo_candidatura, nr_processo, cd_situacao_candidato_pleito, cd_situacao_candidato_urna) VALUES(230000821132, 55023, 'JANIO FERNANDES DOS SANTOS', 'JANIO FERNANDES', '#NULO#', '22574557204', 'JANIO2016@GMAIL.COM', '2022-06-05', '02:12:11', 426, 3034, 13, 12, 2, 'PARTIDO ISOLADO', 55, 230000085874, 1, 'RR', -3, 'CARACARAÍ', '1968-10-18', '52', '1052252607', 296, 3, 3, 7, 2, '32516.41', 5, 'N', 'S', -1, '6,00E+18', 2, 2);
INSERT INTO public.candidato (sq_candidato, nr_candidato, nm_candidato, nm_urna_candidato, nm_social_candidato, nr_cpf_candidato, nm_email, dt_geracao, hh_geracao, cd_eleicao, sg_ue, cd_cargo, cd_situacao_candidatura, cd_detalhe_situacao_cand, tp_agremiacao, nr_partido, sq_coligacao, cd_nacionalidade, sg_uf_nascimento, cd_municipio_nascimento, nm_municipio_nascimento, dt_nascimento, nr_idade_data_posse, nr_titulo_eleitoral_candidato, cd_ocupacao, cd_cor_raca, cd_estado_civil, cd_grau_instrucao, cd_genero, vr_despesa_max_campanha, cd_sit_tot_turno, st_reeleicao, st_declarar_bens, nr_protocolo_candidatura, nr_processo, cd_situacao_candidato_pleito, cd_situacao_candidato_urna) VALUES(230000673967, 15, 'JAIRO ANDRE RIBEIRO SOUSA', 'JAIRO RIBEIRO', '#NULO#', '38340100220', 'NIXONROSAS11@MAIL.COM', '2022-06-05', '02:12:11', 426, 3026, 11, 12, 16, 'COLIGAÇÃO', 15, 230000060557, 1, 'RR', -3, 'BOA VISTA', '1976-01-09', '44', '1808552690', 275, 1, 3, 8, 2, '123077.42', 1, 'N', 'S', -1, '6,00E+18', 16, 16);
INSERT INTO public.candidato (sq_candidato, nr_candidato, nm_candidato, nm_urna_candidato, nm_social_candidato, nr_cpf_candidato, nm_email, dt_geracao, hh_geracao, cd_eleicao, sg_ue, cd_cargo, cd_situacao_candidatura, cd_detalhe_situacao_cand, tp_agremiacao, nr_partido, sq_coligacao, cd_nacionalidade, sg_uf_nascimento, cd_municipio_nascimento, nm_municipio_nascimento, dt_nascimento, nr_idade_data_posse, nr_titulo_eleitoral_candidato, cd_ocupacao, cd_cor_raca, cd_estado_civil, cd_grau_instrucao, cd_genero, vr_despesa_max_campanha, cd_sit_tot_turno, st_reeleicao, st_declarar_bens, nr_protocolo_candidatura, nr_processo, cd_situacao_candidato_pleito, cd_situacao_candidato_urna) VALUES(230001216847, 45555, 'JOSIVALDO OLIVEIRA QUEIROZ', 'JACÓ DA SEGURANÇA', '#NULO#', '1999999371', 'JACO21M5@GMAIL.COM', '2022-06-05', '02:12:11', 426, 3123, 13, 12, 2, 'PARTIDO ISOLADO', 45, 230000149857, 1, 'CE', -3, 'CAPISTRANO', '1987-12-19', '33', '66908060701', 257, 3, 1, 6, 2, '24516.75', 5, 'N', 'S', -1, '6,00E+18', 2, 2);
INSERT INTO public.candidato (sq_candidato, nr_candidato, nm_candidato, nm_urna_candidato, nm_social_candidato, nr_cpf_candidato, nm_email, dt_geracao, hh_geracao, cd_eleicao, sg_ue, cd_cargo, cd_situacao_candidatura, cd_detalhe_situacao_cand, tp_agremiacao, nr_partido, sq_coligacao, cd_nacionalidade, sg_uf_nascimento, cd_municipio_nascimento, nm_municipio_nascimento, dt_nascimento, nr_idade_data_posse, nr_titulo_eleitoral_candidato, cd_ocupacao, cd_cor_raca, cd_estado_civil, cd_grau_instrucao, cd_genero, vr_despesa_max_campanha, cd_sit_tot_turno, st_reeleicao, st_declarar_bens, nr_protocolo_candidatura, nr_processo, cd_situacao_candidato_pleito, cd_situacao_candidato_urna) VALUES(230000838763, 77999, 'NILVAN SOUZA DOS SANTOS', 'NILVAN SANTOS', '#NULO#', '64242854234', 'ANDREIVE@ANDREIVEADVOCACIA.COM.BR', '2022-06-05', '02:12:11', 426, 3018, 13, 12, 2, 'PARTIDO ISOLADO', 77, 230000089159, 1, 'RR', -3, 'BOA VISTA', '1980-09-25', '40', '2294012607', 278, 3, 3, 8, 2, '391772.1', 5, 'N', 'S', -1, '6,00E+18', 2, 2);
INSERT INTO public.candidato (sq_candidato, nr_candidato, nm_candidato, nm_urna_candidato, nm_social_candidato, nr_cpf_candidato, nm_email, dt_geracao, hh_geracao, cd_eleicao, sg_ue, cd_cargo, cd_situacao_candidatura, cd_detalhe_situacao_cand, tp_agremiacao, nr_partido, sq_coligacao, cd_nacionalidade, sg_uf_nascimento, cd_municipio_nascimento, nm_municipio_nascimento, dt_nascimento, nr_idade_data_posse, nr_titulo_eleitoral_candidato, cd_ocupacao, cd_cor_raca, cd_estado_civil, cd_grau_instrucao, cd_genero, vr_despesa_max_campanha, cd_sit_tot_turno, st_reeleicao, st_declarar_bens, nr_protocolo_candidatura, nr_processo, cd_situacao_candidato_pleito, cd_situacao_candidato_urna) VALUES(230001064090, 40004, 'TIAGO JULIÃO ANDRADE', 'TIAGO DA CARROCINHA', '#NULO#', '60185724272', 'ALEFFSTRICKENBRUSK@GMAIL.COM', '2022-06-05', '02:12:11', 426, 3085, 13, 12, 2, 'PARTIDO ISOLADO', 40, 230000128671, 1, 'PA', -3, 'SANTARÉM', '1973-12-23', '47', '1989482607', 147, 3, 1, 4, 2, '22389.73', 4, 'N', 'S', -1, '6,00E+18', 2, 2);
INSERT INTO public.candidato (sq_candidato, nr_candidato, nm_candidato, nm_urna_candidato, nm_social_candidato, nr_cpf_candidato, nm_email, dt_geracao, hh_geracao, cd_eleicao, sg_ue, cd_cargo, cd_situacao_candidatura, cd_detalhe_situacao_cand, tp_agremiacao, nr_partido, sq_coligacao, cd_nacionalidade, sg_uf_nascimento, cd_municipio_nascimento, nm_municipio_nascimento, dt_nascimento, nr_idade_data_posse, nr_titulo_eleitoral_candidato, cd_ocupacao, cd_cor_raca, cd_estado_civil, cd_grau_instrucao, cd_genero, vr_despesa_max_campanha, cd_sit_tot_turno, st_reeleicao, st_declarar_bens, nr_protocolo_candidatura, nr_processo, cd_situacao_candidato_pleito, cd_situacao_candidato_urna) VALUES(230000828337, 77888, 'ILVANICIO FILHO ALENCAR DA SILVA', 'IVANILSON ALENCAR', '#NULO#', '70370001249', 'DAIANESANTANA20@HOTMAIL.COM', '2022-06-05', '02:12:11', 426, 3158, 13, 12, 2, 'PARTIDO ISOLADO', 77, 230000087164, 1, 'PA', -3, 'SÃO GERALDO DO ARAGUAIA', '1975-02-15', '45', '35505861392', 278, 3, 1, 6, 2, '24561.18', 2, 'N', 'S', -1, '6,00E+18', 2, 2);
INSERT INTO public.candidato (sq_candidato, nr_candidato, nm_candidato, nm_urna_candidato, nm_social_candidato, nr_cpf_candidato, nm_email, dt_geracao, hh_geracao, cd_eleicao, sg_ue, cd_cargo, cd_situacao_candidatura, cd_detalhe_situacao_cand, tp_agremiacao, nr_partido, sq_coligacao, cd_nacionalidade, sg_uf_nascimento, cd_municipio_nascimento, nm_municipio_nascimento, dt_nascimento, nr_idade_data_posse, nr_titulo_eleitoral_candidato, cd_ocupacao, cd_cor_raca, cd_estado_civil, cd_grau_instrucao, cd_genero, vr_despesa_max_campanha, cd_sit_tot_turno, st_reeleicao, st_declarar_bens, nr_protocolo_candidatura, nr_processo, cd_situacao_candidato_pleito, cd_situacao_candidato_urna) VALUES(230000741650, 18123, 'ALCINEIA PINHO CADETE', 'ALCINEIA DO CAMPINHO', '#NULO#', '80289223253', 'ALCINEIAPINHO.AP@GMAIL.COM', '2022-06-05', '02:12:11', 426, 3069, 13, 12, 2, 'PARTIDO ISOLADO', 18, 230000069828, 1, 'RR', -3, 'BOA VISTA', '1980-08-02', '40', '2688732658', 601, 5, 3, 6, 4, '51117.1', 4, 'N', 'N', -1, '6,00E+18', 2, 2);
INSERT INTO public.candidato (sq_candidato, nr_candidato, nm_candidato, nm_urna_candidato, nm_social_candidato, nr_cpf_candidato, nm_email, dt_geracao, hh_geracao, cd_eleicao, sg_ue, cd_cargo, cd_situacao_candidatura, cd_detalhe_situacao_cand, tp_agremiacao, nr_partido, sq_coligacao, cd_nacionalidade, sg_uf_nascimento, cd_municipio_nascimento, nm_municipio_nascimento, dt_nascimento, nr_idade_data_posse, nr_titulo_eleitoral_candidato, cd_ocupacao, cd_cor_raca, cd_estado_civil, cd_grau_instrucao, cd_genero, vr_despesa_max_campanha, cd_sit_tot_turno, st_reeleicao, st_declarar_bens, nr_protocolo_candidatura, nr_processo, cd_situacao_candidato_pleito, cd_situacao_candidato_urna) VALUES(230001042671, 55234, 'CELCIMAR DA COSTA MANDUCA', 'PASTOR MANDUCA', '#NULO#', '51144115272', 'PAIVAK65@GMAIL.COM', '2022-06-05', '02:12:11', 426, 3069, 13, 12, 2, 'PARTIDO ISOLADO', 55, 230000125891, 1, 'RR', -3, 'BOA VISTA', '1969-10-29', '51', '1535282658', 999, 3, 3, 4, 2, '51117.1', 4, 'N', 'S', -1, '6,00E+18', 2, 2);
INSERT INTO public.candidato (sq_candidato, nr_candidato, nm_candidato, nm_urna_candidato, nm_social_candidato, nr_cpf_candidato, nm_email, dt_geracao, hh_geracao, cd_eleicao, sg_ue, cd_cargo, cd_situacao_candidatura, cd_detalhe_situacao_cand, tp_agremiacao, nr_partido, sq_coligacao, cd_nacionalidade, sg_uf_nascimento, cd_municipio_nascimento, nm_municipio_nascimento, dt_nascimento, nr_idade_data_posse, nr_titulo_eleitoral_candidato, cd_ocupacao, cd_cor_raca, cd_estado_civil, cd_grau_instrucao, cd_genero, vr_despesa_max_campanha, cd_sit_tot_turno, st_reeleicao, st_declarar_bens, nr_protocolo_candidatura, nr_processo, cd_situacao_candidato_pleito, cd_situacao_candidato_urna) VALUES(230000726862, 12111, 'IRAMAR DO O DE SENA', 'SENA DO Ó', '#NULO#', '4464798888', 'IRAMARSENADOO@GMAIL.COM', '2022-06-05', '02:12:11', 426, 3077, 13, 12, 2, 'PARTIDO ISOLADO', 12, 230000067847, 1, 'CE', -3, 'MILAGRES', '1963-06-21', '57', '2774952607', 601, 3, 3, 6, 2, '12307.75', 4, 'N', 'S', -1, '6,00E+18', 2, 2);
INSERT INTO public.candidato (sq_candidato, nr_candidato, nm_candidato, nm_urna_candidato, nm_social_candidato, nr_cpf_candidato, nm_email, dt_geracao, hh_geracao, cd_eleicao, sg_ue, cd_cargo, cd_situacao_candidatura, cd_detalhe_situacao_cand, tp_agremiacao, nr_partido, sq_coligacao, cd_nacionalidade, sg_uf_nascimento, cd_municipio_nascimento, nm_municipio_nascimento, dt_nascimento, nr_idade_data_posse, nr_titulo_eleitoral_candidato, cd_ocupacao, cd_cor_raca, cd_estado_civil, cd_grau_instrucao, cd_genero, vr_despesa_max_campanha, cd_sit_tot_turno, st_reeleicao, st_declarar_bens, nr_protocolo_candidatura, nr_processo, cd_situacao_candidato_pleito, cd_situacao_candidato_urna) VALUES(230000684015, 10100, 'EDINALVA TEREZINHA MINUSSI', 'EDINALVA MINUSSI', '#NULO#', '99996138100', 'REPUBLICANOS.ASSESORIARR@GMAIL.COM', '2022-06-05', '02:12:11', 426, 3034, 13, 12, 2, 'PARTIDO ISOLADO', 10, 230000062531, 1, 'BA', -3, 'BARREIRAS', '1984-10-15', '36', '35747462739', 213, 1, 1, 6, 4, '32516.41', 5, 'N', 'S', -1, '6,00E+18', 2, 2);
INSERT INTO public.candidato (sq_candidato, nr_candidato, nm_candidato, nm_urna_candidato, nm_social_candidato, nr_cpf_candidato, nm_email, dt_geracao, hh_geracao, cd_eleicao, sg_ue, cd_cargo, cd_situacao_candidatura, cd_detalhe_situacao_cand, tp_agremiacao, nr_partido, sq_coligacao, cd_nacionalidade, sg_uf_nascimento, cd_municipio_nascimento, nm_municipio_nascimento, dt_nascimento, nr_idade_data_posse, nr_titulo_eleitoral_candidato, cd_ocupacao, cd_cor_raca, cd_estado_civil, cd_grau_instrucao, cd_genero, vr_despesa_max_campanha, cd_sit_tot_turno, st_reeleicao, st_declarar_bens, nr_protocolo_candidatura, nr_processo, cd_situacao_candidato_pleito, cd_situacao_candidato_urna) VALUES(230000969660, 20123, 'MATIAS MOREIRA DE SOUZA', 'MATIAS MOREIRA', '#NULO#', '44642318291', 'MACEDOROSSI121285@GMAIL.COM', '2022-06-05', '02:12:11', 426, 3115, 13, 12, 2, 'PARTIDO ISOLADO', 20, 230000112814, 1, 'RR', -3, 'BOA VISTA', '1972-02-24', '48', '1741832674', 604, 3, 9, 3, 2, '12307.75', 4, 'N', 'S', -1, '6,00E+18', 2, 2);
INSERT INTO public.candidato (sq_candidato, nr_candidato, nm_candidato, nm_urna_candidato, nm_social_candidato, nr_cpf_candidato, nm_email, dt_geracao, hh_geracao, cd_eleicao, sg_ue, cd_cargo, cd_situacao_candidatura, cd_detalhe_situacao_cand, tp_agremiacao, nr_partido, sq_coligacao, cd_nacionalidade, sg_uf_nascimento, cd_municipio_nascimento, nm_municipio_nascimento, dt_nascimento, nr_idade_data_posse, nr_titulo_eleitoral_candidato, cd_ocupacao, cd_cor_raca, cd_estado_civil, cd_grau_instrucao, cd_genero, vr_despesa_max_campanha, cd_sit_tot_turno, st_reeleicao, st_declarar_bens, nr_protocolo_candidatura, nr_processo, cd_situacao_candidato_pleito, cd_situacao_candidato_urna) VALUES(230000864669, 43789, 'GLAUCINEIDE PEREIRA PAULA', 'GLAUCINEIDE PAULA', '#NULO#', '164611266', 'PVRORAIMA@GMAIL.COM', '2022-06-05', '02:12:11', 426, 3123, 13, 12, 2, 'PARTIDO ISOLADO', 43, 230000094886, 1, 'RR', -3, 'PACARAIMA', '1988-04-10', '32', '3924562640', 999, 5, 1, 6, 4, '24516.75', 4, 'N', 'S', -1, '6,00E+18', 2, 2);
INSERT INTO public.candidato (sq_candidato, nr_candidato, nm_candidato, nm_urna_candidato, nm_social_candidato, nr_cpf_candidato, nm_email, dt_geracao, hh_geracao, cd_eleicao, sg_ue, cd_cargo, cd_situacao_candidatura, cd_detalhe_situacao_cand, tp_agremiacao, nr_partido, sq_coligacao, cd_nacionalidade, sg_uf_nascimento, cd_municipio_nascimento, nm_municipio_nascimento, dt_nascimento, nr_idade_data_posse, nr_titulo_eleitoral_candidato, cd_ocupacao, cd_cor_raca, cd_estado_civil, cd_grau_instrucao, cd_genero, vr_despesa_max_campanha, cd_sit_tot_turno, st_reeleicao, st_declarar_bens, nr_protocolo_candidatura, nr_processo, cd_situacao_candidato_pleito, cd_situacao_candidato_urna) VALUES(230001217728, 45678, 'VALDECI GOMES DA CUNHA', 'VALDECI SETE APIAU', '#NULO#', '38208032204', 'EDSONEUCATUR163@GMAIL.COM', '2022-06-05', '02:12:11', 426, 3093, 13, 12, 2, 'PARTIDO ISOLADO', 45, 230000149976, 1, 'AM', -3, 'EIRUNEPÉ', '1948-10-05', '72', '1179292623', 601, 3, 3, 7, 2, '16519.36', 5, 'N', 'S', -1, '6,00E+18', 2, 2);
INSERT INTO public.candidato (sq_candidato, nr_candidato, nm_candidato, nm_urna_candidato, nm_social_candidato, nr_cpf_candidato, nm_email, dt_geracao, hh_geracao, cd_eleicao, sg_ue, cd_cargo, cd_situacao_candidatura, cd_detalhe_situacao_cand, tp_agremiacao, nr_partido, sq_coligacao, cd_nacionalidade, sg_uf_nascimento, cd_municipio_nascimento, nm_municipio_nascimento, dt_nascimento, nr_idade_data_posse, nr_titulo_eleitoral_candidato, cd_ocupacao, cd_cor_raca, cd_estado_civil, cd_grau_instrucao, cd_genero, vr_despesa_max_campanha, cd_sit_tot_turno, st_reeleicao, st_declarar_bens, nr_protocolo_candidatura, nr_processo, cd_situacao_candidato_pleito, cd_situacao_candidato_urna) VALUES(230000654205, 15123, 'GIVANILDO MENDES VERAS', 'GIL VERAS', '#NULO#', '44729448200', 'MDBRASILEIRO.BONFIM@GMAIL.COM', '2022-06-05', '02:12:11', 426, 3077, 13, 12, 2, 'PARTIDO ISOLADO', 15, 230000058296, 1, 'MA', -3, 'MONÇÃO', '1978-04-22', '42', '2071592623', 278, 3, 9, 6, 2, '12307.75', 3, 'N', 'S', -1, '6,00E+18', 2, 2);
INSERT INTO public.candidato (sq_candidato, nr_candidato, nm_candidato, nm_urna_candidato, nm_social_candidato, nr_cpf_candidato, nm_email, dt_geracao, hh_geracao, cd_eleicao, sg_ue, cd_cargo, cd_situacao_candidatura, cd_detalhe_situacao_cand, tp_agremiacao, nr_partido, sq_coligacao, cd_nacionalidade, sg_uf_nascimento, cd_municipio_nascimento, nm_municipio_nascimento, dt_nascimento, nr_idade_data_posse, nr_titulo_eleitoral_candidato, cd_ocupacao, cd_cor_raca, cd_estado_civil, cd_grau_instrucao, cd_genero, vr_despesa_max_campanha, cd_sit_tot_turno, st_reeleicao, st_declarar_bens, nr_protocolo_candidatura, nr_processo, cd_situacao_candidato_pleito, cd_situacao_candidato_urna) VALUES(230001251760, 90555, 'JOÃO DA COSTA MARCELINO', 'JORNALISTA MARCELINO', '#NULO#', '14941465253', 'PROSRORAIMA123@GMAIL.COM', '2022-06-05', '02:12:11', 426, 3018, 13, 12, 4, 'PARTIDO ISOLADO', 90, 230000155374, 1, 'AM', -3, 'MANAUS', '1963-08-31', '57', '3797162232', 999, 3, 3, 6, 2, '391772.1', 4, 'N', 'N', -1, '6,01E+18', 4, 4);
INSERT INTO public.candidato (sq_candidato, nr_candidato, nm_candidato, nm_urna_candidato, nm_social_candidato, nr_cpf_candidato, nm_email, dt_geracao, hh_geracao, cd_eleicao, sg_ue, cd_cargo, cd_situacao_candidatura, cd_detalhe_situacao_cand, tp_agremiacao, nr_partido, sq_coligacao, cd_nacionalidade, sg_uf_nascimento, cd_municipio_nascimento, nm_municipio_nascimento, dt_nascimento, nr_idade_data_posse, nr_titulo_eleitoral_candidato, cd_ocupacao, cd_cor_raca, cd_estado_civil, cd_grau_instrucao, cd_genero, vr_despesa_max_campanha, cd_sit_tot_turno, st_reeleicao, st_declarar_bens, nr_protocolo_candidatura, nr_processo, cd_situacao_candidato_pleito, cd_situacao_candidato_urna) VALUES(230000679861, 15, 'ARTHUR HENRIQUE BRANDÃO MACHADO', 'ARTHUR HENRIQUE', '#NULO#', '50859692272', 'RORAIMA@GMAIL.COM', '2022-06-05', '02:12:11', 426, 3018, 11, 12, 2, 'COLIGAÇÃO', 15, 230000061477, 1, 'RR', -3, 'BOA VISTA', '1981-08-19', '39', '2537762615', 999, 3, 1, 7, 2, '2084865.1', 6, 'N', 'N', -1, '6,00E+18', 2, 2);
INSERT INTO public.candidato (sq_candidato, nr_candidato, nm_candidato, nm_urna_candidato, nm_social_candidato, nr_cpf_candidato, nm_email, dt_geracao, hh_geracao, cd_eleicao, sg_ue, cd_cargo, cd_situacao_candidatura, cd_detalhe_situacao_cand, tp_agremiacao, nr_partido, sq_coligacao, cd_nacionalidade, sg_uf_nascimento, cd_municipio_nascimento, nm_municipio_nascimento, dt_nascimento, nr_idade_data_posse, nr_titulo_eleitoral_candidato, cd_ocupacao, cd_cor_raca, cd_estado_civil, cd_grau_instrucao, cd_genero, vr_despesa_max_campanha, cd_sit_tot_turno, st_reeleicao, st_declarar_bens, nr_protocolo_candidatura, nr_processo, cd_situacao_candidato_pleito, cd_situacao_candidato_urna) VALUES(230000845351, 51555, 'FABIO HENRIQUE VALERIO DA SILVA', 'FITI', '#NULO#', '60930721268', 'FABIOHENRIQUEVALERIO44@GMAIL.COM', '2022-06-05', '02:12:11', 426, 3085, 13, 12, 2, 'PARTIDO ISOLADO', 51, 230000090602, 1, 'PR', -3, 'GUAÍRA', '1970-03-05', '50', '1883972666', 601, 1, 3, 6, 2, '22389.73', 5, 'N', 'S', -1, '6,00E+18', 2, 2);
INSERT INTO public.candidato (sq_candidato, nr_candidato, nm_candidato, nm_urna_candidato, nm_social_candidato, nr_cpf_candidato, nm_email, dt_geracao, hh_geracao, cd_eleicao, sg_ue, cd_cargo, cd_situacao_candidatura, cd_detalhe_situacao_cand, tp_agremiacao, nr_partido, sq_coligacao, cd_nacionalidade, sg_uf_nascimento, cd_municipio_nascimento, nm_municipio_nascimento, dt_nascimento, nr_idade_data_posse, nr_titulo_eleitoral_candidato, cd_ocupacao, cd_cor_raca, cd_estado_civil, cd_grau_instrucao, cd_genero, vr_despesa_max_campanha, cd_sit_tot_turno, st_reeleicao, st_declarar_bens, nr_protocolo_candidatura, nr_processo, cd_situacao_candidato_pleito, cd_situacao_candidato_urna) VALUES(230000857126, 10000, 'LUZIREIA LEVEL GUTIERREZ', 'SHIRLEY DO BOQUEIRÃO', '#NULO#', '24187100253', 'PRB.ASSESSSORIA@GMAIL.COM', '2022-06-05', '02:12:11', 426, 3050, 13, 12, 2, 'PARTIDO ISOLADO', 10, 230000093190, 1, 'RR', -3, 'BOA VISTA', '1966-06-17', '54', '174382666', 999, 3, 3, 6, 4, '62126.27', 5, 'N', 'N', -1, '6,00E+18', 2, 2);
INSERT INTO public.candidato (sq_candidato, nr_candidato, nm_candidato, nm_urna_candidato, nm_social_candidato, nr_cpf_candidato, nm_email, dt_geracao, hh_geracao, cd_eleicao, sg_ue, cd_cargo, cd_situacao_candidatura, cd_detalhe_situacao_cand, tp_agremiacao, nr_partido, sq_coligacao, cd_nacionalidade, sg_uf_nascimento, cd_municipio_nascimento, nm_municipio_nascimento, dt_nascimento, nr_idade_data_posse, nr_titulo_eleitoral_candidato, cd_ocupacao, cd_cor_raca, cd_estado_civil, cd_grau_instrucao, cd_genero, vr_despesa_max_campanha, cd_sit_tot_turno, st_reeleicao, st_declarar_bens, nr_protocolo_candidatura, nr_processo, cd_situacao_candidato_pleito, cd_situacao_candidato_urna) VALUES(230001064081, 40400, 'ERNANDES DE SOUZA OLIVEIRA', 'ERNANDES', '#NULO#', '57250650220', 'ALEFFSTRICKENBRUSK@GMAIL.COM', '2022-06-05', '02:12:11', 426, 3085, 13, 12, 2, 'PARTIDO ISOLADO', 40, 230000128671, 1, 'AM', -3, 'MANAUS', '1975-05-27', '45', '3493212607', 169, 3, 1, 2, 2, '22389.73', 4, 'N', 'N', -1, '6,00E+18', 2, 2);
INSERT INTO public.candidato (sq_candidato, nr_candidato, nm_candidato, nm_urna_candidato, nm_social_candidato, nr_cpf_candidato, nm_email, dt_geracao, hh_geracao, cd_eleicao, sg_ue, cd_cargo, cd_situacao_candidatura, cd_detalhe_situacao_cand, tp_agremiacao, nr_partido, sq_coligacao, cd_nacionalidade, sg_uf_nascimento, cd_municipio_nascimento, nm_municipio_nascimento, dt_nascimento, nr_idade_data_posse, nr_titulo_eleitoral_candidato, cd_ocupacao, cd_cor_raca, cd_estado_civil, cd_grau_instrucao, cd_genero, vr_despesa_max_campanha, cd_sit_tot_turno, st_reeleicao, st_declarar_bens, nr_protocolo_candidatura, nr_processo, cd_situacao_candidato_pleito, cd_situacao_candidato_urna) VALUES(230001057263, 23662, 'RAIMUNDO NONATO DA SILVA DE SOUZA', 'PROFESSOR NONATO', '#NULO#', '44740077272', 'SOUZA.MASTER.ADM@GMAIL.COM', '2022-06-05', '02:12:11', 426, 3018, 13, 12, 2, 'PARTIDO ISOLADO', 23, 230000127849, 1, 'AM', -3, 'MANAUS', '1974-08-12', '46', '1884362607', 297, 3, 1, 8, 2, '391772.1', 4, 'N', 'N', -1, '6,01E+18', 2, 2);
INSERT INTO public.candidato (sq_candidato, nr_candidato, nm_candidato, nm_urna_candidato, nm_social_candidato, nr_cpf_candidato, nm_email, dt_geracao, hh_geracao, cd_eleicao, sg_ue, cd_cargo, cd_situacao_candidatura, cd_detalhe_situacao_cand, tp_agremiacao, nr_partido, sq_coligacao, cd_nacionalidade, sg_uf_nascimento, cd_municipio_nascimento, nm_municipio_nascimento, dt_nascimento, nr_idade_data_posse, nr_titulo_eleitoral_candidato, cd_ocupacao, cd_cor_raca, cd_estado_civil, cd_grau_instrucao, cd_genero, vr_despesa_max_campanha, cd_sit_tot_turno, st_reeleicao, st_declarar_bens, nr_protocolo_candidatura, nr_processo, cd_situacao_candidato_pleito, cd_situacao_candidato_urna) VALUES(230000927038, 10111, 'CLAUDIANA ANDREIA DE SOUZA', 'XUXA SOUZA', '#NULO#', '82621420206', 'CLAU.BIO_SOUZA@HOTMAIL.COM', '2022-06-05', '02:12:11', 426, 3115, 13, 12, 2, 'PARTIDO ISOLADO', 10, 230000106766, 1, 'RR', -3, 'NORMANDIA', '1986-03-19', '34', '3389212690', 298, 3, 1, 8, 4, '12307.75', 3, 'N', 'N', -1, '6,00E+18', 2, 2);
INSERT INTO public.candidato (sq_candidato, nr_candidato, nm_candidato, nm_urna_candidato, nm_social_candidato, nr_cpf_candidato, nm_email, dt_geracao, hh_geracao, cd_eleicao, sg_ue, cd_cargo, cd_situacao_candidatura, cd_detalhe_situacao_cand, tp_agremiacao, nr_partido, sq_coligacao, cd_nacionalidade, sg_uf_nascimento, cd_municipio_nascimento, nm_municipio_nascimento, dt_nascimento, nr_idade_data_posse, nr_titulo_eleitoral_candidato, cd_ocupacao, cd_cor_raca, cd_estado_civil, cd_grau_instrucao, cd_genero, vr_despesa_max_campanha, cd_sit_tot_turno, st_reeleicao, st_declarar_bens, nr_protocolo_candidatura, nr_processo, cd_situacao_candidato_pleito, cd_situacao_candidato_urna) VALUES(230000675395, 51555, 'IRAPUAN ALBERTINO DE SOUZA NETO', 'PROFESSOR IRAPUAN', '#NULO#', '65433220206', 'IRAPUANSOUZANETO@GMAIL.COM', '2022-06-05', '02:12:11', 426, 3034, 13, 12, 2, 'PARTIDO ISOLADO', 51, 230000060762, 1, 'AM', -3, 'BARCELOS', '1975-09-29', '45', '10833132275', 297, 3, 3, 8, 2, '32516.41', 2, 'N', 'N', -1, '6,00E+18', 2, 2);
INSERT INTO public.candidato (sq_candidato, nr_candidato, nm_candidato, nm_urna_candidato, nm_social_candidato, nr_cpf_candidato, nm_email, dt_geracao, hh_geracao, cd_eleicao, sg_ue, cd_cargo, cd_situacao_candidatura, cd_detalhe_situacao_cand, tp_agremiacao, nr_partido, sq_coligacao, cd_nacionalidade, sg_uf_nascimento, cd_municipio_nascimento, nm_municipio_nascimento, dt_nascimento, nr_idade_data_posse, nr_titulo_eleitoral_candidato, cd_ocupacao, cd_cor_raca, cd_estado_civil, cd_grau_instrucao, cd_genero, vr_despesa_max_campanha, cd_sit_tot_turno, st_reeleicao, st_declarar_bens, nr_protocolo_candidatura, nr_processo, cd_situacao_candidato_pleito, cd_situacao_candidato_urna) VALUES(230000975832, 77, 'THIAGO DUARTE', 'THIAGO SARAIVA', '#NULO#', '52220133249', 'SOLIDARIEDADEDIRETORIAAMJ@GMAIL.COM', '2022-06-05', '02:12:11', 426, 3042, 12, 12, 2, 'COLIGAÇÃO', 77, 230000113770, 1, 'RR', -3, 'AMAJARI', '1984-05-28', '36', '2611392623', 278, 3, 3, 7, 2, '-1', 4, 'N', 'S', -1, '6,00E+18', 2, 2);
INSERT INTO public.candidato (sq_candidato, nr_candidato, nm_candidato, nm_urna_candidato, nm_social_candidato, nr_cpf_candidato, nm_email, dt_geracao, hh_geracao, cd_eleicao, sg_ue, cd_cargo, cd_situacao_candidatura, cd_detalhe_situacao_cand, tp_agremiacao, nr_partido, sq_coligacao, cd_nacionalidade, sg_uf_nascimento, cd_municipio_nascimento, nm_municipio_nascimento, dt_nascimento, nr_idade_data_posse, nr_titulo_eleitoral_candidato, cd_ocupacao, cd_cor_raca, cd_estado_civil, cd_grau_instrucao, cd_genero, vr_despesa_max_campanha, cd_sit_tot_turno, st_reeleicao, st_declarar_bens, nr_protocolo_candidatura, nr_processo, cd_situacao_candidato_pleito, cd_situacao_candidato_urna) VALUES(230001056324, 55555, 'ANTONIO LUIZ DE PINHO BEZERRA JUNIOR', 'LUIZINHO TIMBÓ', '#NULO#', '2131044232', 'LTCONSTRUTORA@OUTLOOK.COM.BR', '2022-06-05', '02:12:11', 426, 3018, 13, 3, 6, 'PARTIDO ISOLADO', 55, 230000127735, 1, 'RR', -3, 'BOA VISTA', '1995-10-31', '25', '4437442666', 101, 1, 1, 8, 2, '391772.1', -1, 'N', 'S', -1, '6,01E+18', -1, -1);
INSERT INTO public.candidato (sq_candidato, nr_candidato, nm_candidato, nm_urna_candidato, nm_social_candidato, nr_cpf_candidato, nm_email, dt_geracao, hh_geracao, cd_eleicao, sg_ue, cd_cargo, cd_situacao_candidatura, cd_detalhe_situacao_cand, tp_agremiacao, nr_partido, sq_coligacao, cd_nacionalidade, sg_uf_nascimento, cd_municipio_nascimento, nm_municipio_nascimento, dt_nascimento, nr_idade_data_posse, nr_titulo_eleitoral_candidato, cd_ocupacao, cd_cor_raca, cd_estado_civil, cd_grau_instrucao, cd_genero, vr_despesa_max_campanha, cd_sit_tot_turno, st_reeleicao, st_declarar_bens, nr_protocolo_candidatura, nr_processo, cd_situacao_candidato_pleito, cd_situacao_candidato_urna) VALUES(230000779819, 23888, 'MARCOS ANTONIO DE MELO OLIVEIRA', 'MARCOS LEITE', '#NULO#', '51394243200', 'LEITEMARCOS196@GMAIL.COM', '2022-06-05', '02:12:11', 426, 3069, 13, 12, 2, 'PARTIDO ISOLADO', 23, 230000075696, 1, 'RR', -3, 'NORMANDIA', '1977-12-04', '43', '2562512607', 999, 3, 1, 6, 2, '51117.1', 5, 'N', 'S', -1, '6,00E+18', 2, 2);
INSERT INTO public.candidato (sq_candidato, nr_candidato, nm_candidato, nm_urna_candidato, nm_social_candidato, nr_cpf_candidato, nm_email, dt_geracao, hh_geracao, cd_eleicao, sg_ue, cd_cargo, cd_situacao_candidatura, cd_detalhe_situacao_cand, tp_agremiacao, nr_partido, sq_coligacao, cd_nacionalidade, sg_uf_nascimento, cd_municipio_nascimento, nm_municipio_nascimento, dt_nascimento, nr_idade_data_posse, nr_titulo_eleitoral_candidato, cd_ocupacao, cd_cor_raca, cd_estado_civil, cd_grau_instrucao, cd_genero, vr_despesa_max_campanha, cd_sit_tot_turno, st_reeleicao, st_declarar_bens, nr_protocolo_candidatura, nr_processo, cd_situacao_candidato_pleito, cd_situacao_candidato_urna) VALUES(230000837423, 11777, 'ELIANA VIANA DA SILVA', 'ELIANA VIANNA', '#NULO#', '45133727291', 'CONTATO7ELOS@GMAIL.COM', '2022-06-05', '02:12:11', 426, 3018, 13, 12, 2, 'PARTIDO ISOLADO', 11, 230000088894, 1, 'PA', -3, 'CASTANHAL', '1976-01-12', '44', '2624422674', 257, 3, 1, 6, 4, '391772.1', 5, 'N', 'S', -1, '6,00E+18', 2, 2);
INSERT INTO public.candidato (sq_candidato, nr_candidato, nm_candidato, nm_urna_candidato, nm_social_candidato, nr_cpf_candidato, nm_email, dt_geracao, hh_geracao, cd_eleicao, sg_ue, cd_cargo, cd_situacao_candidatura, cd_detalhe_situacao_cand, tp_agremiacao, nr_partido, sq_coligacao, cd_nacionalidade, sg_uf_nascimento, cd_municipio_nascimento, nm_municipio_nascimento, dt_nascimento, nr_idade_data_posse, nr_titulo_eleitoral_candidato, cd_ocupacao, cd_cor_raca, cd_estado_civil, cd_grau_instrucao, cd_genero, vr_despesa_max_campanha, cd_sit_tot_turno, st_reeleicao, st_declarar_bens, nr_protocolo_candidatura, nr_processo, cd_situacao_candidato_pleito, cd_situacao_candidato_urna) VALUES(230001206612, 13000, 'VILSON SOUZA DA SILVA', 'IRMÃO VILSON', '#NULO#', '76769216', 'VILSONSOUZA.2020@OUTLOOK.COM', '2022-06-05', '02:12:11', 426, 3115, 13, 12, 2, 'PARTIDO ISOLADO', 13, 230000148412, 1, 'RR', -3, 'NORMANDIA', '1983-10-14', '37', '3875572615', 601, 5, 3, 3, 2, '12307.75', 4, 'N', 'S', -1, '6,01E+18', 2, 2);
INSERT INTO public.candidato (sq_candidato, nr_candidato, nm_candidato, nm_urna_candidato, nm_social_candidato, nr_cpf_candidato, nm_email, dt_geracao, hh_geracao, cd_eleicao, sg_ue, cd_cargo, cd_situacao_candidatura, cd_detalhe_situacao_cand, tp_agremiacao, nr_partido, sq_coligacao, cd_nacionalidade, sg_uf_nascimento, cd_municipio_nascimento, nm_municipio_nascimento, dt_nascimento, nr_idade_data_posse, nr_titulo_eleitoral_candidato, cd_ocupacao, cd_cor_raca, cd_estado_civil, cd_grau_instrucao, cd_genero, vr_despesa_max_campanha, cd_sit_tot_turno, st_reeleicao, st_declarar_bens, nr_protocolo_candidatura, nr_processo, cd_situacao_candidato_pleito, cd_situacao_candidato_urna) VALUES(230000821492, 70122, 'JORGNA OLINA JEORGE', 'JORGNA JEORGE', '#NULO#', '1811333265', 'AVANTE70CCI@GMAIL.COM', '2022-06-05', '02:12:11', 426, 3034, 13, 12, 2, 'PARTIDO ISOLADO', 70, 230000085939, 1, 'RR', -3, 'BOA VISTA', '1986-12-22', '34', '3545572615', 999, 2, 3, 5, 4, '32516.41', 5, 'N', 'N', -1, '6,00E+18', 2, 2);
INSERT INTO public.candidato (sq_candidato, nr_candidato, nm_candidato, nm_urna_candidato, nm_social_candidato, nr_cpf_candidato, nm_email, dt_geracao, hh_geracao, cd_eleicao, sg_ue, cd_cargo, cd_situacao_candidatura, cd_detalhe_situacao_cand, tp_agremiacao, nr_partido, sq_coligacao, cd_nacionalidade, sg_uf_nascimento, cd_municipio_nascimento, nm_municipio_nascimento, dt_nascimento, nr_idade_data_posse, nr_titulo_eleitoral_candidato, cd_ocupacao, cd_cor_raca, cd_estado_civil, cd_grau_instrucao, cd_genero, vr_despesa_max_campanha, cd_sit_tot_turno, st_reeleicao, st_declarar_bens, nr_protocolo_candidatura, nr_processo, cd_situacao_candidato_pleito, cd_situacao_candidato_urna) VALUES(230001058277, 27174, 'CARLA CRISTINA ROCHA', 'CARLA CRISTINA', '#NULO#', '44737092215', 'CONTATO@ANDREIVERIBEIROADVOCACIA.COM.BR', '2022-06-05', '02:12:11', 426, 3018, 13, 12, 2, 'PARTIDO ISOLADO', 27, 230000127984, 1, 'PA', -3, 'MARABÁ', '1976-06-04', '44', '3408852607', 999, 1, 1, 4, 4, '391772.1', 5, 'N', 'N', -1, '6,01E+18', 2, 2);
INSERT INTO public.candidato (sq_candidato, nr_candidato, nm_candidato, nm_urna_candidato, nm_social_candidato, nr_cpf_candidato, nm_email, dt_geracao, hh_geracao, cd_eleicao, sg_ue, cd_cargo, cd_situacao_candidatura, cd_detalhe_situacao_cand, tp_agremiacao, nr_partido, sq_coligacao, cd_nacionalidade, sg_uf_nascimento, cd_municipio_nascimento, nm_municipio_nascimento, dt_nascimento, nr_idade_data_posse, nr_titulo_eleitoral_candidato, cd_ocupacao, cd_cor_raca, cd_estado_civil, cd_grau_instrucao, cd_genero, vr_despesa_max_campanha, cd_sit_tot_turno, st_reeleicao, st_declarar_bens, nr_protocolo_candidatura, nr_processo, cd_situacao_candidato_pleito, cd_situacao_candidato_urna) VALUES(230001263324, 77715, 'PATRICIA MELO DA SILVA', 'PATRICIA MELO', '#NULO#', '51799391272', 'ANDREIVE@ANDREIVERIBEIROADVOCACIA.COM.BR', '2022-06-05', '02:12:11', 426, 3018, 13, 12, 2, 'PARTIDO ISOLADO', 77, 230000089159, 1, 'RR', -3, 'BOA VISTA', '1980-02-28', '40', '2389272640', 999, 3, 1, 6, 4, '391772.1', 5, 'N', 'S', -1, '6,01E+18', 2, 2);
INSERT INTO public.candidato (sq_candidato, nr_candidato, nm_candidato, nm_urna_candidato, nm_social_candidato, nr_cpf_candidato, nm_email, dt_geracao, hh_geracao, cd_eleicao, sg_ue, cd_cargo, cd_situacao_candidatura, cd_detalhe_situacao_cand, tp_agremiacao, nr_partido, sq_coligacao, cd_nacionalidade, sg_uf_nascimento, cd_municipio_nascimento, nm_municipio_nascimento, dt_nascimento, nr_idade_data_posse, nr_titulo_eleitoral_candidato, cd_ocupacao, cd_cor_raca, cd_estado_civil, cd_grau_instrucao, cd_genero, vr_despesa_max_campanha, cd_sit_tot_turno, st_reeleicao, st_declarar_bens, nr_protocolo_candidatura, nr_processo, cd_situacao_candidato_pleito, cd_situacao_candidato_urna) VALUES(230001215677, 11444, 'GELSON JOSÉ MARTINS', 'GELSON INGARICÓ', '#NULO#', '889947244', 'NIXONROSAS11@GMAIL.COM', '2022-06-05', '02:12:11', 426, 3107, 13, 12, 2, 'PARTIDO ISOLADO', 11, 230000149695, 1, 'RR', -3, 'UIRAMUTÃ', '1980-09-25', '40', '3999872640', 999, 5, 1, 4, 2, '12307.75', 5, 'N', 'S', -1, '6,00E+18', 2, 2);
INSERT INTO public.candidato (sq_candidato, nr_candidato, nm_candidato, nm_urna_candidato, nm_social_candidato, nr_cpf_candidato, nm_email, dt_geracao, hh_geracao, cd_eleicao, sg_ue, cd_cargo, cd_situacao_candidatura, cd_detalhe_situacao_cand, tp_agremiacao, nr_partido, sq_coligacao, cd_nacionalidade, sg_uf_nascimento, cd_municipio_nascimento, nm_municipio_nascimento, dt_nascimento, nr_idade_data_posse, nr_titulo_eleitoral_candidato, cd_ocupacao, cd_cor_raca, cd_estado_civil, cd_grau_instrucao, cd_genero, vr_despesa_max_campanha, cd_sit_tot_turno, st_reeleicao, st_declarar_bens, nr_protocolo_candidatura, nr_processo, cd_situacao_candidato_pleito, cd_situacao_candidato_urna) VALUES(230000728177, 77123, 'JOHNNY DA CUNHA DANTAS', 'JOHNNY DANTAS', '#NULO#', '65247795253', 'KELIANEBARROSOREIS@GMAIL.COM', '2022-06-05', '02:12:11', 426, 3050, 13, 12, 2, 'PARTIDO ISOLADO', 77, 230000068014, 1, 'AM', -3, 'MANAUS', '1979-10-05', '41', '2779072623', 164, 3, 3, 4, 2, '62126.27', 5, 'N', 'S', -1, '6,00E+18', 2, 2);
INSERT INTO public.candidato (sq_candidato, nr_candidato, nm_candidato, nm_urna_candidato, nm_social_candidato, nr_cpf_candidato, nm_email, dt_geracao, hh_geracao, cd_eleicao, sg_ue, cd_cargo, cd_situacao_candidatura, cd_detalhe_situacao_cand, tp_agremiacao, nr_partido, sq_coligacao, cd_nacionalidade, sg_uf_nascimento, cd_municipio_nascimento, nm_municipio_nascimento, dt_nascimento, nr_idade_data_posse, nr_titulo_eleitoral_candidato, cd_ocupacao, cd_cor_raca, cd_estado_civil, cd_grau_instrucao, cd_genero, vr_despesa_max_campanha, cd_sit_tot_turno, st_reeleicao, st_declarar_bens, nr_protocolo_candidatura, nr_processo, cd_situacao_candidato_pleito, cd_situacao_candidato_urna) VALUES(230000787494, 14777, 'ALEXANDRE MOTA MONTEIRO', 'LECO MOTA', '#NULO#', '51760150215', 'JWS.ASSESSORIA@YAHOO.COM.BR', '2022-06-05', '02:12:11', 426, 3018, 13, 12, 2, 'PARTIDO ISOLADO', 14, 230000076746, 1, 'RR', -3, 'BOA VISTA', '1981-03-11', '39', '2697492615', 230, 3, 1, 8, 2, '391772.1', 5, 'N', 'N', -1, '6,00E+18', 2, 2);
INSERT INTO public.candidato (sq_candidato, nr_candidato, nm_candidato, nm_urna_candidato, nm_social_candidato, nr_cpf_candidato, nm_email, dt_geracao, hh_geracao, cd_eleicao, sg_ue, cd_cargo, cd_situacao_candidatura, cd_detalhe_situacao_cand, tp_agremiacao, nr_partido, sq_coligacao, cd_nacionalidade, sg_uf_nascimento, cd_municipio_nascimento, nm_municipio_nascimento, dt_nascimento, nr_idade_data_posse, nr_titulo_eleitoral_candidato, cd_ocupacao, cd_cor_raca, cd_estado_civil, cd_grau_instrucao, cd_genero, vr_despesa_max_campanha, cd_sit_tot_turno, st_reeleicao, st_declarar_bens, nr_protocolo_candidatura, nr_processo, cd_situacao_candidato_pleito, cd_situacao_candidato_urna) VALUES(230000837368, 18789, 'ARIENE DOS SANTOS LIMA', 'ARIENE SUSUI', '#NULO#', '70103145273', 'ARIENESUSUI@GMAIL.COM', '2022-06-05', '02:12:11', 426, 3018, 13, 12, 2, 'PARTIDO ISOLADO', 18, 230000088887, 1, 'RR', -3, 'BOA VISTA', '1996-10-19', '24', '4705862666', 171, 5, 1, 8, 4, '391772.1', 5, 'N', 'N', -1, '6,00E+18', 2, 2);
INSERT INTO public.candidato (sq_candidato, nr_candidato, nm_candidato, nm_urna_candidato, nm_social_candidato, nr_cpf_candidato, nm_email, dt_geracao, hh_geracao, cd_eleicao, sg_ue, cd_cargo, cd_situacao_candidatura, cd_detalhe_situacao_cand, tp_agremiacao, nr_partido, sq_coligacao, cd_nacionalidade, sg_uf_nascimento, cd_municipio_nascimento, nm_municipio_nascimento, dt_nascimento, nr_idade_data_posse, nr_titulo_eleitoral_candidato, cd_ocupacao, cd_cor_raca, cd_estado_civil, cd_grau_instrucao, cd_genero, vr_despesa_max_campanha, cd_sit_tot_turno, st_reeleicao, st_declarar_bens, nr_protocolo_candidatura, nr_processo, cd_situacao_candidato_pleito, cd_situacao_candidato_urna) VALUES(230000766133, 14614, 'JULIANA CORREA DOS SANTOS', 'JULIANA', '#NULO#', '79190545249', 'AMAZONASARAUJO@GMAIL.COM', '2022-06-05', '02:12:11', 426, 3069, 13, 12, 2, 'PARTIDO ISOLADO', 14, 230000073883, 1, 'RR', -3, 'BOA VISTA', '1985-02-03', '35', '3209122615', 999, 3, 1, 4, 4, '51117.1', 4, 'N', 'S', -1, '6,00E+18', 2, 2);
INSERT INTO public.candidato (sq_candidato, nr_candidato, nm_candidato, nm_urna_candidato, nm_social_candidato, nr_cpf_candidato, nm_email, dt_geracao, hh_geracao, cd_eleicao, sg_ue, cd_cargo, cd_situacao_candidatura, cd_detalhe_situacao_cand, tp_agremiacao, nr_partido, sq_coligacao, cd_nacionalidade, sg_uf_nascimento, cd_municipio_nascimento, nm_municipio_nascimento, dt_nascimento, nr_idade_data_posse, nr_titulo_eleitoral_candidato, cd_ocupacao, cd_cor_raca, cd_estado_civil, cd_grau_instrucao, cd_genero, vr_despesa_max_campanha, cd_sit_tot_turno, st_reeleicao, st_declarar_bens, nr_protocolo_candidatura, nr_processo, cd_situacao_candidato_pleito, cd_situacao_candidato_urna) VALUES(230000838174, 28193, 'NIVALDO CICERO BONFIM', 'NIVALDO DO BELA VISTA', '#NULO#', '2582896438', 'PRTBRR28@GMAIL.COM', '2022-06-05', '02:12:11', 426, 3018, 13, 12, 2, 'PARTIDO ISOLADO', 28, 230000089028, 1, 'AL', -3, 'MACEIÓ', '1977-02-14', '43', '2427082674', 999, 3, 3, 6, 2, '391772.1', 5, 'N', 'S', -1, '6,00E+18', 2, 2);
INSERT INTO public.candidato (sq_candidato, nr_candidato, nm_candidato, nm_urna_candidato, nm_social_candidato, nr_cpf_candidato, nm_email, dt_geracao, hh_geracao, cd_eleicao, sg_ue, cd_cargo, cd_situacao_candidatura, cd_detalhe_situacao_cand, tp_agremiacao, nr_partido, sq_coligacao, cd_nacionalidade, sg_uf_nascimento, cd_municipio_nascimento, nm_municipio_nascimento, dt_nascimento, nr_idade_data_posse, nr_titulo_eleitoral_candidato, cd_ocupacao, cd_cor_raca, cd_estado_civil, cd_grau_instrucao, cd_genero, vr_despesa_max_campanha, cd_sit_tot_turno, st_reeleicao, st_declarar_bens, nr_protocolo_candidatura, nr_processo, cd_situacao_candidato_pleito, cd_situacao_candidato_urna) VALUES(230000838200, 28000, 'OSIEL ANDRADE DE ALCANTARA', 'OSIEL ANDRADE', '#NULO#', '42948843391', 'OZIELANDRADE2020@GMAIL.COM', '2022-06-05', '02:12:11', 426, 3018, 13, 12, 2, 'PARTIDO ISOLADO', 28, 230000089028, 1, 'RR', -3, 'BOA VISTA', '1975-05-18', '45', '2125812615', 303, 1, 3, 8, 2, '391772.1', 5, 'N', 'S', -1, '6,00E+18', 2, 2);
INSERT INTO public.candidato (sq_candidato, nr_candidato, nm_candidato, nm_urna_candidato, nm_social_candidato, nr_cpf_candidato, nm_email, dt_geracao, hh_geracao, cd_eleicao, sg_ue, cd_cargo, cd_situacao_candidatura, cd_detalhe_situacao_cand, tp_agremiacao, nr_partido, sq_coligacao, cd_nacionalidade, sg_uf_nascimento, cd_municipio_nascimento, nm_municipio_nascimento, dt_nascimento, nr_idade_data_posse, nr_titulo_eleitoral_candidato, cd_ocupacao, cd_cor_raca, cd_estado_civil, cd_grau_instrucao, cd_genero, vr_despesa_max_campanha, cd_sit_tot_turno, st_reeleicao, st_declarar_bens, nr_protocolo_candidatura, nr_processo, cd_situacao_candidato_pleito, cd_situacao_candidato_urna) VALUES(230000632357, 17153, 'JULLYERRE PABLO LIMA DA SILVA', 'GUARDA JULLYERRE PABLO', '#NULO#', '88447979253', 'JULLYERREPABLO@GMAIL.COM', '2022-06-05', '02:12:11', 426, 3018, 13, 12, 2, 'PARTIDO ISOLADO', 17, 230000051635, 1, 'RR', -3, 'BOA VISTA', '1989-01-30', '31', '3774962615', 999, 1, 3, 7, 2, '391772.1', 3, 'N', 'S', -1, '6,00E+18', 2, 2);
INSERT INTO public.candidato (sq_candidato, nr_candidato, nm_candidato, nm_urna_candidato, nm_social_candidato, nr_cpf_candidato, nm_email, dt_geracao, hh_geracao, cd_eleicao, sg_ue, cd_cargo, cd_situacao_candidatura, cd_detalhe_situacao_cand, tp_agremiacao, nr_partido, sq_coligacao, cd_nacionalidade, sg_uf_nascimento, cd_municipio_nascimento, nm_municipio_nascimento, dt_nascimento, nr_idade_data_posse, nr_titulo_eleitoral_candidato, cd_ocupacao, cd_cor_raca, cd_estado_civil, cd_grau_instrucao, cd_genero, vr_despesa_max_campanha, cd_sit_tot_turno, st_reeleicao, st_declarar_bens, nr_protocolo_candidatura, nr_processo, cd_situacao_candidato_pleito, cd_situacao_candidato_urna) VALUES(230000787485, 14100, 'MIKAELLYSON MARTINS DA SILVA', 'MIKA MARTINS', '#NULO#', '52800342234', 'JWS.ASSESSORIA@YAHOO.COM.BR', '2022-06-05', '02:12:11', 426, 3018, 13, 12, 2, 'PARTIDO ISOLADO', 14, 230000076746, 1, 'AM', -3, 'MANAUS', '1986-04-24', '34', '3300532666', 257, 2, 9, 7, 2, '391772.1', 5, 'N', 'S', -1, '6,00E+18', 2, 2);
INSERT INTO public.candidato (sq_candidato, nr_candidato, nm_candidato, nm_urna_candidato, nm_social_candidato, nr_cpf_candidato, nm_email, dt_geracao, hh_geracao, cd_eleicao, sg_ue, cd_cargo, cd_situacao_candidatura, cd_detalhe_situacao_cand, tp_agremiacao, nr_partido, sq_coligacao, cd_nacionalidade, sg_uf_nascimento, cd_municipio_nascimento, nm_municipio_nascimento, dt_nascimento, nr_idade_data_posse, nr_titulo_eleitoral_candidato, cd_ocupacao, cd_cor_raca, cd_estado_civil, cd_grau_instrucao, cd_genero, vr_despesa_max_campanha, cd_sit_tot_turno, st_reeleicao, st_declarar_bens, nr_protocolo_candidatura, nr_processo, cd_situacao_candidato_pleito, cd_situacao_candidato_urna) VALUES(230000765740, 23123, 'EDINHO PINHO DE SOUZA', 'EDINHO PINHO', '#NULO#', '68678304200', 'PINHOEDINHO68@GMAIL.COM', '2022-06-05', '02:12:11', 426, 3077, 13, 12, 2, 'PARTIDO ISOLADO', 23, 230000073827, 1, 'RR', -3, 'BOA VISTA', '1983-01-03', '37', '3108892690', 999, 5, 1, 6, 2, '12307.75', 4, 'N', 'S', -1, '6,00E+18', 2, 2);
INSERT INTO public.candidato (sq_candidato, nr_candidato, nm_candidato, nm_urna_candidato, nm_social_candidato, nr_cpf_candidato, nm_email, dt_geracao, hh_geracao, cd_eleicao, sg_ue, cd_cargo, cd_situacao_candidatura, cd_detalhe_situacao_cand, tp_agremiacao, nr_partido, sq_coligacao, cd_nacionalidade, sg_uf_nascimento, cd_municipio_nascimento, nm_municipio_nascimento, dt_nascimento, nr_idade_data_posse, nr_titulo_eleitoral_candidato, cd_ocupacao, cd_cor_raca, cd_estado_civil, cd_grau_instrucao, cd_genero, vr_despesa_max_campanha, cd_sit_tot_turno, st_reeleicao, st_declarar_bens, nr_protocolo_candidatura, nr_processo, cd_situacao_candidato_pleito, cd_situacao_candidato_urna) VALUES(230000837828, 19999, 'ELIANA ANTONINA ROCHA', 'LANA ROCHA', '#NULO#', '80300332653', 'PODEMOSBVBELEICAO2020@GMAIL.COM', '2022-06-05', '02:12:11', 426, 3018, 13, 12, 2, 'PARTIDO ISOLADO', 19, 230000088960, 1, 'MG', -3, 'CAPITÃO ENÉAS', '1970-06-12', '50', '90077980299', 999, 3, 1, 7, 4, '391772.1', 4, 'N', 'S', -1, '6,00E+18', 2, 2);
INSERT INTO public.candidato (sq_candidato, nr_candidato, nm_candidato, nm_urna_candidato, nm_social_candidato, nr_cpf_candidato, nm_email, dt_geracao, hh_geracao, cd_eleicao, sg_ue, cd_cargo, cd_situacao_candidatura, cd_detalhe_situacao_cand, tp_agremiacao, nr_partido, sq_coligacao, cd_nacionalidade, sg_uf_nascimento, cd_municipio_nascimento, nm_municipio_nascimento, dt_nascimento, nr_idade_data_posse, nr_titulo_eleitoral_candidato, cd_ocupacao, cd_cor_raca, cd_estado_civil, cd_grau_instrucao, cd_genero, vr_despesa_max_campanha, cd_sit_tot_turno, st_reeleicao, st_declarar_bens, nr_protocolo_candidatura, nr_processo, cd_situacao_candidato_pleito, cd_situacao_candidato_urna) VALUES(230001251768, 90888, 'BRUCE WENDERSON NERES VIANA', 'BRUCE VIANA', '#NULO#', '8620296', 'PROSRORAIMA123@GMAIL.COM', '2022-06-05', '02:12:11', 426, 3018, 13, 12, 2, 'PARTIDO ISOLADO', 90, 230000155374, 1, 'RR', -3, 'BOA VISTA', '1998-02-14', '22', '4733832658', 999, 3, 1, 6, 2, '391772.1', 4, 'N', 'S', -1, '6,01E+18', 2, 2);
INSERT INTO public.candidato (sq_candidato, nr_candidato, nm_candidato, nm_urna_candidato, nm_social_candidato, nr_cpf_candidato, nm_email, dt_geracao, hh_geracao, cd_eleicao, sg_ue, cd_cargo, cd_situacao_candidatura, cd_detalhe_situacao_cand, tp_agremiacao, nr_partido, sq_coligacao, cd_nacionalidade, sg_uf_nascimento, cd_municipio_nascimento, nm_municipio_nascimento, dt_nascimento, nr_idade_data_posse, nr_titulo_eleitoral_candidato, cd_ocupacao, cd_cor_raca, cd_estado_civil, cd_grau_instrucao, cd_genero, vr_despesa_max_campanha, cd_sit_tot_turno, st_reeleicao, st_declarar_bens, nr_protocolo_candidatura, nr_processo, cd_situacao_candidato_pleito, cd_situacao_candidato_urna) VALUES(230000675042, 11106, 'MARIA RAIMUNDA DE SOUZA MELO', 'MARIA RAIMUNDA', '#NULO#', '1736154222', 'RAIMUNDAMELO716@GMAIL.COM', '2022-06-05', '02:12:11', 426, 3034, 13, 12, 2, 'PARTIDO ISOLADO', 11, 230000060706, 1, 'RR', -3, 'CARACARAÍ', '1991-12-19', '29', '4081502615', 581, 3, 1, 6, 4, '32516.41', 5, 'N', 'S', -1, '6,00E+18', 2, 2);
INSERT INTO public.candidato (sq_candidato, nr_candidato, nm_candidato, nm_urna_candidato, nm_social_candidato, nr_cpf_candidato, nm_email, dt_geracao, hh_geracao, cd_eleicao, sg_ue, cd_cargo, cd_situacao_candidatura, cd_detalhe_situacao_cand, tp_agremiacao, nr_partido, sq_coligacao, cd_nacionalidade, sg_uf_nascimento, cd_municipio_nascimento, nm_municipio_nascimento, dt_nascimento, nr_idade_data_posse, nr_titulo_eleitoral_candidato, cd_ocupacao, cd_cor_raca, cd_estado_civil, cd_grau_instrucao, cd_genero, vr_despesa_max_campanha, cd_sit_tot_turno, st_reeleicao, st_declarar_bens, nr_protocolo_candidatura, nr_processo, cd_situacao_candidato_pleito, cd_situacao_candidato_urna) VALUES(230001206602, 55333, 'ALZENIR DA SILVA SEGUNDO', 'ALZENIR DO TESO DO GAVIÃO', '#NULO#', '66063264272', 'ALZENIRSEGUNDO952@GMAIL.COM', '2022-06-05', '02:12:11', 426, 3115, 13, 12, 2, 'PARTIDO ISOLADO', 55, 230000148410, 1, 'RR', -3, 'NORMANDIA', '1974-08-24', '46', '2507952615', 601, 5, 3, 3, 2, '12307.75', 5, 'N', 'S', -1, '6,00E+18', 2, 2);
INSERT INTO public.candidato (sq_candidato, nr_candidato, nm_candidato, nm_urna_candidato, nm_social_candidato, nr_cpf_candidato, nm_email, dt_geracao, hh_geracao, cd_eleicao, sg_ue, cd_cargo, cd_situacao_candidatura, cd_detalhe_situacao_cand, tp_agremiacao, nr_partido, sq_coligacao, cd_nacionalidade, sg_uf_nascimento, cd_municipio_nascimento, nm_municipio_nascimento, dt_nascimento, nr_idade_data_posse, nr_titulo_eleitoral_candidato, cd_ocupacao, cd_cor_raca, cd_estado_civil, cd_grau_instrucao, cd_genero, vr_despesa_max_campanha, cd_sit_tot_turno, st_reeleicao, st_declarar_bens, nr_protocolo_candidatura, nr_processo, cd_situacao_candidato_pleito, cd_situacao_candidato_urna) VALUES(230000749913, 90222, 'DALVA SARAIVA DE LIMA', 'DALVA SARAIVA', '#NULO#', '38272458268', 'DALVASARAIVA47@GMAIL.COM', '2022-06-05', '02:12:11', 426, 3034, 13, 12, 2, 'PARTIDO ISOLADO', 90, 230000071023, 1, 'MS', -3, 'NOVA ANDRADINA', '1971-03-15', '49', '1316852607', 999, 3, 1, 6, 4, '32516.41', 4, 'N', 'S', -1, '6,00E+18', 2, 2);
INSERT INTO public.candidato (sq_candidato, nr_candidato, nm_candidato, nm_urna_candidato, nm_social_candidato, nr_cpf_candidato, nm_email, dt_geracao, hh_geracao, cd_eleicao, sg_ue, cd_cargo, cd_situacao_candidatura, cd_detalhe_situacao_cand, tp_agremiacao, nr_partido, sq_coligacao, cd_nacionalidade, sg_uf_nascimento, cd_municipio_nascimento, nm_municipio_nascimento, dt_nascimento, nr_idade_data_posse, nr_titulo_eleitoral_candidato, cd_ocupacao, cd_cor_raca, cd_estado_civil, cd_grau_instrucao, cd_genero, vr_despesa_max_campanha, cd_sit_tot_turno, st_reeleicao, st_declarar_bens, nr_protocolo_candidatura, nr_processo, cd_situacao_candidato_pleito, cd_situacao_candidato_urna) VALUES(230000726924, 22111, 'JOSÉ RAIMUNDO DOS SANTOS ARAÚJO', 'JOSÉ RAIMUNDO', '#NULO#', '63119056200', 'JOSERAIMUNDODOSSANTOSARAUJO@GMAIL.COM', '2022-06-05', '02:12:11', 426, 3026, 13, 12, 2, 'PARTIDO ISOLADO', 22, 230000067857, 1, 'MA', -3, 'LAGO VERDE', '1980-02-27', '40', '2042202674', 278, 3, 1, 8, 2, '18806.81', 5, 'N', 'S', -1, '6,00E+18', 2, 2);
INSERT INTO public.candidato (sq_candidato, nr_candidato, nm_candidato, nm_urna_candidato, nm_social_candidato, nr_cpf_candidato, nm_email, dt_geracao, hh_geracao, cd_eleicao, sg_ue, cd_cargo, cd_situacao_candidatura, cd_detalhe_situacao_cand, tp_agremiacao, nr_partido, sq_coligacao, cd_nacionalidade, sg_uf_nascimento, cd_municipio_nascimento, nm_municipio_nascimento, dt_nascimento, nr_idade_data_posse, nr_titulo_eleitoral_candidato, cd_ocupacao, cd_cor_raca, cd_estado_civil, cd_grau_instrucao, cd_genero, vr_despesa_max_campanha, cd_sit_tot_turno, st_reeleicao, st_declarar_bens, nr_protocolo_candidatura, nr_processo, cd_situacao_candidato_pleito, cd_situacao_candidato_urna) VALUES(230000837378, 18800, 'JORGE ANDERSON SCHWINDEN', 'JORGE SCHWINDEN', '#NULO#', '52254100904', 'JORGE.ANDERSON2810@GMAIL.COM', '2022-06-05', '02:12:11', 426, 3018, 13, 12, 2, 'PARTIDO ISOLADO', 18, 230000088887, 1, 'RS', -3, 'ERECHIM', '1963-10-28', '57', '1843682607', 297, 1, 3, 8, 2, '391772.1', 5, 'N', 'S', -1, '6,00E+18', 2, 2);
INSERT INTO public.candidato (sq_candidato, nr_candidato, nm_candidato, nm_urna_candidato, nm_social_candidato, nr_cpf_candidato, nm_email, dt_geracao, hh_geracao, cd_eleicao, sg_ue, cd_cargo, cd_situacao_candidatura, cd_detalhe_situacao_cand, tp_agremiacao, nr_partido, sq_coligacao, cd_nacionalidade, sg_uf_nascimento, cd_municipio_nascimento, nm_municipio_nascimento, dt_nascimento, nr_idade_data_posse, nr_titulo_eleitoral_candidato, cd_ocupacao, cd_cor_raca, cd_estado_civil, cd_grau_instrucao, cd_genero, vr_despesa_max_campanha, cd_sit_tot_turno, st_reeleicao, st_declarar_bens, nr_protocolo_candidatura, nr_processo, cd_situacao_candidato_pleito, cd_situacao_candidato_urna) VALUES(230001056314, 55190, 'ANTONIO CARLOS DOS SANTOS SILVA', 'CORONEL ANTONIO CARLOS', '#NULO#', '32315643287', 'ACARLOSHGJ@HOTMAIL.COM', '2022-06-05', '02:12:11', 426, 3018, 13, 12, 2, 'PARTIDO ISOLADO', 55, 230000127735, 1, 'MA', -3, 'ZÉ DOCA', '1966-05-15', '54', '77202682', 233, 2, 3, 8, 2, '391772.1', 5, 'N', 'S', -1, '6,01E+18', 2, 2);
INSERT INTO public.candidato (sq_candidato, nr_candidato, nm_candidato, nm_urna_candidato, nm_social_candidato, nr_cpf_candidato, nm_email, dt_geracao, hh_geracao, cd_eleicao, sg_ue, cd_cargo, cd_situacao_candidatura, cd_detalhe_situacao_cand, tp_agremiacao, nr_partido, sq_coligacao, cd_nacionalidade, sg_uf_nascimento, cd_municipio_nascimento, nm_municipio_nascimento, dt_nascimento, nr_idade_data_posse, nr_titulo_eleitoral_candidato, cd_ocupacao, cd_cor_raca, cd_estado_civil, cd_grau_instrucao, cd_genero, vr_despesa_max_campanha, cd_sit_tot_turno, st_reeleicao, st_declarar_bens, nr_protocolo_candidatura, nr_processo, cd_situacao_candidato_pleito, cd_situacao_candidato_urna) VALUES(230000830995, 15033, 'YASMMIN KAMILA SILVA MADUREIRA', 'YASMMIN', '#NULO#', '93528582200', 'MADUREIRAYASMIN467@GMAIL.COM', '2022-06-05', '02:12:11', 426, 3018, 13, 12, 2, 'PARTIDO ISOLADO', 15, 230000087683, 1, 'RR', -3, 'BOA VISTA', '1989-01-03', '31', '3931042682', 999, 3, 1, 6, 4, '391772.1', 5, 'N', 'S', -1, '6,00E+18', 2, 2);
INSERT INTO public.candidato (sq_candidato, nr_candidato, nm_candidato, nm_urna_candidato, nm_social_candidato, nr_cpf_candidato, nm_email, dt_geracao, hh_geracao, cd_eleicao, sg_ue, cd_cargo, cd_situacao_candidatura, cd_detalhe_situacao_cand, tp_agremiacao, nr_partido, sq_coligacao, cd_nacionalidade, sg_uf_nascimento, cd_municipio_nascimento, nm_municipio_nascimento, dt_nascimento, nr_idade_data_posse, nr_titulo_eleitoral_candidato, cd_ocupacao, cd_cor_raca, cd_estado_civil, cd_grau_instrucao, cd_genero, vr_despesa_max_campanha, cd_sit_tot_turno, st_reeleicao, st_declarar_bens, nr_protocolo_candidatura, nr_processo, cd_situacao_candidato_pleito, cd_situacao_candidato_urna) VALUES(230000679790, 20000, 'GILENO PEREIRA NOGUEIRA', 'GILENO PEREIRA', '#NULO#', '50869221272', 'GILENOP101@GMAIL.COM', '2022-06-05', '02:12:11', 426, 3018, 13, 12, 2, 'PARTIDO ISOLADO', 20, 230000061467, 1, 'RR', -3, 'BOA VISTA', '1979-10-14', '41', '2641132658', 257, 1, 9, 6, 2, '391772.1', 5, 'N', 'S', -1, '6,00E+18', 2, 2);
INSERT INTO public.candidato (sq_candidato, nr_candidato, nm_candidato, nm_urna_candidato, nm_social_candidato, nr_cpf_candidato, nm_email, dt_geracao, hh_geracao, cd_eleicao, sg_ue, cd_cargo, cd_situacao_candidatura, cd_detalhe_situacao_cand, tp_agremiacao, nr_partido, sq_coligacao, cd_nacionalidade, sg_uf_nascimento, cd_municipio_nascimento, nm_municipio_nascimento, dt_nascimento, nr_idade_data_posse, nr_titulo_eleitoral_candidato, cd_ocupacao, cd_cor_raca, cd_estado_civil, cd_grau_instrucao, cd_genero, vr_despesa_max_campanha, cd_sit_tot_turno, st_reeleicao, st_declarar_bens, nr_protocolo_candidatura, nr_processo, cd_situacao_candidato_pleito, cd_situacao_candidato_urna) VALUES(230000845744, 45777, 'FRANCILENE DE SOUSA SILVA', 'FRAN SILVA', '#NULO#', '94820880268', 'ALCINEYSANTOS456@GMAIL.COM', '2022-06-05', '02:12:11', 426, 3085, 13, 12, 2, 'PARTIDO ISOLADO', 45, 230000090684, 1, 'AM', -3, 'PRESIDENTE FIGUEIREDO', '1987-12-29', '33', '3509012607', 999, 3, 1, 2, 4, '22389.73', 4, 'N', 'S', -1, '6,00E+18', 2, 2);
INSERT INTO public.candidato (sq_candidato, nr_candidato, nm_candidato, nm_urna_candidato, nm_social_candidato, nr_cpf_candidato, nm_email, dt_geracao, hh_geracao, cd_eleicao, sg_ue, cd_cargo, cd_situacao_candidatura, cd_detalhe_situacao_cand, tp_agremiacao, nr_partido, sq_coligacao, cd_nacionalidade, sg_uf_nascimento, cd_municipio_nascimento, nm_municipio_nascimento, dt_nascimento, nr_idade_data_posse, nr_titulo_eleitoral_candidato, cd_ocupacao, cd_cor_raca, cd_estado_civil, cd_grau_instrucao, cd_genero, vr_despesa_max_campanha, cd_sit_tot_turno, st_reeleicao, st_declarar_bens, nr_protocolo_candidatura, nr_processo, cd_situacao_candidato_pleito, cd_situacao_candidato_urna) VALUES(230000646242, 22222, 'SIRIA SOARES PEREIRA MIRANDA', 'MISSIONARIA SIRIA', '#NULO#', '97802018234', 'SIRIAMIRANDA297@GMAIL.COM', '2022-06-05', '02:12:11', 426, 3093, 13, 12, 2, 'PARTIDO ISOLADO', 22, 230000057260, 1, 'RR', -3, 'CARACARAÍ', '1988-01-08', '32', '3548752690', 581, 2, 3, 6, 4, '16519.36', 5, 'N', 'S', -1, '6,00E+18', 2, 2);
INSERT INTO public.candidato (sq_candidato, nr_candidato, nm_candidato, nm_urna_candidato, nm_social_candidato, nr_cpf_candidato, nm_email, dt_geracao, hh_geracao, cd_eleicao, sg_ue, cd_cargo, cd_situacao_candidatura, cd_detalhe_situacao_cand, tp_agremiacao, nr_partido, sq_coligacao, cd_nacionalidade, sg_uf_nascimento, cd_municipio_nascimento, nm_municipio_nascimento, dt_nascimento, nr_idade_data_posse, nr_titulo_eleitoral_candidato, cd_ocupacao, cd_cor_raca, cd_estado_civil, cd_grau_instrucao, cd_genero, vr_despesa_max_campanha, cd_sit_tot_turno, st_reeleicao, st_declarar_bens, nr_protocolo_candidatura, nr_processo, cd_situacao_candidato_pleito, cd_situacao_candidato_urna) VALUES(230000746560, 90456, 'HEBERSON GOMES DE LIMA', 'HEBERSON', '#NULO#', '1344823289', 'AMILJOELSON@GMAIL.COM', '2022-06-05', '02:12:11', 426, 3158, 13, 12, 2, 'PARTIDO ISOLADO', 90, 230000070611, 1, 'RR', -3, 'SÃO LUIZ', '1991-02-05', '29', '4053832640', 999, 2, 1, 6, 2, '24561.18', 4, 'N', 'S', -1, '6,00E+18', 2, 2);
INSERT INTO public.candidato (sq_candidato, nr_candidato, nm_candidato, nm_urna_candidato, nm_social_candidato, nr_cpf_candidato, nm_email, dt_geracao, hh_geracao, cd_eleicao, sg_ue, cd_cargo, cd_situacao_candidatura, cd_detalhe_situacao_cand, tp_agremiacao, nr_partido, sq_coligacao, cd_nacionalidade, sg_uf_nascimento, cd_municipio_nascimento, nm_municipio_nascimento, dt_nascimento, nr_idade_data_posse, nr_titulo_eleitoral_candidato, cd_ocupacao, cd_cor_raca, cd_estado_civil, cd_grau_instrucao, cd_genero, vr_despesa_max_campanha, cd_sit_tot_turno, st_reeleicao, st_declarar_bens, nr_protocolo_candidatura, nr_processo, cd_situacao_candidato_pleito, cd_situacao_candidato_urna) VALUES(230000828919, 77, 'RAIMUNDO BARROS FILHO', 'SAMIR BARROS', '#NULO#', '59560142291', 'IANDARA_BLOOM@HOTMAIL.COM', '2022-06-05', '02:12:11', 426, 3115, 11, 12, 2, 'PARTIDO ISOLADO', 77, 230000087273, 1, 'RR', -3, 'NORMANDIA', '1978-10-26', '42', '2393402690', 297, 3, 3, 6, 2, '123077.42', 4, 'N', 'S', -1, '6,00E+18', 2, 2);
INSERT INTO public.candidato (sq_candidato, nr_candidato, nm_candidato, nm_urna_candidato, nm_social_candidato, nr_cpf_candidato, nm_email, dt_geracao, hh_geracao, cd_eleicao, sg_ue, cd_cargo, cd_situacao_candidatura, cd_detalhe_situacao_cand, tp_agremiacao, nr_partido, sq_coligacao, cd_nacionalidade, sg_uf_nascimento, cd_municipio_nascimento, nm_municipio_nascimento, dt_nascimento, nr_idade_data_posse, nr_titulo_eleitoral_candidato, cd_ocupacao, cd_cor_raca, cd_estado_civil, cd_grau_instrucao, cd_genero, vr_despesa_max_campanha, cd_sit_tot_turno, st_reeleicao, st_declarar_bens, nr_protocolo_candidatura, nr_processo, cd_situacao_candidato_pleito, cd_situacao_candidato_urna) VALUES(230000828927, 15156, 'ERCILIA LEVEL GUTIERRE', 'ERCILIA', '#NULO#', '44647123200', 'VINIARAUJORR@GMAIL.COM', '2022-06-05', '02:12:11', 426, 3115, 13, 12, 2, 'PARTIDO ISOLADO', 15, 230000087274, 1, 'RR', -3, 'BOA VISTA', '1974-06-06', '46', '2152602666', 999, 3, 1, 6, 4, '12307.75', 5, 'N', 'N', -1, '6,00E+18', 2, 2);
INSERT INTO public.candidato (sq_candidato, nr_candidato, nm_candidato, nm_urna_candidato, nm_social_candidato, nr_cpf_candidato, nm_email, dt_geracao, hh_geracao, cd_eleicao, sg_ue, cd_cargo, cd_situacao_candidatura, cd_detalhe_situacao_cand, tp_agremiacao, nr_partido, sq_coligacao, cd_nacionalidade, sg_uf_nascimento, cd_municipio_nascimento, nm_municipio_nascimento, dt_nascimento, nr_idade_data_posse, nr_titulo_eleitoral_candidato, cd_ocupacao, cd_cor_raca, cd_estado_civil, cd_grau_instrucao, cd_genero, vr_despesa_max_campanha, cd_sit_tot_turno, st_reeleicao, st_declarar_bens, nr_protocolo_candidatura, nr_processo, cd_situacao_candidato_pleito, cd_situacao_candidato_urna) VALUES(230001215364, 10555, 'IVANILDE SILVA DE SOUZA', 'IVANILDE SOUZA', '#NULO#', '73652075234', 'REPUBLICANOS.ASSESSORIA@GMAIL.COM', '2022-06-05', '02:12:11', 426, 3042, 13, 12, 2, 'PARTIDO ISOLADO', 10, 230000149654, 1, 'RR', -3, 'BOA VISTA', '1983-01-07', '37', '2700502666', 999, 3, 1, 8, 4, '33186.78', 5, 'N', 'N', -1, '6,00E+18', 2, 2);
INSERT INTO public.candidato (sq_candidato, nr_candidato, nm_candidato, nm_urna_candidato, nm_social_candidato, nr_cpf_candidato, nm_email, dt_geracao, hh_geracao, cd_eleicao, sg_ue, cd_cargo, cd_situacao_candidatura, cd_detalhe_situacao_cand, tp_agremiacao, nr_partido, sq_coligacao, cd_nacionalidade, sg_uf_nascimento, cd_municipio_nascimento, nm_municipio_nascimento, dt_nascimento, nr_idade_data_posse, nr_titulo_eleitoral_candidato, cd_ocupacao, cd_cor_raca, cd_estado_civil, cd_grau_instrucao, cd_genero, vr_despesa_max_campanha, cd_sit_tot_turno, st_reeleicao, st_declarar_bens, nr_protocolo_candidatura, nr_processo, cd_situacao_candidato_pleito, cd_situacao_candidato_urna) VALUES(230000838758, 77444, 'JOÃO KLEBER MARTINS DE SIQUEIRA', 'KLEBER SIQUEIRA', '#NULO#', '51231182253', 'CONTATO@ANDREIVERIBEIROADVOCACIA.COM.BR', '2022-06-05', '02:12:11', 426, 3018, 13, 12, 2, 'PARTIDO ISOLADO', 77, 230000089159, 1, 'PE', -3, 'SÃO JOSÉ DO EGITO', '1992-06-23', '28', '4247312607', 257, 3, 1, 8, 2, '391772.1', 3, 'N', 'S', -1, '6,00E+18', 2, 2);
INSERT INTO public.candidato (sq_candidato, nr_candidato, nm_candidato, nm_urna_candidato, nm_social_candidato, nr_cpf_candidato, nm_email, dt_geracao, hh_geracao, cd_eleicao, sg_ue, cd_cargo, cd_situacao_candidatura, cd_detalhe_situacao_cand, tp_agremiacao, nr_partido, sq_coligacao, cd_nacionalidade, sg_uf_nascimento, cd_municipio_nascimento, nm_municipio_nascimento, dt_nascimento, nr_idade_data_posse, nr_titulo_eleitoral_candidato, cd_ocupacao, cd_cor_raca, cd_estado_civil, cd_grau_instrucao, cd_genero, vr_despesa_max_campanha, cd_sit_tot_turno, st_reeleicao, st_declarar_bens, nr_protocolo_candidatura, nr_processo, cd_situacao_candidato_pleito, cd_situacao_candidato_urna) VALUES(230000766138, 14222, 'RAFAEL SOUZA FILHO', 'RAFAEL', '#NULO#', '24162434204', 'AMAZONASARAUJO@GMAIL.COM', '2022-06-05', '02:12:11', 426, 3069, 13, 12, 2, 'PARTIDO ISOLADO', 14, 230000073883, 1, 'RR', -3, 'BOA VISTA', '1965-01-08', '55', '1496442615', 703, 3, 1, 4, 2, '51117.1', 4, 'N', 'S', -1, '6,00E+18', 2, 2);
INSERT INTO public.candidato (sq_candidato, nr_candidato, nm_candidato, nm_urna_candidato, nm_social_candidato, nr_cpf_candidato, nm_email, dt_geracao, hh_geracao, cd_eleicao, sg_ue, cd_cargo, cd_situacao_candidatura, cd_detalhe_situacao_cand, tp_agremiacao, nr_partido, sq_coligacao, cd_nacionalidade, sg_uf_nascimento, cd_municipio_nascimento, nm_municipio_nascimento, dt_nascimento, nr_idade_data_posse, nr_titulo_eleitoral_candidato, cd_ocupacao, cd_cor_raca, cd_estado_civil, cd_grau_instrucao, cd_genero, vr_despesa_max_campanha, cd_sit_tot_turno, st_reeleicao, st_declarar_bens, nr_protocolo_candidatura, nr_processo, cd_situacao_candidato_pleito, cd_situacao_candidato_urna) VALUES(230001038755, 55, 'WENSTON PAULINO BERTO RAPOSO', 'DR RAPOSO', '#NULO#', '62682679234', 'WENSTONRAPOSO@YAHOO.COM.BR', '2022-06-05', '02:12:11', 426, 3115, 11, 12, 2, 'COLIGAÇÃO', 55, 230000125326, 1, 'RR', -3, 'NORMANDIA', '1978-05-11', '42', '2119802631', 131, 5, 3, 8, 2, '123077.42', 1, 'N', 'S', -1, '6,01E+18', 2, 2);
INSERT INTO public.candidato (sq_candidato, nr_candidato, nm_candidato, nm_urna_candidato, nm_social_candidato, nr_cpf_candidato, nm_email, dt_geracao, hh_geracao, cd_eleicao, sg_ue, cd_cargo, cd_situacao_candidatura, cd_detalhe_situacao_cand, tp_agremiacao, nr_partido, sq_coligacao, cd_nacionalidade, sg_uf_nascimento, cd_municipio_nascimento, nm_municipio_nascimento, dt_nascimento, nr_idade_data_posse, nr_titulo_eleitoral_candidato, cd_ocupacao, cd_cor_raca, cd_estado_civil, cd_grau_instrucao, cd_genero, vr_despesa_max_campanha, cd_sit_tot_turno, st_reeleicao, st_declarar_bens, nr_protocolo_candidatura, nr_processo, cd_situacao_candidato_pleito, cd_situacao_candidato_urna) VALUES(230001201597, 19154, 'JESUS SECHI', 'JESUS', '#NULO#', '19628471872', 'AIRENILTON@YAHOO.COM.BR', '2022-06-05', '02:12:11', 426, 3085, 13, 12, 2, 'PARTIDO ISOLADO', 19, 230000147775, 1, 'SP', -3, 'MACAUBAL', '1947-01-03', '73', '2263172631', 169, 1, 7, 6, 2, '22389.73', 4, 'N', 'N', -1, '6,00E+18', 2, 2);
INSERT INTO public.candidato (sq_candidato, nr_candidato, nm_candidato, nm_urna_candidato, nm_social_candidato, nr_cpf_candidato, nm_email, dt_geracao, hh_geracao, cd_eleicao, sg_ue, cd_cargo, cd_situacao_candidatura, cd_detalhe_situacao_cand, tp_agremiacao, nr_partido, sq_coligacao, cd_nacionalidade, sg_uf_nascimento, cd_municipio_nascimento, nm_municipio_nascimento, dt_nascimento, nr_idade_data_posse, nr_titulo_eleitoral_candidato, cd_ocupacao, cd_cor_raca, cd_estado_civil, cd_grau_instrucao, cd_genero, vr_despesa_max_campanha, cd_sit_tot_turno, st_reeleicao, st_declarar_bens, nr_protocolo_candidatura, nr_processo, cd_situacao_candidato_pleito, cd_situacao_candidato_urna) VALUES(230000779718, 12131, 'JOSE DE RIBAMAR DUTRA DA SILVA', 'BODÃO', '#NULO#', '14770903200', 'AURIDEIA1@GMAIL.COM', '2022-06-05', '02:12:11', 426, 3018, 13, 12, 2, 'PARTIDO ISOLADO', 12, 230000075678, 1, 'MA', -3, 'IMPERATRIZ', '1955-07-05', '65', '1015212640', 999, 3, 1, 6, 2, '391772.1', 4, 'N', 'S', -1, '6,00E+18', 2, 2);
INSERT INTO public.candidato (sq_candidato, nr_candidato, nm_candidato, nm_urna_candidato, nm_social_candidato, nr_cpf_candidato, nm_email, dt_geracao, hh_geracao, cd_eleicao, sg_ue, cd_cargo, cd_situacao_candidatura, cd_detalhe_situacao_cand, tp_agremiacao, nr_partido, sq_coligacao, cd_nacionalidade, sg_uf_nascimento, cd_municipio_nascimento, nm_municipio_nascimento, dt_nascimento, nr_idade_data_posse, nr_titulo_eleitoral_candidato, cd_ocupacao, cd_cor_raca, cd_estado_civil, cd_grau_instrucao, cd_genero, vr_despesa_max_campanha, cd_sit_tot_turno, st_reeleicao, st_declarar_bens, nr_protocolo_candidatura, nr_processo, cd_situacao_candidato_pleito, cd_situacao_candidato_urna) VALUES(230000838396, 51123, 'FRANCISCO LIMA ARAUJO', 'PROF LIMA', '#NULO#', '13443356249', 'FRANCISCOLIMA1965@HOTMAIL.COM', '2022-06-05', '02:12:11', 426, 3018, 13, 12, 2, 'PARTIDO ISOLADO', 51, 230000089085, 1, 'MA', -3, 'SANTA LUZIA', '1965-03-26', '55', '325402666', 266, 3, 9, 8, 2, '391772.1', 4, 'N', 'S', -1, '6,00E+18', 2, 2);
INSERT INTO public.candidato (sq_candidato, nr_candidato, nm_candidato, nm_urna_candidato, nm_social_candidato, nr_cpf_candidato, nm_email, dt_geracao, hh_geracao, cd_eleicao, sg_ue, cd_cargo, cd_situacao_candidatura, cd_detalhe_situacao_cand, tp_agremiacao, nr_partido, sq_coligacao, cd_nacionalidade, sg_uf_nascimento, cd_municipio_nascimento, nm_municipio_nascimento, dt_nascimento, nr_idade_data_posse, nr_titulo_eleitoral_candidato, cd_ocupacao, cd_cor_raca, cd_estado_civil, cd_grau_instrucao, cd_genero, vr_despesa_max_campanha, cd_sit_tot_turno, st_reeleicao, st_declarar_bens, nr_protocolo_candidatura, nr_processo, cd_situacao_candidato_pleito, cd_situacao_candidato_urna) VALUES(230000927115, 45555, 'JESSE DOS SANTOS SILVA', 'JESSÉ DA AGRICULTURA', '#NULO#', '25079247215', 'JESSESILVARR@GMAIL.COM', '2022-06-05', '02:12:11', 426, 3069, 13, 12, 2, 'PARTIDO ISOLADO', 45, 230000106776, 1, 'PA', -3, 'ANANINDEUA', '1968-06-04', '52', '2121552674', 278, 3, 9, 8, 2, '51117.1', 5, 'N', 'S', -1, '6,00E+18', 2, 2);
INSERT INTO public.candidato (sq_candidato, nr_candidato, nm_candidato, nm_urna_candidato, nm_social_candidato, nr_cpf_candidato, nm_email, dt_geracao, hh_geracao, cd_eleicao, sg_ue, cd_cargo, cd_situacao_candidatura, cd_detalhe_situacao_cand, tp_agremiacao, nr_partido, sq_coligacao, cd_nacionalidade, sg_uf_nascimento, cd_municipio_nascimento, nm_municipio_nascimento, dt_nascimento, nr_idade_data_posse, nr_titulo_eleitoral_candidato, cd_ocupacao, cd_cor_raca, cd_estado_civil, cd_grau_instrucao, cd_genero, vr_despesa_max_campanha, cd_sit_tot_turno, st_reeleicao, st_declarar_bens, nr_protocolo_candidatura, nr_processo, cd_situacao_candidato_pleito, cd_situacao_candidato_urna) VALUES(230001262685, 11311, 'NATHÁLIA DE ANDRADE CARMO', 'NATHÁLIA DE ANDRADE', '#NULO#', '89414616268', 'PPRORAIMA@HOTMAIL.COM', '2022-06-05', '02:12:11', 426, 3018, 13, 12, 2, 'PARTIDO ISOLADO', 11, 230000088894, 1, 'RR', -3, 'BOA VISTA', '1996-12-25', '24', '71431311341', 999, 3, 1, 8, 4, '391772.1', 5, 'N', 'S', -1, '6,01E+18', 2, 2);
INSERT INTO public.candidato (sq_candidato, nr_candidato, nm_candidato, nm_urna_candidato, nm_social_candidato, nr_cpf_candidato, nm_email, dt_geracao, hh_geracao, cd_eleicao, sg_ue, cd_cargo, cd_situacao_candidatura, cd_detalhe_situacao_cand, tp_agremiacao, nr_partido, sq_coligacao, cd_nacionalidade, sg_uf_nascimento, cd_municipio_nascimento, nm_municipio_nascimento, dt_nascimento, nr_idade_data_posse, nr_titulo_eleitoral_candidato, cd_ocupacao, cd_cor_raca, cd_estado_civil, cd_grau_instrucao, cd_genero, vr_despesa_max_campanha, cd_sit_tot_turno, st_reeleicao, st_declarar_bens, nr_protocolo_candidatura, nr_processo, cd_situacao_candidato_pleito, cd_situacao_candidato_urna) VALUES(230000926955, 40555, 'IVETE MALAQUIAS DA SILVA', 'IVETE', '#NULO#', '51481812220', 'AMAZONASARAUJO@GMAIL.COM', '2022-06-05', '02:12:11', 426, 3069, 13, 12, 2, 'PARTIDO ISOLADO', 40, 230000106758, 1, 'RR', -3, 'BOA VISTA', '1982-06-26', '38', '2681512607', 999, 3, 1, 6, 4, '51117.1', 4, 'N', 'S', -1, '6,00E+18', 2, 2);
INSERT INTO public.candidato (sq_candidato, nr_candidato, nm_candidato, nm_urna_candidato, nm_social_candidato, nr_cpf_candidato, nm_email, dt_geracao, hh_geracao, cd_eleicao, sg_ue, cd_cargo, cd_situacao_candidatura, cd_detalhe_situacao_cand, tp_agremiacao, nr_partido, sq_coligacao, cd_nacionalidade, sg_uf_nascimento, cd_municipio_nascimento, nm_municipio_nascimento, dt_nascimento, nr_idade_data_posse, nr_titulo_eleitoral_candidato, cd_ocupacao, cd_cor_raca, cd_estado_civil, cd_grau_instrucao, cd_genero, vr_despesa_max_campanha, cd_sit_tot_turno, st_reeleicao, st_declarar_bens, nr_protocolo_candidatura, nr_processo, cd_situacao_candidato_pleito, cd_situacao_candidato_urna) VALUES(230000663848, 40, 'JOSE EDINON DA SILVA ARAUJO', 'EDINON', '#NULO#', '19965222215', 'ARAUJORAPHAE@GMAIL.COM', '2022-06-05', '02:12:11', 426, 3131, 11, 12, 2, 'PARTIDO ISOLADO', 40, 230000059354, 1, 'MA', -3, 'GRAJAÚ', '1966-01-02', '54', '512012607', 999, 1, 3, 6, 2, '123077.42', 4, 'N', 'S', -1, '6,00E+18', 2, 2);
INSERT INTO public.candidato (sq_candidato, nr_candidato, nm_candidato, nm_urna_candidato, nm_social_candidato, nr_cpf_candidato, nm_email, dt_geracao, hh_geracao, cd_eleicao, sg_ue, cd_cargo, cd_situacao_candidatura, cd_detalhe_situacao_cand, tp_agremiacao, nr_partido, sq_coligacao, cd_nacionalidade, sg_uf_nascimento, cd_municipio_nascimento, nm_municipio_nascimento, dt_nascimento, nr_idade_data_posse, nr_titulo_eleitoral_candidato, cd_ocupacao, cd_cor_raca, cd_estado_civil, cd_grau_instrucao, cd_genero, vr_despesa_max_campanha, cd_sit_tot_turno, st_reeleicao, st_declarar_bens, nr_protocolo_candidatura, nr_processo, cd_situacao_candidato_pleito, cd_situacao_candidato_urna) VALUES(230001038010, 18123, 'IZAÍAS DA SILVA FARIAS', 'IZAÍAS FARIAS', '#NULO#', '32290748234', 'REDE.RORAIMA@HOTMAIL.COM', '2022-06-05', '02:12:11', 426, 3115, 13, 12, 2, 'PARTIDO ISOLADO', 18, 230000125208, 1, 'RR', -3, 'NORMANDIA', '1971-11-27', '49', '1642732615', 601, 5, 3, 6, 2, '12307.75', 4, 'N', 'N', -1, '6,01E+18', 2, 2);
INSERT INTO public.candidato (sq_candidato, nr_candidato, nm_candidato, nm_urna_candidato, nm_social_candidato, nr_cpf_candidato, nm_email, dt_geracao, hh_geracao, cd_eleicao, sg_ue, cd_cargo, cd_situacao_candidatura, cd_detalhe_situacao_cand, tp_agremiacao, nr_partido, sq_coligacao, cd_nacionalidade, sg_uf_nascimento, cd_municipio_nascimento, nm_municipio_nascimento, dt_nascimento, nr_idade_data_posse, nr_titulo_eleitoral_candidato, cd_ocupacao, cd_cor_raca, cd_estado_civil, cd_grau_instrucao, cd_genero, vr_despesa_max_campanha, cd_sit_tot_turno, st_reeleicao, st_declarar_bens, nr_protocolo_candidatura, nr_processo, cd_situacao_candidato_pleito, cd_situacao_candidato_urna) VALUES(230000928211, 45, 'IDELMO DE PINHO RODRIGUES', 'PROFESSOR IDELMO', '#NULO#', '4274695204', 'IDELMOPINHO55@HOTMAIL.COM', '2022-06-05', '02:12:11', 426, 3115, 11, 12, 2, 'COLIGAÇÃO', 45, 230000106925, 1, 'RR', -3, 'BOA VISTA', '1955-06-08', '65', '1388962674', 999, 1, 3, 8, 2, '123077.42', 4, 'N', 'S', -1, '6,00E+18', 2, 2);
INSERT INTO public.candidato (sq_candidato, nr_candidato, nm_candidato, nm_urna_candidato, nm_social_candidato, nr_cpf_candidato, nm_email, dt_geracao, hh_geracao, cd_eleicao, sg_ue, cd_cargo, cd_situacao_candidatura, cd_detalhe_situacao_cand, tp_agremiacao, nr_partido, sq_coligacao, cd_nacionalidade, sg_uf_nascimento, cd_municipio_nascimento, nm_municipio_nascimento, dt_nascimento, nr_idade_data_posse, nr_titulo_eleitoral_candidato, cd_ocupacao, cd_cor_raca, cd_estado_civil, cd_grau_instrucao, cd_genero, vr_despesa_max_campanha, cd_sit_tot_turno, st_reeleicao, st_declarar_bens, nr_protocolo_candidatura, nr_processo, cd_situacao_candidato_pleito, cd_situacao_candidato_urna) VALUES(230000838481, 70123, 'ROBSON NUNES SAMPAIO', 'ROBSON SAMPAIO', '#NULO#', '19962479215', 'ROBSONUNESAMPAIO@GMAIL.COM', '2022-06-05', '02:12:11', 426, 3018, 13, 12, 2, 'PARTIDO ISOLADO', 70, 230000089101, 1, 'RR', -3, 'BOA VISTA', '1968-04-27', '52', '6650040302', 298, 3, 9, 8, 2, '391772.1', 4, 'N', 'S', -1, '6,01E+18', 2, 2);
INSERT INTO public.candidato (sq_candidato, nr_candidato, nm_candidato, nm_urna_candidato, nm_social_candidato, nr_cpf_candidato, nm_email, dt_geracao, hh_geracao, cd_eleicao, sg_ue, cd_cargo, cd_situacao_candidatura, cd_detalhe_situacao_cand, tp_agremiacao, nr_partido, sq_coligacao, cd_nacionalidade, sg_uf_nascimento, cd_municipio_nascimento, nm_municipio_nascimento, dt_nascimento, nr_idade_data_posse, nr_titulo_eleitoral_candidato, cd_ocupacao, cd_cor_raca, cd_estado_civil, cd_grau_instrucao, cd_genero, vr_despesa_max_campanha, cd_sit_tot_turno, st_reeleicao, st_declarar_bens, nr_protocolo_candidatura, nr_processo, cd_situacao_candidato_pleito, cd_situacao_candidato_urna) VALUES(230000685654, 10789, 'FRANCISCO DAS CHAGAS DE SOUSA PEREIRA', 'CHAGAS DA CAÇAMBA', '#NULO#', '38210908200', 'KYELSOUSA@GMAIL.COM', '2022-06-05', '02:12:11', 426, 3131, 13, 12, 2, 'PARTIDO ISOLADO', 10, 230000062829, 1, 'MA', -3, 'PIO XII', '1959-12-28', '61', '1711012666', 278, 3, 3, 3, 2, '12307.75', 5, 'N', 'S', -1, '6,00E+18', 2, 2);
INSERT INTO public.candidato (sq_candidato, nr_candidato, nm_candidato, nm_urna_candidato, nm_social_candidato, nr_cpf_candidato, nm_email, dt_geracao, hh_geracao, cd_eleicao, sg_ue, cd_cargo, cd_situacao_candidatura, cd_detalhe_situacao_cand, tp_agremiacao, nr_partido, sq_coligacao, cd_nacionalidade, sg_uf_nascimento, cd_municipio_nascimento, nm_municipio_nascimento, dt_nascimento, nr_idade_data_posse, nr_titulo_eleitoral_candidato, cd_ocupacao, cd_cor_raca, cd_estado_civil, cd_grau_instrucao, cd_genero, vr_despesa_max_campanha, cd_sit_tot_turno, st_reeleicao, st_declarar_bens, nr_protocolo_candidatura, nr_processo, cd_situacao_candidato_pleito, cd_situacao_candidato_urna) VALUES(230000846149, 23174, 'JOAO DAMASCENO DA SILVA FILHO', 'JOÃO FILHO', '#NULO#', '52580989234', 'JOAODASILVAA@GMAIL.COM', '2022-06-05', '02:12:11', 426, 3085, 13, 12, 2, 'PARTIDO ISOLADO', 23, 230000090771, 1, 'PA', -3, 'SANTARÉM', '1984-01-12', '36', '21923882240', 257, 3, 3, 6, 2, '22389.73', 5, 'N', 'S', -1, '6,00E+18', 2, 2);
INSERT INTO public.candidato (sq_candidato, nr_candidato, nm_candidato, nm_urna_candidato, nm_social_candidato, nr_cpf_candidato, nm_email, dt_geracao, hh_geracao, cd_eleicao, sg_ue, cd_cargo, cd_situacao_candidatura, cd_detalhe_situacao_cand, tp_agremiacao, nr_partido, sq_coligacao, cd_nacionalidade, sg_uf_nascimento, cd_municipio_nascimento, nm_municipio_nascimento, dt_nascimento, nr_idade_data_posse, nr_titulo_eleitoral_candidato, cd_ocupacao, cd_cor_raca, cd_estado_civil, cd_grau_instrucao, cd_genero, vr_despesa_max_campanha, cd_sit_tot_turno, st_reeleicao, st_declarar_bens, nr_protocolo_candidatura, nr_processo, cd_situacao_candidato_pleito, cd_situacao_candidato_urna) VALUES(230000765180, 15111, 'RADAMES PEREIRA DE MELO', 'KIKO MELO', '#NULO#', '64538842249', 'RADAMESMELO31@GMAIL.COM', '2022-06-05', '02:12:11', 426, 3050, 13, 12, 2, 'PARTIDO ISOLADO', 15, 230000073750, 1, 'RR', -3, 'BOA VISTA', '1978-08-31', '42', '2302052658', 278, 3, 1, 6, 2, '62126.27', 2, 'N', 'S', -1, '6,00E+18', 2, 2);
INSERT INTO public.candidato (sq_candidato, nr_candidato, nm_candidato, nm_urna_candidato, nm_social_candidato, nr_cpf_candidato, nm_email, dt_geracao, hh_geracao, cd_eleicao, sg_ue, cd_cargo, cd_situacao_candidatura, cd_detalhe_situacao_cand, tp_agremiacao, nr_partido, sq_coligacao, cd_nacionalidade, sg_uf_nascimento, cd_municipio_nascimento, nm_municipio_nascimento, dt_nascimento, nr_idade_data_posse, nr_titulo_eleitoral_candidato, cd_ocupacao, cd_cor_raca, cd_estado_civil, cd_grau_instrucao, cd_genero, vr_despesa_max_campanha, cd_sit_tot_turno, st_reeleicao, st_declarar_bens, nr_protocolo_candidatura, nr_processo, cd_situacao_candidato_pleito, cd_situacao_candidato_urna) VALUES(230000673931, 43, 'CLAUDIO SILVA DINIZ', 'CLAUDIO DINIZ', '#NULO#', '65772652168', 'PVRORAIMA@GMAIL.COM', '2022-06-05', '02:12:11', 426, 3093, 11, 12, 2, 'PARTIDO ISOLADO', 43, 230000060547, 1, 'MA', -3, 'SÃO LUÍS', '1972-09-12', '48', '21734761139', 601, 3, 1, 5, 2, '123077.42', 4, 'N', 'N', -1, '6,00E+18', 2, 2);
INSERT INTO public.candidato (sq_candidato, nr_candidato, nm_candidato, nm_urna_candidato, nm_social_candidato, nr_cpf_candidato, nm_email, dt_geracao, hh_geracao, cd_eleicao, sg_ue, cd_cargo, cd_situacao_candidatura, cd_detalhe_situacao_cand, tp_agremiacao, nr_partido, sq_coligacao, cd_nacionalidade, sg_uf_nascimento, cd_municipio_nascimento, nm_municipio_nascimento, dt_nascimento, nr_idade_data_posse, nr_titulo_eleitoral_candidato, cd_ocupacao, cd_cor_raca, cd_estado_civil, cd_grau_instrucao, cd_genero, vr_despesa_max_campanha, cd_sit_tot_turno, st_reeleicao, st_declarar_bens, nr_protocolo_candidatura, nr_processo, cd_situacao_candidato_pleito, cd_situacao_candidato_urna) VALUES(230000743605, 25555, 'VÂNIA RIBEIRO DA SILVA PAIVA', 'PROF. VÂNIA PAIVA', '#NULO#', '36402702315', 'MATHEUSBRINIER@HOTMAIL.COM', '2022-06-05', '02:12:11', 426, 3158, 13, 12, 2, 'PARTIDO ISOLADO', 25, 230000070116, 1, 'RR', -3, 'SÃO LUIZ', '1973-01-31', '47', '1872662640', 266, 3, 3, 8, 4, '24561.18', 5, 'N', 'S', -1, '6,00E+18', 2, 2);
INSERT INTO public.candidato (sq_candidato, nr_candidato, nm_candidato, nm_urna_candidato, nm_social_candidato, nr_cpf_candidato, nm_email, dt_geracao, hh_geracao, cd_eleicao, sg_ue, cd_cargo, cd_situacao_candidatura, cd_detalhe_situacao_cand, tp_agremiacao, nr_partido, sq_coligacao, cd_nacionalidade, sg_uf_nascimento, cd_municipio_nascimento, nm_municipio_nascimento, dt_nascimento, nr_idade_data_posse, nr_titulo_eleitoral_candidato, cd_ocupacao, cd_cor_raca, cd_estado_civil, cd_grau_instrucao, cd_genero, vr_despesa_max_campanha, cd_sit_tot_turno, st_reeleicao, st_declarar_bens, nr_protocolo_candidatura, nr_processo, cd_situacao_candidato_pleito, cd_situacao_candidato_urna) VALUES(230000655136, 10111, 'NELYERTON DE OLIVEIRA ANDRADE', 'NELYERTON ANDRADE', '#NULO#', '53097661204', 'NELYERTON.ANDRADE@GMAIL.COM', '2022-06-05', '02:12:11', 426, 3077, 13, 12, 2, 'PARTIDO ISOLADO', 10, 230000058393, 1, 'RR', -3, 'BOA VISTA', '1990-01-08', '30', '3827732690', 303, 3, 1, 6, 2, '12307.75', 3, 'N', 'N', -1, '6,00E+18', 2, 2);
INSERT INTO public.candidato (sq_candidato, nr_candidato, nm_candidato, nm_urna_candidato, nm_social_candidato, nr_cpf_candidato, nm_email, dt_geracao, hh_geracao, cd_eleicao, sg_ue, cd_cargo, cd_situacao_candidatura, cd_detalhe_situacao_cand, tp_agremiacao, nr_partido, sq_coligacao, cd_nacionalidade, sg_uf_nascimento, cd_municipio_nascimento, nm_municipio_nascimento, dt_nascimento, nr_idade_data_posse, nr_titulo_eleitoral_candidato, cd_ocupacao, cd_cor_raca, cd_estado_civil, cd_grau_instrucao, cd_genero, vr_despesa_max_campanha, cd_sit_tot_turno, st_reeleicao, st_declarar_bens, nr_protocolo_candidatura, nr_processo, cd_situacao_candidato_pleito, cd_situacao_candidato_urna) VALUES(230000775753, 10999, 'MARIA FERREIRA ARTIMANDES', 'MARIA ARTIMANDES', '#NULO#', '38356473268', 'MARIAARTIMANDES@YAHOO.COM.BR', '2022-06-05', '02:12:11', 426, 3018, 13, 12, 2, 'PARTIDO ISOLADO', 10, 230000075162, 1, 'CE', -3, 'PARAMBU', '1967-11-16', '53', '304772682', 999, 3, 3, 6, 4, '391772.1', 5, 'N', 'N', -1, '6,00E+18', 2, 2);
INSERT INTO public.candidato (sq_candidato, nr_candidato, nm_candidato, nm_urna_candidato, nm_social_candidato, nr_cpf_candidato, nm_email, dt_geracao, hh_geracao, cd_eleicao, sg_ue, cd_cargo, cd_situacao_candidatura, cd_detalhe_situacao_cand, tp_agremiacao, nr_partido, sq_coligacao, cd_nacionalidade, sg_uf_nascimento, cd_municipio_nascimento, nm_municipio_nascimento, dt_nascimento, nr_idade_data_posse, nr_titulo_eleitoral_candidato, cd_ocupacao, cd_cor_raca, cd_estado_civil, cd_grau_instrucao, cd_genero, vr_despesa_max_campanha, cd_sit_tot_turno, st_reeleicao, st_declarar_bens, nr_protocolo_candidatura, nr_processo, cd_situacao_candidato_pleito, cd_situacao_candidato_urna) VALUES(230001251776, 90000, 'SANDERVANDO NEGREIROS TRINDADE', 'ZÉ DO OVO', '#NULO#', '3541113294', 'PROSRORAIMA123@GMAIL.COM', '2022-06-05', '02:12:11', 426, 3018, 13, 12, 2, 'PARTIDO ISOLADO', 90, 230000155374, 1, 'RR', -3, 'BOA VISTA', '1991-09-15', '29', '4580872674', 999, 3, 1, 2, 2, '391772.1', 4, 'N', 'N', -1, '6,01E+18', 2, 2);
INSERT INTO public.candidato (sq_candidato, nr_candidato, nm_candidato, nm_urna_candidato, nm_social_candidato, nr_cpf_candidato, nm_email, dt_geracao, hh_geracao, cd_eleicao, sg_ue, cd_cargo, cd_situacao_candidatura, cd_detalhe_situacao_cand, tp_agremiacao, nr_partido, sq_coligacao, cd_nacionalidade, sg_uf_nascimento, cd_municipio_nascimento, nm_municipio_nascimento, dt_nascimento, nr_idade_data_posse, nr_titulo_eleitoral_candidato, cd_ocupacao, cd_cor_raca, cd_estado_civil, cd_grau_instrucao, cd_genero, vr_despesa_max_campanha, cd_sit_tot_turno, st_reeleicao, st_declarar_bens, nr_protocolo_candidatura, nr_processo, cd_situacao_candidato_pleito, cd_situacao_candidato_urna) VALUES(230001058251, 40223, 'LUCINETE DE SOUSA', 'NETE DO SANTA LUIZIA', '#NULO#', '20111088291', 'CONTATO@ANDREIVERIBEIROADVOCACIA.COM.BR', '2022-06-05', '02:12:11', 426, 3018, 13, 12, 2, 'PARTIDO ISOLADO', 40, 230000127982, 1, 'RR', -3, 'BOA VISTA', '1970-05-01', '50', '1251762674', 999, 3, 1, 6, 4, '391772.1', 4, 'N', 'N', -1, '6,01E+18', 2, 2);
INSERT INTO public.candidato (sq_candidato, nr_candidato, nm_candidato, nm_urna_candidato, nm_social_candidato, nr_cpf_candidato, nm_email, dt_geracao, hh_geracao, cd_eleicao, sg_ue, cd_cargo, cd_situacao_candidatura, cd_detalhe_situacao_cand, tp_agremiacao, nr_partido, sq_coligacao, cd_nacionalidade, sg_uf_nascimento, cd_municipio_nascimento, nm_municipio_nascimento, dt_nascimento, nr_idade_data_posse, nr_titulo_eleitoral_candidato, cd_ocupacao, cd_cor_raca, cd_estado_civil, cd_grau_instrucao, cd_genero, vr_despesa_max_campanha, cd_sit_tot_turno, st_reeleicao, st_declarar_bens, nr_protocolo_candidatura, nr_processo, cd_situacao_candidato_pleito, cd_situacao_candidato_urna) VALUES(230000830982, 15456, 'REGIANE BATISTA MATOS', 'REGIANE MATOS', '#NULO#', '69522189200', 'BATISTAMATOS.REGIANE@GMAIL.COM', '2022-06-05', '02:12:11', 426, 3018, 13, 12, 2, 'PARTIDO ISOLADO', 15, 230000087683, 1, 'AM', -3, 'MANACAPURU', '1981-08-01', '39', '2767572607', 999, 3, 3, 8, 4, '391772.1', 3, 'N', 'S', -1, '6,00E+18', 2, 2);
INSERT INTO public.candidato (sq_candidato, nr_candidato, nm_candidato, nm_urna_candidato, nm_social_candidato, nr_cpf_candidato, nm_email, dt_geracao, hh_geracao, cd_eleicao, sg_ue, cd_cargo, cd_situacao_candidatura, cd_detalhe_situacao_cand, tp_agremiacao, nr_partido, sq_coligacao, cd_nacionalidade, sg_uf_nascimento, cd_municipio_nascimento, nm_municipio_nascimento, dt_nascimento, nr_idade_data_posse, nr_titulo_eleitoral_candidato, cd_ocupacao, cd_cor_raca, cd_estado_civil, cd_grau_instrucao, cd_genero, vr_despesa_max_campanha, cd_sit_tot_turno, st_reeleicao, st_declarar_bens, nr_protocolo_candidatura, nr_processo, cd_situacao_candidato_pleito, cd_situacao_candidato_urna) VALUES(230001058453, 35456, 'DANIEL LARANGEIRA PEIXOTO', 'PEIXOTO REFRIGERAÇÃO', '#NULO#', '66218829200', 'DANIELLPEIXOTO@OUTLOOK.COM', '2022-06-05', '02:12:11', 426, 3018, 13, 12, 2, 'PARTIDO ISOLADO', 35, 230000128009, 1, 'RR', -3, 'BOA VISTA', '1981-01-05', '39', '2614962607', 257, 1, 1, 6, 2, '391772.1', 5, 'N', 'S', -1, '6,01E+18', 2, 2);
INSERT INTO public.candidato (sq_candidato, nr_candidato, nm_candidato, nm_urna_candidato, nm_social_candidato, nr_cpf_candidato, nm_email, dt_geracao, hh_geracao, cd_eleicao, sg_ue, cd_cargo, cd_situacao_candidatura, cd_detalhe_situacao_cand, tp_agremiacao, nr_partido, sq_coligacao, cd_nacionalidade, sg_uf_nascimento, cd_municipio_nascimento, nm_municipio_nascimento, dt_nascimento, nr_idade_data_posse, nr_titulo_eleitoral_candidato, cd_ocupacao, cd_cor_raca, cd_estado_civil, cd_grau_instrucao, cd_genero, vr_despesa_max_campanha, cd_sit_tot_turno, st_reeleicao, st_declarar_bens, nr_protocolo_candidatura, nr_processo, cd_situacao_candidato_pleito, cd_situacao_candidato_urna) VALUES(230000929259, 15111, 'ERMÍNIA LEÃO CARDOSO RIBEIRO', 'DRA ERMÍNIA', '#NULO#', '94846570282', 'MDBCAROEBE2020@GMAIL.COM', '2022-06-05', '02:12:11', 426, 3000, 13, 12, 2, 'PARTIDO ISOLADO', 15, 230000107075, 1, 'PA', -3, 'ÓBIDOS', '1990-01-02', '30', '55831881350', 112, 3, 3, 8, 4, '12307.75', 5, 'N', 'S', -1, '6,00E+18', 2, 2);
INSERT INTO public.candidato (sq_candidato, nr_candidato, nm_candidato, nm_urna_candidato, nm_social_candidato, nr_cpf_candidato, nm_email, dt_geracao, hh_geracao, cd_eleicao, sg_ue, cd_cargo, cd_situacao_candidatura, cd_detalhe_situacao_cand, tp_agremiacao, nr_partido, sq_coligacao, cd_nacionalidade, sg_uf_nascimento, cd_municipio_nascimento, nm_municipio_nascimento, dt_nascimento, nr_idade_data_posse, nr_titulo_eleitoral_candidato, cd_ocupacao, cd_cor_raca, cd_estado_civil, cd_grau_instrucao, cd_genero, vr_despesa_max_campanha, cd_sit_tot_turno, st_reeleicao, st_declarar_bens, nr_protocolo_candidatura, nr_processo, cd_situacao_candidato_pleito, cd_situacao_candidato_urna) VALUES(230000944698, 90456, 'ADRICELLY MARTINS DOS SANTOS', 'ADRICELLY MARTINS', '#NULO#', '54404266200', 'RAFAELBALA@HOTMAIL.COM', '2022-06-05', '02:12:11', 426, 3050, 13, 12, 2, 'PARTIDO ISOLADO', 90, 230000109240, 1, 'RR', -3, 'BOA VISTA', '1998-10-18', '22', '4877002640', 999, 3, 1, 6, 4, '62126.27', 4, 'N', 'N', -1, '6,00E+18', 2, 2);
INSERT INTO public.candidato (sq_candidato, nr_candidato, nm_candidato, nm_urna_candidato, nm_social_candidato, nr_cpf_candidato, nm_email, dt_geracao, hh_geracao, cd_eleicao, sg_ue, cd_cargo, cd_situacao_candidatura, cd_detalhe_situacao_cand, tp_agremiacao, nr_partido, sq_coligacao, cd_nacionalidade, sg_uf_nascimento, cd_municipio_nascimento, nm_municipio_nascimento, dt_nascimento, nr_idade_data_posse, nr_titulo_eleitoral_candidato, cd_ocupacao, cd_cor_raca, cd_estado_civil, cd_grau_instrucao, cd_genero, vr_despesa_max_campanha, cd_sit_tot_turno, st_reeleicao, st_declarar_bens, nr_protocolo_candidatura, nr_processo, cd_situacao_candidato_pleito, cd_situacao_candidato_urna) VALUES(230000654201, 15333, 'CLEUDIMAR BRITO DOS SANTOS', 'PROFESSORA CLEUDIMAR', '#NULO#', '58499423272', 'MDBRASILEIRO.BONFIM@GMAIL.COM', '2022-06-05', '02:12:11', 426, 3077, 13, 12, 2, 'PARTIDO ISOLADO', 15, 230000058296, 1, 'RR', -3, 'CARACARAÍ', '1977-05-10', '43', '2160642615', 298, 3, 3, 8, 4, '12307.75', 5, 'N', 'S', -1, '6,00E+18', 2, 2);
INSERT INTO public.candidato (sq_candidato, nr_candidato, nm_candidato, nm_urna_candidato, nm_social_candidato, nr_cpf_candidato, nm_email, dt_geracao, hh_geracao, cd_eleicao, sg_ue, cd_cargo, cd_situacao_candidatura, cd_detalhe_situacao_cand, tp_agremiacao, nr_partido, sq_coligacao, cd_nacionalidade, sg_uf_nascimento, cd_municipio_nascimento, nm_municipio_nascimento, dt_nascimento, nr_idade_data_posse, nr_titulo_eleitoral_candidato, cd_ocupacao, cd_cor_raca, cd_estado_civil, cd_grau_instrucao, cd_genero, vr_despesa_max_campanha, cd_sit_tot_turno, st_reeleicao, st_declarar_bens, nr_protocolo_candidatura, nr_processo, cd_situacao_candidato_pleito, cd_situacao_candidato_urna) VALUES(230000846146, 23140, 'LEONARDO DA CONCEICAO DA SILVA', 'SAPO DA COLINA', '#NULO#', '109077261', 'LEONARDODAMANU@HOTMAIL.COM', '2022-06-05', '02:12:11', 426, 3085, 13, 3, 14, 'PARTIDO ISOLADO', 23, 230000090771, 1, 'PA', -3, 'ITAITUBA', '1982-11-06', '38', '41235071309', 999, 3, 3, 3, 2, '22389.73', 4, 'N', 'S', -1, '6,00E+18', 14, 4);
INSERT INTO public.candidato (sq_candidato, nr_candidato, nm_candidato, nm_urna_candidato, nm_social_candidato, nr_cpf_candidato, nm_email, dt_geracao, hh_geracao, cd_eleicao, sg_ue, cd_cargo, cd_situacao_candidatura, cd_detalhe_situacao_cand, tp_agremiacao, nr_partido, sq_coligacao, cd_nacionalidade, sg_uf_nascimento, cd_municipio_nascimento, nm_municipio_nascimento, dt_nascimento, nr_idade_data_posse, nr_titulo_eleitoral_candidato, cd_ocupacao, cd_cor_raca, cd_estado_civil, cd_grau_instrucao, cd_genero, vr_despesa_max_campanha, cd_sit_tot_turno, st_reeleicao, st_declarar_bens, nr_protocolo_candidatura, nr_processo, cd_situacao_candidato_pleito, cd_situacao_candidato_urna) VALUES(230000838484, 70227, 'EVERALDO DA SILVA COSTA', 'EVERALDO SALAZAR', '#NULO#', '59487780297', 'AVANTE_RR@HOTMAIL.COM', '2022-06-05', '02:12:11', 426, 3018, 13, 12, 2, 'PARTIDO ISOLADO', 70, 230000089101, 1, 'RR', -3, 'BOA VISTA', '1974-04-09', '46', '2053742682', 999, 3, 1, 4, 2, '391772.1', 4, 'N', 'S', -1, '6,01E+18', 2, 2);
INSERT INTO public.candidato (sq_candidato, nr_candidato, nm_candidato, nm_urna_candidato, nm_social_candidato, nr_cpf_candidato, nm_email, dt_geracao, hh_geracao, cd_eleicao, sg_ue, cd_cargo, cd_situacao_candidatura, cd_detalhe_situacao_cand, tp_agremiacao, nr_partido, sq_coligacao, cd_nacionalidade, sg_uf_nascimento, cd_municipio_nascimento, nm_municipio_nascimento, dt_nascimento, nr_idade_data_posse, nr_titulo_eleitoral_candidato, cd_ocupacao, cd_cor_raca, cd_estado_civil, cd_grau_instrucao, cd_genero, vr_despesa_max_campanha, cd_sit_tot_turno, st_reeleicao, st_declarar_bens, nr_protocolo_candidatura, nr_processo, cd_situacao_candidato_pleito, cd_situacao_candidato_urna) VALUES(230001208201, 45, 'PAULO JOSÉ ASSIS DE SOUZA', 'PAULINHO DE CARACARAÍ', '#NULO#', '39088790191', 'DIRETORIA@EXTREMONORTETV.COM', '2022-06-05', '02:12:11', 426, 3034, 11, 12, 2, 'COLIGAÇÃO', 45, 230000148641, 1, 'SP', -3, 'SÃO PAULO', '1967-01-25', '53', '4319561970', 257, 3, 1, 6, 2, '245252.44', 4, 'N', 'S', -1, '6,00E+18', 2, 2);
INSERT INTO public.candidato (sq_candidato, nr_candidato, nm_candidato, nm_urna_candidato, nm_social_candidato, nr_cpf_candidato, nm_email, dt_geracao, hh_geracao, cd_eleicao, sg_ue, cd_cargo, cd_situacao_candidatura, cd_detalhe_situacao_cand, tp_agremiacao, nr_partido, sq_coligacao, cd_nacionalidade, sg_uf_nascimento, cd_municipio_nascimento, nm_municipio_nascimento, dt_nascimento, nr_idade_data_posse, nr_titulo_eleitoral_candidato, cd_ocupacao, cd_cor_raca, cd_estado_civil, cd_grau_instrucao, cd_genero, vr_despesa_max_campanha, cd_sit_tot_turno, st_reeleicao, st_declarar_bens, nr_protocolo_candidatura, nr_processo, cd_situacao_candidato_pleito, cd_situacao_candidato_urna) VALUES(230000772367, 15, 'ROMILDO BORGES AGUIAR', 'AGUIAR', '#NULO#', '44660200272', 'VINIARAUJORR@GMAIL.COM', '2022-06-05', '02:12:11', 426, 3115, 12, 12, 2, 'COLIGAÇÃO', 14, 230000074770, 1, 'MA', -3, 'PERI MIRIM', '1975-11-04', '45', '1811722607', 169, 3, 1, 3, 2, '-1', 4, 'N', 'S', -1, '6,00E+18', 2, 2);
INSERT INTO public.candidato (sq_candidato, nr_candidato, nm_candidato, nm_urna_candidato, nm_social_candidato, nr_cpf_candidato, nm_email, dt_geracao, hh_geracao, cd_eleicao, sg_ue, cd_cargo, cd_situacao_candidatura, cd_detalhe_situacao_cand, tp_agremiacao, nr_partido, sq_coligacao, cd_nacionalidade, sg_uf_nascimento, cd_municipio_nascimento, nm_municipio_nascimento, dt_nascimento, nr_idade_data_posse, nr_titulo_eleitoral_candidato, cd_ocupacao, cd_cor_raca, cd_estado_civil, cd_grau_instrucao, cd_genero, vr_despesa_max_campanha, cd_sit_tot_turno, st_reeleicao, st_declarar_bens, nr_protocolo_candidatura, nr_processo, cd_situacao_candidato_pleito, cd_situacao_candidato_urna) VALUES(230000667773, 43757, 'EZEQUIEL LAURENTINO DA SILVA', 'EZEQUIEL LAURENTINO', '#NULO#', '70152854282', 'PVRORAIMA@GMAIL.COM', '2022-06-05', '02:12:11', 426, 3115, 13, 12, 2, 'PARTIDO ISOLADO', 43, 230000059807, 1, 'RR', -3, 'NORMANDIA', '1991-05-06', '29', '4692332607', 999, 3, 3, 6, 2, '12307.75', 4, 'N', 'S', -1, '6,00E+18', 2, 2);
INSERT INTO public.candidato (sq_candidato, nr_candidato, nm_candidato, nm_urna_candidato, nm_social_candidato, nr_cpf_candidato, nm_email, dt_geracao, hh_geracao, cd_eleicao, sg_ue, cd_cargo, cd_situacao_candidatura, cd_detalhe_situacao_cand, tp_agremiacao, nr_partido, sq_coligacao, cd_nacionalidade, sg_uf_nascimento, cd_municipio_nascimento, nm_municipio_nascimento, dt_nascimento, nr_idade_data_posse, nr_titulo_eleitoral_candidato, cd_ocupacao, cd_cor_raca, cd_estado_civil, cd_grau_instrucao, cd_genero, vr_despesa_max_campanha, cd_sit_tot_turno, st_reeleicao, st_declarar_bens, nr_protocolo_candidatura, nr_processo, cd_situacao_candidato_pleito, cd_situacao_candidato_urna) VALUES(230000838207, 28456, 'VANIA LUCIA PEREIRA SILVA DOS REIS', 'VANIA LUCIA', '#NULO#', '38275562287', 'VANIALUCIAPS@GMAIL.COM', '2022-06-05', '02:12:11', 426, 3018, 13, 12, 2, 'PARTIDO ISOLADO', 28, 230000089028, 1, 'RR', -3, 'CARACARAÍ', '1975-07-06', '45', '1834662658', 297, 3, 3, 6, 4, '391772.1', 5, 'N', 'N', -1, '6,00E+18', 2, 2);
INSERT INTO public.candidato (sq_candidato, nr_candidato, nm_candidato, nm_urna_candidato, nm_social_candidato, nr_cpf_candidato, nm_email, dt_geracao, hh_geracao, cd_eleicao, sg_ue, cd_cargo, cd_situacao_candidatura, cd_detalhe_situacao_cand, tp_agremiacao, nr_partido, sq_coligacao, cd_nacionalidade, sg_uf_nascimento, cd_municipio_nascimento, nm_municipio_nascimento, dt_nascimento, nr_idade_data_posse, nr_titulo_eleitoral_candidato, cd_ocupacao, cd_cor_raca, cd_estado_civil, cd_grau_instrucao, cd_genero, vr_despesa_max_campanha, cd_sit_tot_turno, st_reeleicao, st_declarar_bens, nr_protocolo_candidatura, nr_processo, cd_situacao_candidato_pleito, cd_situacao_candidato_urna) VALUES(230001251068, 33456, 'IRADILSON ROSA DA SILVA', 'IRADILSON ROSA', '#NULO#', '74394827272', 'SHAOGOMES@HOTMAIL.COM', '2022-06-05', '02:12:11', 426, 3034, 13, 12, 2, 'PARTIDO ISOLADO', 33, 230000154795, 1, 'RR', -3, 'CARACARAÍ', '1983-07-27', '37', '2934802690', 169, 3, 1, 6, 2, '32516.41', 4, 'N', 'S', -1, '6,00E+18', 2, 2);
INSERT INTO public.candidato (sq_candidato, nr_candidato, nm_candidato, nm_urna_candidato, nm_social_candidato, nr_cpf_candidato, nm_email, dt_geracao, hh_geracao, cd_eleicao, sg_ue, cd_cargo, cd_situacao_candidatura, cd_detalhe_situacao_cand, tp_agremiacao, nr_partido, sq_coligacao, cd_nacionalidade, sg_uf_nascimento, cd_municipio_nascimento, nm_municipio_nascimento, dt_nascimento, nr_idade_data_posse, nr_titulo_eleitoral_candidato, cd_ocupacao, cd_cor_raca, cd_estado_civil, cd_grau_instrucao, cd_genero, vr_despesa_max_campanha, cd_sit_tot_turno, st_reeleicao, st_declarar_bens, nr_protocolo_candidatura, nr_processo, cd_situacao_candidato_pleito, cd_situacao_candidato_urna) VALUES(230000849796, 15000, 'JESSYCA ADRIANA LIMA VIANA', 'JESSYCA DO WELBINHO', '#NULO#', '96770724200', 'JESSYCA_ADRIANNA@HOTMAIL.COM', '2022-06-05', '02:12:11', 426, 3069, 13, 12, 2, 'PARTIDO ISOLADO', 15, 230000091567, 1, 'AM', -3, 'MANAUS', '1988-01-07', '32', '3772632623', 115, 3, 1, 8, 4, '51117.1', 5, 'N', 'S', -1, '6,00E+18', 2, 2);
INSERT INTO public.candidato (sq_candidato, nr_candidato, nm_candidato, nm_urna_candidato, nm_social_candidato, nr_cpf_candidato, nm_email, dt_geracao, hh_geracao, cd_eleicao, sg_ue, cd_cargo, cd_situacao_candidatura, cd_detalhe_situacao_cand, tp_agremiacao, nr_partido, sq_coligacao, cd_nacionalidade, sg_uf_nascimento, cd_municipio_nascimento, nm_municipio_nascimento, dt_nascimento, nr_idade_data_posse, nr_titulo_eleitoral_candidato, cd_ocupacao, cd_cor_raca, cd_estado_civil, cd_grau_instrucao, cd_genero, vr_despesa_max_campanha, cd_sit_tot_turno, st_reeleicao, st_declarar_bens, nr_protocolo_candidatura, nr_processo, cd_situacao_candidato_pleito, cd_situacao_candidato_urna) VALUES(230000975674, 10777, 'VALDIRENE TEIXEIRA LIMA EWERTON', 'PROFESSORA VALDIRENE', '#NULO#', '73544027291', 'REPUBLICANOELEICOES2020@GMAIL.COM', '2022-06-05', '02:12:11', 426, 3123, 13, 12, 2, 'PARTIDO ISOLADO', 10, 230000113756, 1, 'MA', -3, 'PIO XII', '1977-08-20', '43', '2337112682', 999, 1, 3, 8, 4, '24516.75', 5, 'N', 'S', -1, '6,00E+18', 2, 2);
INSERT INTO public.candidato (sq_candidato, nr_candidato, nm_candidato, nm_urna_candidato, nm_social_candidato, nr_cpf_candidato, nm_email, dt_geracao, hh_geracao, cd_eleicao, sg_ue, cd_cargo, cd_situacao_candidatura, cd_detalhe_situacao_cand, tp_agremiacao, nr_partido, sq_coligacao, cd_nacionalidade, sg_uf_nascimento, cd_municipio_nascimento, nm_municipio_nascimento, dt_nascimento, nr_idade_data_posse, nr_titulo_eleitoral_candidato, cd_ocupacao, cd_cor_raca, cd_estado_civil, cd_grau_instrucao, cd_genero, vr_despesa_max_campanha, cd_sit_tot_turno, st_reeleicao, st_declarar_bens, nr_protocolo_candidatura, nr_processo, cd_situacao_candidato_pleito, cd_situacao_candidato_urna) VALUES(230001264358, 77735, 'MARCELO HENRIQUE VIANA SOBRAL', 'MARCELO HENRIQUE', '#NULO#', '3401682261', 'ANDREIVE@ANDREIVERIBEIROADVOCACIA.COM.BR', '2022-06-05', '02:12:11', 426, 3018, 13, 12, 2, 'PARTIDO ISOLADO', 77, 230000089159, 1, 'RR', -3, 'BOA VISTA', '1988-11-06', '32', '4856212607', 999, 6, 1, 3, 2, '391772.1', 5, 'N', 'S', -1, '6,01E+18', 2, 2);
INSERT INTO public.candidato (sq_candidato, nr_candidato, nm_candidato, nm_urna_candidato, nm_social_candidato, nr_cpf_candidato, nm_email, dt_geracao, hh_geracao, cd_eleicao, sg_ue, cd_cargo, cd_situacao_candidatura, cd_detalhe_situacao_cand, tp_agremiacao, nr_partido, sq_coligacao, cd_nacionalidade, sg_uf_nascimento, cd_municipio_nascimento, nm_municipio_nascimento, dt_nascimento, nr_idade_data_posse, nr_titulo_eleitoral_candidato, cd_ocupacao, cd_cor_raca, cd_estado_civil, cd_grau_instrucao, cd_genero, vr_despesa_max_campanha, cd_sit_tot_turno, st_reeleicao, st_declarar_bens, nr_protocolo_candidatura, nr_processo, cd_situacao_candidato_pleito, cd_situacao_candidato_urna) VALUES(230000743599, 25444, 'LUIZ OLIVEIRA DE SOUZA', 'LUIZ WAI WAI', '#NULO#', '31177549204', 'MATHEUSBRINIER@HOTMAIL.COM', '2022-06-05', '02:12:11', 426, 3158, 13, 12, 2, 'PARTIDO ISOLADO', 25, 230000070116, 1, 'PA', -3, 'ORIXIMINÁ', '1958-02-12', '62', '17753581392', 601, 5, 1, 4, 2, '24561.18', 5, 'N', 'S', -1, '6,00E+18', 2, 2);
INSERT INTO public.candidato (sq_candidato, nr_candidato, nm_candidato, nm_urna_candidato, nm_social_candidato, nr_cpf_candidato, nm_email, dt_geracao, hh_geracao, cd_eleicao, sg_ue, cd_cargo, cd_situacao_candidatura, cd_detalhe_situacao_cand, tp_agremiacao, nr_partido, sq_coligacao, cd_nacionalidade, sg_uf_nascimento, cd_municipio_nascimento, nm_municipio_nascimento, dt_nascimento, nr_idade_data_posse, nr_titulo_eleitoral_candidato, cd_ocupacao, cd_cor_raca, cd_estado_civil, cd_grau_instrucao, cd_genero, vr_despesa_max_campanha, cd_sit_tot_turno, st_reeleicao, st_declarar_bens, nr_protocolo_candidatura, nr_processo, cd_situacao_candidato_pleito, cd_situacao_candidato_urna) VALUES(230000838767, 77877, 'MARIO MARCIO BRITO SAMPAIO', 'MARIO MARCIO', '#NULO#', '61396800263', 'ANDREIVE@ANDREIVEADVOCACIA.COM.BR', '2022-06-05', '02:12:11', 426, 3018, 13, 12, 2, 'PARTIDO ISOLADO', 77, 230000089159, 1, 'RR', -3, 'BOA VISTA', '1977-12-21', '43', '1936072674', 257, 1, 1, 8, 2, '391772.1', 5, 'N', 'N', -1, '6,00E+18', 2, 2);
INSERT INTO public.candidato (sq_candidato, nr_candidato, nm_candidato, nm_urna_candidato, nm_social_candidato, nr_cpf_candidato, nm_email, dt_geracao, hh_geracao, cd_eleicao, sg_ue, cd_cargo, cd_situacao_candidatura, cd_detalhe_situacao_cand, tp_agremiacao, nr_partido, sq_coligacao, cd_nacionalidade, sg_uf_nascimento, cd_municipio_nascimento, nm_municipio_nascimento, dt_nascimento, nr_idade_data_posse, nr_titulo_eleitoral_candidato, cd_ocupacao, cd_cor_raca, cd_estado_civil, cd_grau_instrucao, cd_genero, vr_despesa_max_campanha, cd_sit_tot_turno, st_reeleicao, st_declarar_bens, nr_protocolo_candidatura, nr_processo, cd_situacao_candidato_pleito, cd_situacao_candidato_urna) VALUES(230001216527, 22444, 'SILVIO BISPO DA ROCHA', 'SILVIO MECÂNICO', '#NULO#', '22060022215', 'JUNTOSCUIDAMOSDEAMAJARI@GMAIL.COM', '2022-06-05', '02:12:11', 426, 3042, 13, 12, 2, 'PARTIDO ISOLADO', 22, 230000149805, 1, 'RO', -3, 'PORTO VELHO', '1964-04-21', '56', '502252313', 541, 3, 3, 3, 2, '33186.78', 5, 'N', 'N', -1, '6,00E+18', 2, 2);
INSERT INTO public.candidato (sq_candidato, nr_candidato, nm_candidato, nm_urna_candidato, nm_social_candidato, nr_cpf_candidato, nm_email, dt_geracao, hh_geracao, cd_eleicao, sg_ue, cd_cargo, cd_situacao_candidatura, cd_detalhe_situacao_cand, tp_agremiacao, nr_partido, sq_coligacao, cd_nacionalidade, sg_uf_nascimento, cd_municipio_nascimento, nm_municipio_nascimento, dt_nascimento, nr_idade_data_posse, nr_titulo_eleitoral_candidato, cd_ocupacao, cd_cor_raca, cd_estado_civil, cd_grau_instrucao, cd_genero, vr_despesa_max_campanha, cd_sit_tot_turno, st_reeleicao, st_declarar_bens, nr_protocolo_candidatura, nr_processo, cd_situacao_candidato_pleito, cd_situacao_candidato_urna) VALUES(230000837918, 25333, 'CRISTIANO MORAES DA SILVA', 'CRISTIANO ELETRICISTA', '#NULO#', '16438680206', 'CRISTIANOMORAES@GMAIL.COM', '2022-06-05', '02:12:11', 426, 3018, 13, 12, 2, 'PARTIDO ISOLADO', 25, 230000088971, 1, 'MA', -3, 'MONÇÃO', '1967-03-13', '53', '380932682', 257, 3, 1, 6, 2, '391772.1', 4, 'N', 'S', -1, '6,00E+18', 2, 2);
INSERT INTO public.candidato (sq_candidato, nr_candidato, nm_candidato, nm_urna_candidato, nm_social_candidato, nr_cpf_candidato, nm_email, dt_geracao, hh_geracao, cd_eleicao, sg_ue, cd_cargo, cd_situacao_candidatura, cd_detalhe_situacao_cand, tp_agremiacao, nr_partido, sq_coligacao, cd_nacionalidade, sg_uf_nascimento, cd_municipio_nascimento, nm_municipio_nascimento, dt_nascimento, nr_idade_data_posse, nr_titulo_eleitoral_candidato, cd_ocupacao, cd_cor_raca, cd_estado_civil, cd_grau_instrucao, cd_genero, vr_despesa_max_campanha, cd_sit_tot_turno, st_reeleicao, st_declarar_bens, nr_protocolo_candidatura, nr_processo, cd_situacao_candidato_pleito, cd_situacao_candidato_urna) VALUES(230000860774, 15555, 'FERNANDO MARCOS VIEIRA DA SILVA FILHO', 'FERNANDO EX SECRETÁRIO', '#NULO#', '17750784420', 'PRFERNANDOMARCOS@HOTMAIL.COM', '2022-06-05', '02:12:11', 426, 3034, 13, 12, 2, 'PARTIDO ISOLADO', 15, 230000085803, 1, 'AL', -3, 'MACEIÓ', '1959-03-21', '61', '16565121767', 257, 3, 3, 8, 2, '32516.41', 5, 'N', 'S', -1, '6,00E+18', 2, 2);
INSERT INTO public.candidato (sq_candidato, nr_candidato, nm_candidato, nm_urna_candidato, nm_social_candidato, nr_cpf_candidato, nm_email, dt_geracao, hh_geracao, cd_eleicao, sg_ue, cd_cargo, cd_situacao_candidatura, cd_detalhe_situacao_cand, tp_agremiacao, nr_partido, sq_coligacao, cd_nacionalidade, sg_uf_nascimento, cd_municipio_nascimento, nm_municipio_nascimento, dt_nascimento, nr_idade_data_posse, nr_titulo_eleitoral_candidato, cd_ocupacao, cd_cor_raca, cd_estado_civil, cd_grau_instrucao, cd_genero, vr_despesa_max_campanha, cd_sit_tot_turno, st_reeleicao, st_declarar_bens, nr_protocolo_candidatura, nr_processo, cd_situacao_candidato_pleito, cd_situacao_candidato_urna) VALUES(230001211303, 45000, 'NATALIA DIAS DOS REIS GONÇALVES', 'NATALIA REIS', '#NULO#', '34557261272', 'CANTORANATALIAREIS.AM@GMAIL.COM', '2022-06-05', '02:12:11', 426, 3018, 13, 12, 2, 'PARTIDO ISOLADO', 45, 230000149076, 1, 'AM', -3, 'TEFÉ', '1972-12-25', '48', '11457362283', 257, 3, 3, 6, 4, '391772.1', 4, 'N', 'S', -1, '6,01E+18', 2, 2);
INSERT INTO public.candidato (sq_candidato, nr_candidato, nm_candidato, nm_urna_candidato, nm_social_candidato, nr_cpf_candidato, nm_email, dt_geracao, hh_geracao, cd_eleicao, sg_ue, cd_cargo, cd_situacao_candidatura, cd_detalhe_situacao_cand, tp_agremiacao, nr_partido, sq_coligacao, cd_nacionalidade, sg_uf_nascimento, cd_municipio_nascimento, nm_municipio_nascimento, dt_nascimento, nr_idade_data_posse, nr_titulo_eleitoral_candidato, cd_ocupacao, cd_cor_raca, cd_estado_civil, cd_grau_instrucao, cd_genero, vr_despesa_max_campanha, cd_sit_tot_turno, st_reeleicao, st_declarar_bens, nr_protocolo_candidatura, nr_processo, cd_situacao_candidato_pleito, cd_situacao_candidato_urna) VALUES(230000675403, 51222, 'RAIMUNDO MEIRELES DA SILVA FILHO', 'MUNDINHO', '#NULO#', '14565293234', 'RLRAYNERLOPES@GMAIL.COM', '2022-06-05', '02:12:11', 426, 3034, 13, 12, 2, 'PARTIDO ISOLADO', 51, 230000060762, 1, 'RR', -3, 'CARACARAÍ', '1962-07-13', '58', '508702658', 999, 3, 3, 2, 2, '32516.41', 5, 'N', 'S', -1, '6,00E+18', 2, 2);
INSERT INTO public.candidato (sq_candidato, nr_candidato, nm_candidato, nm_urna_candidato, nm_social_candidato, nr_cpf_candidato, nm_email, dt_geracao, hh_geracao, cd_eleicao, sg_ue, cd_cargo, cd_situacao_candidatura, cd_detalhe_situacao_cand, tp_agremiacao, nr_partido, sq_coligacao, cd_nacionalidade, sg_uf_nascimento, cd_municipio_nascimento, nm_municipio_nascimento, dt_nascimento, nr_idade_data_posse, nr_titulo_eleitoral_candidato, cd_ocupacao, cd_cor_raca, cd_estado_civil, cd_grau_instrucao, cd_genero, vr_despesa_max_campanha, cd_sit_tot_turno, st_reeleicao, st_declarar_bens, nr_protocolo_candidatura, nr_processo, cd_situacao_candidato_pleito, cd_situacao_candidato_urna) VALUES(230000655138, 10789, 'DOMINGOS COSTA', 'DOMINGOS COSTA', '#NULO#', '17219817215', 'BONFIMREPUBLICANOS@GMAIL.COM', '2022-06-05', '02:12:11', 426, 3077, 13, 12, 2, 'PARTIDO ISOLADO', 10, 230000058393, 1, 'MA', -3, 'BEQUIMÃO', '1964-12-06', '56', '1874102615', 298, 3, 1, 6, 2, '12307.75', 2, 'N', 'S', -1, '6,00E+18', 2, 2);
INSERT INTO public.candidato (sq_candidato, nr_candidato, nm_candidato, nm_urna_candidato, nm_social_candidato, nr_cpf_candidato, nm_email, dt_geracao, hh_geracao, cd_eleicao, sg_ue, cd_cargo, cd_situacao_candidatura, cd_detalhe_situacao_cand, tp_agremiacao, nr_partido, sq_coligacao, cd_nacionalidade, sg_uf_nascimento, cd_municipio_nascimento, nm_municipio_nascimento, dt_nascimento, nr_idade_data_posse, nr_titulo_eleitoral_candidato, cd_ocupacao, cd_cor_raca, cd_estado_civil, cd_grau_instrucao, cd_genero, vr_despesa_max_campanha, cd_sit_tot_turno, st_reeleicao, st_declarar_bens, nr_protocolo_candidatura, nr_processo, cd_situacao_candidato_pleito, cd_situacao_candidato_urna) VALUES(230000632363, 17177, 'MORONI DE OLIVEIRA FREITAS', 'AGENTE MORONI', '#NULO#', '50987054287', 'MARONIXV@GMAIL.COM', '2022-06-05', '02:12:11', 426, 3018, 13, 12, 2, 'PARTIDO ISOLADO', 17, 230000051635, 1, 'SP', -3, 'SÃO PAULO', '1977-05-06', '43', '1966252615', 298, 3, 3, 6, 2, '391772.1', 5, 'N', 'S', -1, '6,00E+18', 2, 2);
INSERT INTO public.candidato (sq_candidato, nr_candidato, nm_candidato, nm_urna_candidato, nm_social_candidato, nr_cpf_candidato, nm_email, dt_geracao, hh_geracao, cd_eleicao, sg_ue, cd_cargo, cd_situacao_candidatura, cd_detalhe_situacao_cand, tp_agremiacao, nr_partido, sq_coligacao, cd_nacionalidade, sg_uf_nascimento, cd_municipio_nascimento, nm_municipio_nascimento, dt_nascimento, nr_idade_data_posse, nr_titulo_eleitoral_candidato, cd_ocupacao, cd_cor_raca, cd_estado_civil, cd_grau_instrucao, cd_genero, vr_despesa_max_campanha, cd_sit_tot_turno, st_reeleicao, st_declarar_bens, nr_protocolo_candidatura, nr_processo, cd_situacao_candidato_pleito, cd_situacao_candidato_urna) VALUES(230001042664, 55111, 'ROZANGÊLA SOUSA SILVEIRA', 'ROZANGÊLA SILVEIRA', '#NULO#', '66394260215', 'SOUSAROZANGELA987@GMAIL.COM', '2022-06-05', '02:12:11', 426, 3069, 13, 12, 2, 'PARTIDO ISOLADO', 55, 230000125891, 1, 'MA', -3, 'POÇÃO DE PEDRAS', '1981-10-08', '39', '2680522615', 169, 3, 3, 6, 4, '51117.1', 4, 'N', 'S', -1, '6,00E+18', 2, 2);
INSERT INTO public.candidato (sq_candidato, nr_candidato, nm_candidato, nm_urna_candidato, nm_social_candidato, nr_cpf_candidato, nm_email, dt_geracao, hh_geracao, cd_eleicao, sg_ue, cd_cargo, cd_situacao_candidatura, cd_detalhe_situacao_cand, tp_agremiacao, nr_partido, sq_coligacao, cd_nacionalidade, sg_uf_nascimento, cd_municipio_nascimento, nm_municipio_nascimento, dt_nascimento, nr_idade_data_posse, nr_titulo_eleitoral_candidato, cd_ocupacao, cd_cor_raca, cd_estado_civil, cd_grau_instrucao, cd_genero, vr_despesa_max_campanha, cd_sit_tot_turno, st_reeleicao, st_declarar_bens, nr_protocolo_candidatura, nr_processo, cd_situacao_candidato_pleito, cd_situacao_candidato_urna) VALUES(230000828039, 15999, 'OTONIEL VIEIRA DA SILVA', 'ROBINHO SEGURANÇA', '#NULO#', '83314970234', 'DAIANESANTANA20@HOTMAIL.COM', '2022-06-05', '02:12:11', 426, 3158, 13, 12, 2, 'PARTIDO ISOLADO', 15, 230000087099, 1, 'MA', -3, 'GODOFREDO VIANA', '1985-01-08', '35', '3365372690', 999, 3, 1, 6, 2, '24561.18', 5, 'N', 'S', -1, '6,00E+18', 2, 2);
INSERT INTO public.candidato (sq_candidato, nr_candidato, nm_candidato, nm_urna_candidato, nm_social_candidato, nr_cpf_candidato, nm_email, dt_geracao, hh_geracao, cd_eleicao, sg_ue, cd_cargo, cd_situacao_candidatura, cd_detalhe_situacao_cand, tp_agremiacao, nr_partido, sq_coligacao, cd_nacionalidade, sg_uf_nascimento, cd_municipio_nascimento, nm_municipio_nascimento, dt_nascimento, nr_idade_data_posse, nr_titulo_eleitoral_candidato, cd_ocupacao, cd_cor_raca, cd_estado_civil, cd_grau_instrucao, cd_genero, vr_despesa_max_campanha, cd_sit_tot_turno, st_reeleicao, st_declarar_bens, nr_protocolo_candidatura, nr_processo, cd_situacao_candidato_pleito, cd_situacao_candidato_urna) VALUES(230000849798, 15015, 'EDGAR DA SILVA ARRUDA', 'EDGAR DO CANTAZINHO', '#NULO#', '66408512291', 'PLACIDOALVESFN@GMAIL.COM', '2022-06-05', '02:12:11', 426, 3069, 13, 12, 2, 'PARTIDO ISOLADO', 15, 230000091567, 1, 'MA', -3, 'IMPERATRIZ', '1978-12-26', '42', '2402162658', 601, 3, 1, 3, 2, '51117.1', 5, 'N', 'S', -1, '6,00E+18', 2, 2);
INSERT INTO public.candidato (sq_candidato, nr_candidato, nm_candidato, nm_urna_candidato, nm_social_candidato, nr_cpf_candidato, nm_email, dt_geracao, hh_geracao, cd_eleicao, sg_ue, cd_cargo, cd_situacao_candidatura, cd_detalhe_situacao_cand, tp_agremiacao, nr_partido, sq_coligacao, cd_nacionalidade, sg_uf_nascimento, cd_municipio_nascimento, nm_municipio_nascimento, dt_nascimento, nr_idade_data_posse, nr_titulo_eleitoral_candidato, cd_ocupacao, cd_cor_raca, cd_estado_civil, cd_grau_instrucao, cd_genero, vr_despesa_max_campanha, cd_sit_tot_turno, st_reeleicao, st_declarar_bens, nr_protocolo_candidatura, nr_processo, cd_situacao_candidato_pleito, cd_situacao_candidato_urna) VALUES(230001211316, 45455, 'AMANDA DOS SANTOS COSTA', 'AMANDINHA DO POVO', '#NULO#', '1733882219', 'AMANDADIAS26@HOTMAIL.COM', '2022-06-05', '02:12:11', 426, 3018, 13, 12, 2, 'PARTIDO ISOLADO', 45, 230000149076, 1, 'RR', -3, 'BOA VISTA', '1998-01-26', '22', '4905442607', 999, 3, 1, 6, 4, '391772.1', 4, 'N', 'N', -1, '6,01E+18', 2, 2);
INSERT INTO public.candidato (sq_candidato, nr_candidato, nm_candidato, nm_urna_candidato, nm_social_candidato, nr_cpf_candidato, nm_email, dt_geracao, hh_geracao, cd_eleicao, sg_ue, cd_cargo, cd_situacao_candidatura, cd_detalhe_situacao_cand, tp_agremiacao, nr_partido, sq_coligacao, cd_nacionalidade, sg_uf_nascimento, cd_municipio_nascimento, nm_municipio_nascimento, dt_nascimento, nr_idade_data_posse, nr_titulo_eleitoral_candidato, cd_ocupacao, cd_cor_raca, cd_estado_civil, cd_grau_instrucao, cd_genero, vr_despesa_max_campanha, cd_sit_tot_turno, st_reeleicao, st_declarar_bens, nr_protocolo_candidatura, nr_processo, cd_situacao_candidato_pleito, cd_situacao_candidato_urna) VALUES(230000838134, 36077, 'LAZARO VICTOR FERREIRA SILVA', 'LAZARO FAZENDINHA', '#NULO#', '73914479272', 'VLAZARO378@GMAIL.COM', '2022-06-05', '02:12:11', 426, 3018, 13, 12, 4, 'PARTIDO ISOLADO', 36, 230000089020, 1, 'RR', -3, 'BOA VISTA', '1983-01-03', '37', '3034092674', 257, 3, 1, 6, 2, '391772.1', 4, 'N', 'S', -1, '6,00E+18', 4, 2);
INSERT INTO public.candidato (sq_candidato, nr_candidato, nm_candidato, nm_urna_candidato, nm_social_candidato, nr_cpf_candidato, nm_email, dt_geracao, hh_geracao, cd_eleicao, sg_ue, cd_cargo, cd_situacao_candidatura, cd_detalhe_situacao_cand, tp_agremiacao, nr_partido, sq_coligacao, cd_nacionalidade, sg_uf_nascimento, cd_municipio_nascimento, nm_municipio_nascimento, dt_nascimento, nr_idade_data_posse, nr_titulo_eleitoral_candidato, cd_ocupacao, cd_cor_raca, cd_estado_civil, cd_grau_instrucao, cd_genero, vr_despesa_max_campanha, cd_sit_tot_turno, st_reeleicao, st_declarar_bens, nr_protocolo_candidatura, nr_processo, cd_situacao_candidato_pleito, cd_situacao_candidato_urna) VALUES(230000780276, 23133, 'MAYARA PAULINO LIMA', 'MAYARA PAULINO', '#NULO#', '3332070258', 'MAYARAPAULINOLIMALIMA@GMAIL.COM', '2022-06-05', '02:12:11', 426, 3115, 13, 12, 2, 'PARTIDO ISOLADO', 23, 230000075758, 1, 'RR', -3, 'NORMANDIA', '2000-02-16', '20', '5085722615', 999, 3, 1, 6, 4, '12307.75', 4, 'N', 'S', -1, '6,00E+18', 2, 2);
INSERT INTO public.candidato (sq_candidato, nr_candidato, nm_candidato, nm_urna_candidato, nm_social_candidato, nr_cpf_candidato, nm_email, dt_geracao, hh_geracao, cd_eleicao, sg_ue, cd_cargo, cd_situacao_candidatura, cd_detalhe_situacao_cand, tp_agremiacao, nr_partido, sq_coligacao, cd_nacionalidade, sg_uf_nascimento, cd_municipio_nascimento, nm_municipio_nascimento, dt_nascimento, nr_idade_data_posse, nr_titulo_eleitoral_candidato, cd_ocupacao, cd_cor_raca, cd_estado_civil, cd_grau_instrucao, cd_genero, vr_despesa_max_campanha, cd_sit_tot_turno, st_reeleicao, st_declarar_bens, nr_protocolo_candidatura, nr_processo, cd_situacao_candidato_pleito, cd_situacao_candidato_urna) VALUES(230000654027, 22111, 'HAMILTON DA SILVA', 'HAMILTON CABOCO CORAJOSO', '#NULO#', '22555463291', 'PLIBERALBONFIM@GMAIL.COM', '2022-06-05', '02:12:11', 426, 3077, 13, 12, 2, 'PARTIDO ISOLADO', 22, 230000058277, 1, 'RR', -3, 'BOA VISTA', '1966-03-27', '54', '14912658', 601, 3, 9, 3, 2, '12307.75', 5, 'N', 'S', -1, '6,00E+18', 2, 2);
INSERT INTO public.candidato (sq_candidato, nr_candidato, nm_candidato, nm_urna_candidato, nm_social_candidato, nr_cpf_candidato, nm_email, dt_geracao, hh_geracao, cd_eleicao, sg_ue, cd_cargo, cd_situacao_candidatura, cd_detalhe_situacao_cand, tp_agremiacao, nr_partido, sq_coligacao, cd_nacionalidade, sg_uf_nascimento, cd_municipio_nascimento, nm_municipio_nascimento, dt_nascimento, nr_idade_data_posse, nr_titulo_eleitoral_candidato, cd_ocupacao, cd_cor_raca, cd_estado_civil, cd_grau_instrucao, cd_genero, vr_despesa_max_campanha, cd_sit_tot_turno, st_reeleicao, st_declarar_bens, nr_protocolo_candidatura, nr_processo, cd_situacao_candidato_pleito, cd_situacao_candidato_urna) VALUES(230000667776, 43763, 'ELIZABETH ANDRIES DE LUCENA', 'BETH ACS', '#NULO#', '87456680272', 'WALMIR.MOTA@MAIL.COM', '2022-06-05', '02:12:11', 426, 3115, 13, 12, 2, 'PARTIDO ISOLADO', 43, 230000059807, 1, 'RR', -3, 'NORMANDIA', '1975-02-19', '45', '3479492682', 109, 3, 1, 6, 4, '12307.75', 4, 'N', 'S', -1, '6,00E+18', 2, 2);
INSERT INTO public.candidato (sq_candidato, nr_candidato, nm_candidato, nm_urna_candidato, nm_social_candidato, nr_cpf_candidato, nm_email, dt_geracao, hh_geracao, cd_eleicao, sg_ue, cd_cargo, cd_situacao_candidatura, cd_detalhe_situacao_cand, tp_agremiacao, nr_partido, sq_coligacao, cd_nacionalidade, sg_uf_nascimento, cd_municipio_nascimento, nm_municipio_nascimento, dt_nascimento, nr_idade_data_posse, nr_titulo_eleitoral_candidato, cd_ocupacao, cd_cor_raca, cd_estado_civil, cd_grau_instrucao, cd_genero, vr_despesa_max_campanha, cd_sit_tot_turno, st_reeleicao, st_declarar_bens, nr_protocolo_candidatura, nr_processo, cd_situacao_candidato_pleito, cd_situacao_candidato_urna) VALUES(230001058439, 35255, 'EPITÁCIO PESSÔA DE MORAIS', 'EPITÁCIO PESSOA', '#NULO#', '24305464349', 'EPITACIOPESSOADEMORAIS@HOTMAIL.COM', '2022-06-05', '02:12:11', 426, 3018, 13, 12, 2, 'PARTIDO ISOLADO', 35, 230000128009, 1, 'MA', -3, 'BURITIRANA', '1966-05-18', '54', '1767742674', 390, 3, 1, 6, 2, '391772.1', 5, 'N', 'S', -1, '6,01E+18', 2, 2);
INSERT INTO public.candidato (sq_candidato, nr_candidato, nm_candidato, nm_urna_candidato, nm_social_candidato, nr_cpf_candidato, nm_email, dt_geracao, hh_geracao, cd_eleicao, sg_ue, cd_cargo, cd_situacao_candidatura, cd_detalhe_situacao_cand, tp_agremiacao, nr_partido, sq_coligacao, cd_nacionalidade, sg_uf_nascimento, cd_municipio_nascimento, nm_municipio_nascimento, dt_nascimento, nr_idade_data_posse, nr_titulo_eleitoral_candidato, cd_ocupacao, cd_cor_raca, cd_estado_civil, cd_grau_instrucao, cd_genero, vr_despesa_max_campanha, cd_sit_tot_turno, st_reeleicao, st_declarar_bens, nr_protocolo_candidatura, nr_processo, cd_situacao_candidato_pleito, cd_situacao_candidato_urna) VALUES(230001217206, 90190, 'RODRIGO PEIXOTO LAGO', 'RODRIGO LAGO', '#NULO#', '90486161234', 'JUNTOSCUIDAMOSDEAMAJARI@GMAIL.COM', '2022-06-05', '02:12:11', 426, 3042, 13, 12, 2, 'PARTIDO ISOLADO', 90, 230000149902, 1, 'RR', -3, 'BOA VISTA', '1988-03-17', '32', '3606642631', 233, 3, 1, 6, 2, '33186.78', 2, 'N', 'S', -1, '6,00E+18', 2, 2);
INSERT INTO public.candidato (sq_candidato, nr_candidato, nm_candidato, nm_urna_candidato, nm_social_candidato, nr_cpf_candidato, nm_email, dt_geracao, hh_geracao, cd_eleicao, sg_ue, cd_cargo, cd_situacao_candidatura, cd_detalhe_situacao_cand, tp_agremiacao, nr_partido, sq_coligacao, cd_nacionalidade, sg_uf_nascimento, cd_municipio_nascimento, nm_municipio_nascimento, dt_nascimento, nr_idade_data_posse, nr_titulo_eleitoral_candidato, cd_ocupacao, cd_cor_raca, cd_estado_civil, cd_grau_instrucao, cd_genero, vr_despesa_max_campanha, cd_sit_tot_turno, st_reeleicao, st_declarar_bens, nr_protocolo_candidatura, nr_processo, cd_situacao_candidato_pleito, cd_situacao_candidato_urna) VALUES(230000807101, 10234, 'OLEBE DE ANDRADE PATROCINIO', 'OLEBE', '#NULO#', '91195365268', 'PLAY.HOUSE2015@HOTMAIL.COM', '2022-06-05', '02:12:11', 426, 3093, 13, 3, 14, 'PARTIDO ISOLADO', 10, 230000080056, 1, 'PA', -3, 'SANTARÉM', '1988-09-13', '32', '3553262640', 999, 3, 1, 6, 2, '16519.36', -1, 'N', 'S', -1, '6,00E+18', -1, -1);
INSERT INTO public.candidato (sq_candidato, nr_candidato, nm_candidato, nm_urna_candidato, nm_social_candidato, nr_cpf_candidato, nm_email, dt_geracao, hh_geracao, cd_eleicao, sg_ue, cd_cargo, cd_situacao_candidatura, cd_detalhe_situacao_cand, tp_agremiacao, nr_partido, sq_coligacao, cd_nacionalidade, sg_uf_nascimento, cd_municipio_nascimento, nm_municipio_nascimento, dt_nascimento, nr_idade_data_posse, nr_titulo_eleitoral_candidato, cd_ocupacao, cd_cor_raca, cd_estado_civil, cd_grau_instrucao, cd_genero, vr_despesa_max_campanha, cd_sit_tot_turno, st_reeleicao, st_declarar_bens, nr_protocolo_candidatura, nr_processo, cd_situacao_candidato_pleito, cd_situacao_candidato_urna) VALUES(230000927122, 45444, 'ALRIA PEREIRA SEGUNDO LIMA', 'DONA ALRIA', '#NULO#', '77240464253', 'PAULINHOOO_PEIXOTO@HOTMAIL.COM', '2022-06-05', '02:12:11', 426, 3069, 13, 12, 2, 'PARTIDO ISOLADO', 45, 230000106776, 1, 'RR', -3, 'BOA VISTA', '1969-11-15', '51', '1244732666', 581, 3, 5, 2, 4, '51117.1', 5, 'N', 'S', -1, '6,00E+18', 2, 2);
INSERT INTO public.candidato (sq_candidato, nr_candidato, nm_candidato, nm_urna_candidato, nm_social_candidato, nr_cpf_candidato, nm_email, dt_geracao, hh_geracao, cd_eleicao, sg_ue, cd_cargo, cd_situacao_candidatura, cd_detalhe_situacao_cand, tp_agremiacao, nr_partido, sq_coligacao, cd_nacionalidade, sg_uf_nascimento, cd_municipio_nascimento, nm_municipio_nascimento, dt_nascimento, nr_idade_data_posse, nr_titulo_eleitoral_candidato, cd_ocupacao, cd_cor_raca, cd_estado_civil, cd_grau_instrucao, cd_genero, vr_despesa_max_campanha, cd_sit_tot_turno, st_reeleicao, st_declarar_bens, nr_protocolo_candidatura, nr_processo, cd_situacao_candidato_pleito, cd_situacao_candidato_urna) VALUES(230000655001, 77, 'FRANCISCO SERVOLO BARBOZA', 'FRANCISCO SERVOLO BARBOZA', '#NULO#', '64915530272', 'DAIANESANTANA20@HOTMAIL.COM', '2022-06-05', '02:12:11', 426, 3158, 12, 12, 2, 'COLIGAÇÃO', 10, 230000058379, 1, 'MA', -3, 'LAGO DA PEDRA', '1977-11-23', '43', '1999962666', 999, 3, 3, 6, 2, '-1', 1, 'N', 'S', -1, '6,00E+18', 2, 2);
INSERT INTO public.candidato (sq_candidato, nr_candidato, nm_candidato, nm_urna_candidato, nm_social_candidato, nr_cpf_candidato, nm_email, dt_geracao, hh_geracao, cd_eleicao, sg_ue, cd_cargo, cd_situacao_candidatura, cd_detalhe_situacao_cand, tp_agremiacao, nr_partido, sq_coligacao, cd_nacionalidade, sg_uf_nascimento, cd_municipio_nascimento, nm_municipio_nascimento, dt_nascimento, nr_idade_data_posse, nr_titulo_eleitoral_candidato, cd_ocupacao, cd_cor_raca, cd_estado_civil, cd_grau_instrucao, cd_genero, vr_despesa_max_campanha, cd_sit_tot_turno, st_reeleicao, st_declarar_bens, nr_protocolo_candidatura, nr_processo, cd_situacao_candidato_pleito, cd_situacao_candidato_urna) VALUES(230001058282, 27166, 'MARIA DA SILVA', 'MARIA DA SILVA', '#NULO#', '44741413268', 'CONTATO@ANDREIVERIBEIROADVOCACIA.COM.BR', '2022-06-05', '02:12:11', 426, 3018, 13, 12, 2, 'PARTIDO ISOLADO', 27, 230000127984, 1, 'RR', -3, 'BONFIM', '1970-10-27', '50', '1884202640', 999, 1, 3, 3, 4, '391772.1', 5, 'N', 'N', -1, '6,01E+18', 2, 2);
INSERT INTO public.candidato (sq_candidato, nr_candidato, nm_candidato, nm_urna_candidato, nm_social_candidato, nr_cpf_candidato, nm_email, dt_geracao, hh_geracao, cd_eleicao, sg_ue, cd_cargo, cd_situacao_candidatura, cd_detalhe_situacao_cand, tp_agremiacao, nr_partido, sq_coligacao, cd_nacionalidade, sg_uf_nascimento, cd_municipio_nascimento, nm_municipio_nascimento, dt_nascimento, nr_idade_data_posse, nr_titulo_eleitoral_candidato, cd_ocupacao, cd_cor_raca, cd_estado_civil, cd_grau_instrucao, cd_genero, vr_despesa_max_campanha, cd_sit_tot_turno, st_reeleicao, st_declarar_bens, nr_protocolo_candidatura, nr_processo, cd_situacao_candidato_pleito, cd_situacao_candidato_urna) VALUES(230000857658, 18123, 'BENIGNO ERNESTO DA SILVA', 'TUXAUA BENIGNO', '#NULO#', '81640641220', 'REDE.RORAIMA@HOTMAIL.COM', '2022-06-05', '02:12:11', 426, 3050, 13, 12, 2, 'PARTIDO ISOLADO', 18, 230000093315, 1, 'RR', -3, 'BOA VISTA', '1974-12-31', '46', '4528332666', 601, 5, 1, 3, 2, '62126.27', 4, 'N', 'N', -1, '6,00E+18', 2, 2);
INSERT INTO public.candidato (sq_candidato, nr_candidato, nm_candidato, nm_urna_candidato, nm_social_candidato, nr_cpf_candidato, nm_email, dt_geracao, hh_geracao, cd_eleicao, sg_ue, cd_cargo, cd_situacao_candidatura, cd_detalhe_situacao_cand, tp_agremiacao, nr_partido, sq_coligacao, cd_nacionalidade, sg_uf_nascimento, cd_municipio_nascimento, nm_municipio_nascimento, dt_nascimento, nr_idade_data_posse, nr_titulo_eleitoral_candidato, cd_ocupacao, cd_cor_raca, cd_estado_civil, cd_grau_instrucao, cd_genero, vr_despesa_max_campanha, cd_sit_tot_turno, st_reeleicao, st_declarar_bens, nr_protocolo_candidatura, nr_processo, cd_situacao_candidato_pleito, cd_situacao_candidato_urna) VALUES(230000837751, 15333, 'WEVERTON TOME BRIGLIA', 'WEVERTON THOMÉ', '#NULO#', '94814643268', 'ADVBRUNOMOTA14@GMAIL.COM', '2022-06-05', '02:12:11', 426, 3042, 13, 12, 2, 'PARTIDO ISOLADO', 15, 230000088952, 1, 'RR', -3, 'BOA VISTA', '1987-10-15', '33', '3559622690', 999, 3, 1, 8, 2, '33186.78', 2, 'N', 'S', -1, '6,00E+18', 2, 2);
INSERT INTO public.candidato (sq_candidato, nr_candidato, nm_candidato, nm_urna_candidato, nm_social_candidato, nr_cpf_candidato, nm_email, dt_geracao, hh_geracao, cd_eleicao, sg_ue, cd_cargo, cd_situacao_candidatura, cd_detalhe_situacao_cand, tp_agremiacao, nr_partido, sq_coligacao, cd_nacionalidade, sg_uf_nascimento, cd_municipio_nascimento, nm_municipio_nascimento, dt_nascimento, nr_idade_data_posse, nr_titulo_eleitoral_candidato, cd_ocupacao, cd_cor_raca, cd_estado_civil, cd_grau_instrucao, cd_genero, vr_despesa_max_campanha, cd_sit_tot_turno, st_reeleicao, st_declarar_bens, nr_protocolo_candidatura, nr_processo, cd_situacao_candidato_pleito, cd_situacao_candidato_urna) VALUES(230000775756, 10007, 'MAGNÓLIA DE SOUSA MONTEIRO ROCHA', 'DR MAGNÓLIA', '#NULO#', '4903048268', 'MAGADONI@UOL.COM.BR', '2022-06-05', '02:12:11', 426, 3018, 13, 12, 2, 'PARTIDO ISOLADO', 10, 230000075162, 1, 'PA', -3, 'BELÉM', '1954-09-04', '66', '23082666', 111, 3, 3, 8, 4, '391772.1', 5, 'N', 'S', -1, '6,00E+18', 2, 2);
INSERT INTO public.candidato (sq_candidato, nr_candidato, nm_candidato, nm_urna_candidato, nm_social_candidato, nr_cpf_candidato, nm_email, dt_geracao, hh_geracao, cd_eleicao, sg_ue, cd_cargo, cd_situacao_candidatura, cd_detalhe_situacao_cand, tp_agremiacao, nr_partido, sq_coligacao, cd_nacionalidade, sg_uf_nascimento, cd_municipio_nascimento, nm_municipio_nascimento, dt_nascimento, nr_idade_data_posse, nr_titulo_eleitoral_candidato, cd_ocupacao, cd_cor_raca, cd_estado_civil, cd_grau_instrucao, cd_genero, vr_despesa_max_campanha, cd_sit_tot_turno, st_reeleicao, st_declarar_bens, nr_protocolo_candidatura, nr_processo, cd_situacao_candidato_pleito, cd_situacao_candidato_urna) VALUES(230001216851, 45999, 'IVANDI ALVES DE FREITAS FILHO', 'IVANDI FILHO', '#NULO#', '286786214', 'IVANDIFILHO@GMAIL.COM', '2022-06-05', '02:12:11', 426, 3123, 13, 12, 2, 'PARTIDO ISOLADO', 45, 230000149857, 1, 'PI', -3, 'PICOS', '1990-02-20', '30', '3828522623', 297, 3, 9, 8, 2, '24516.75', 5, 'N', 'S', -1, '6,00E+18', 2, 2);
INSERT INTO public.candidato (sq_candidato, nr_candidato, nm_candidato, nm_urna_candidato, nm_social_candidato, nr_cpf_candidato, nm_email, dt_geracao, hh_geracao, cd_eleicao, sg_ue, cd_cargo, cd_situacao_candidatura, cd_detalhe_situacao_cand, tp_agremiacao, nr_partido, sq_coligacao, cd_nacionalidade, sg_uf_nascimento, cd_municipio_nascimento, nm_municipio_nascimento, dt_nascimento, nr_idade_data_posse, nr_titulo_eleitoral_candidato, cd_ocupacao, cd_cor_raca, cd_estado_civil, cd_grau_instrucao, cd_genero, vr_despesa_max_campanha, cd_sit_tot_turno, st_reeleicao, st_declarar_bens, nr_protocolo_candidatura, nr_processo, cd_situacao_candidato_pleito, cd_situacao_candidato_urna) VALUES(230000821501, 70123, 'ANNELIESE NASCIMENTO BARBOSA', 'NELLY', '#NULO#', '65946332287', 'AVANTE70CCI@GMAIL.COM', '2022-06-05', '02:12:11', 426, 3034, 13, 12, 2, 'PARTIDO ISOLADO', 70, 230000085939, 1, 'RR', -3, 'SÃO LUIZ', '1978-10-09', '42', '2451822640', 999, 3, 1, 4, 4, '32516.41', 5, 'N', 'N', -1, '6,00E+18', 2, 2);
INSERT INTO public.candidato (sq_candidato, nr_candidato, nm_candidato, nm_urna_candidato, nm_social_candidato, nr_cpf_candidato, nm_email, dt_geracao, hh_geracao, cd_eleicao, sg_ue, cd_cargo, cd_situacao_candidatura, cd_detalhe_situacao_cand, tp_agremiacao, nr_partido, sq_coligacao, cd_nacionalidade, sg_uf_nascimento, cd_municipio_nascimento, nm_municipio_nascimento, dt_nascimento, nr_idade_data_posse, nr_titulo_eleitoral_candidato, cd_ocupacao, cd_cor_raca, cd_estado_civil, cd_grau_instrucao, cd_genero, vr_despesa_max_campanha, cd_sit_tot_turno, st_reeleicao, st_declarar_bens, nr_protocolo_candidatura, nr_processo, cd_situacao_candidato_pleito, cd_situacao_candidato_urna) VALUES(230000741655, 18131, 'JOSIEL DA SILVA PEREIRA', 'JOSIEL DA MALACACHETA', '#NULO#', '44663404200', 'JOSIELD7@GMAIL.COM', '2022-06-05', '02:12:11', 426, 3069, 13, 12, 2, 'PARTIDO ISOLADO', 18, 230000069828, 1, 'RR', -3, 'CANTÁ', '1976-11-16', '44', '1905682666', 266, 5, 3, 8, 2, '51117.1', 4, 'N', 'S', -1, '6,00E+18', 2, 2);
INSERT INTO public.candidato (sq_candidato, nr_candidato, nm_candidato, nm_urna_candidato, nm_social_candidato, nr_cpf_candidato, nm_email, dt_geracao, hh_geracao, cd_eleicao, sg_ue, cd_cargo, cd_situacao_candidatura, cd_detalhe_situacao_cand, tp_agremiacao, nr_partido, sq_coligacao, cd_nacionalidade, sg_uf_nascimento, cd_municipio_nascimento, nm_municipio_nascimento, dt_nascimento, nr_idade_data_posse, nr_titulo_eleitoral_candidato, cd_ocupacao, cd_cor_raca, cd_estado_civil, cd_grau_instrucao, cd_genero, vr_despesa_max_campanha, cd_sit_tot_turno, st_reeleicao, st_declarar_bens, nr_protocolo_candidatura, nr_processo, cd_situacao_candidato_pleito, cd_situacao_candidato_urna) VALUES(230000807099, 10333, 'LUCILENE DIVINA', 'IRMA LUCILENE', '#NULO#', '91318726204', 'PLAY.HOUSE2015@HOTMAIL.COM', '2022-06-05', '02:12:11', 426, 3093, 13, 12, 2, 'PARTIDO ISOLADO', 10, 230000080056, 1, 'MA', -3, 'SANTA LUZIA', '1984-08-10', '36', '3596832640', 999, 3, 1, 4, 4, '16519.36', 5, 'N', 'S', -1, '6,00E+18', 2, 2);
INSERT INTO public.candidato (sq_candidato, nr_candidato, nm_candidato, nm_urna_candidato, nm_social_candidato, nr_cpf_candidato, nm_email, dt_geracao, hh_geracao, cd_eleicao, sg_ue, cd_cargo, cd_situacao_candidatura, cd_detalhe_situacao_cand, tp_agremiacao, nr_partido, sq_coligacao, cd_nacionalidade, sg_uf_nascimento, cd_municipio_nascimento, nm_municipio_nascimento, dt_nascimento, nr_idade_data_posse, nr_titulo_eleitoral_candidato, cd_ocupacao, cd_cor_raca, cd_estado_civil, cd_grau_instrucao, cd_genero, vr_despesa_max_campanha, cd_sit_tot_turno, st_reeleicao, st_declarar_bens, nr_protocolo_candidatura, nr_processo, cd_situacao_candidato_pleito, cd_situacao_candidato_urna) VALUES(230000632385, 17222, 'ELIETE ARAUJO FERREIRA', 'ELIETE DA FEIRA', '#NULO#', '72998938272', 'ELIETEARAUJOAMORE@GMAIL.COM', '2022-06-05', '02:12:11', 426, 3018, 13, 12, 2, 'PARTIDO ISOLADO', 17, 230000051635, 1, 'MA', -3, 'VITORINO FREIRE', '1981-10-06', '39', '2433622615', 413, 3, 3, 6, 4, '391772.1', 5, 'N', 'S', -1, '6,00E+18', 2, 2);
INSERT INTO public.candidato (sq_candidato, nr_candidato, nm_candidato, nm_urna_candidato, nm_social_candidato, nr_cpf_candidato, nm_email, dt_geracao, hh_geracao, cd_eleicao, sg_ue, cd_cargo, cd_situacao_candidatura, cd_detalhe_situacao_cand, tp_agremiacao, nr_partido, sq_coligacao, cd_nacionalidade, sg_uf_nascimento, cd_municipio_nascimento, nm_municipio_nascimento, dt_nascimento, nr_idade_data_posse, nr_titulo_eleitoral_candidato, cd_ocupacao, cd_cor_raca, cd_estado_civil, cd_grau_instrucao, cd_genero, vr_despesa_max_campanha, cd_sit_tot_turno, st_reeleicao, st_declarar_bens, nr_protocolo_candidatura, nr_processo, cd_situacao_candidato_pleito, cd_situacao_candidato_urna) VALUES(230001216529, 22456, 'FRANCISLANDIO SOUZA DA SILVA', 'SULAMBA TEPEQUEM', '#NULO#', '93618530234', 'JUNTOCUIDAMOSDEAMAJARI@GMAIL.COM', '2022-06-05', '02:12:11', 426, 3042, 13, 12, 2, 'PARTIDO ISOLADO', 22, 230000149805, 1, 'RR', -3, 'BOA VISTA', '1987-06-22', '33', '3610252607', 278, 3, 1, 6, 2, '33186.78', 3, 'S', 'S', -1, '6,00E+18', 2, 2);
INSERT INTO public.candidato (sq_candidato, nr_candidato, nm_candidato, nm_urna_candidato, nm_social_candidato, nr_cpf_candidato, nm_email, dt_geracao, hh_geracao, cd_eleicao, sg_ue, cd_cargo, cd_situacao_candidatura, cd_detalhe_situacao_cand, tp_agremiacao, nr_partido, sq_coligacao, cd_nacionalidade, sg_uf_nascimento, cd_municipio_nascimento, nm_municipio_nascimento, dt_nascimento, nr_idade_data_posse, nr_titulo_eleitoral_candidato, cd_ocupacao, cd_cor_raca, cd_estado_civil, cd_grau_instrucao, cd_genero, vr_despesa_max_campanha, cd_sit_tot_turno, st_reeleicao, st_declarar_bens, nr_protocolo_candidatura, nr_processo, cd_situacao_candidato_pleito, cd_situacao_candidato_urna) VALUES(230000864665, 43043, 'KEILA LOPES DA SILVA', 'KEILA LOPES', '#NULO#', '81812060297', 'PVRORAIMA@GMAIL.COM', '2022-06-05', '02:12:11', 426, 3123, 13, 12, 2, 'PARTIDO ISOLADO', 43, 230000094886, 1, 'RR', -3, 'BOA VISTA', '1985-09-13', '35', '3332282640', 999, 3, 1, 6, 4, '24516.75', 4, 'N', 'S', -1, '6,00E+18', 2, 2);
INSERT INTO public.candidato (sq_candidato, nr_candidato, nm_candidato, nm_urna_candidato, nm_social_candidato, nr_cpf_candidato, nm_email, dt_geracao, hh_geracao, cd_eleicao, sg_ue, cd_cargo, cd_situacao_candidatura, cd_detalhe_situacao_cand, tp_agremiacao, nr_partido, sq_coligacao, cd_nacionalidade, sg_uf_nascimento, cd_municipio_nascimento, nm_municipio_nascimento, dt_nascimento, nr_idade_data_posse, nr_titulo_eleitoral_candidato, cd_ocupacao, cd_cor_raca, cd_estado_civil, cd_grau_instrucao, cd_genero, vr_despesa_max_campanha, cd_sit_tot_turno, st_reeleicao, st_declarar_bens, nr_protocolo_candidatura, nr_processo, cd_situacao_candidato_pleito, cd_situacao_candidato_urna) VALUES(230000654023, 22022, 'FRANCISCO EVANDRO GOMES DA SILVA', 'PROFESSOR FRANCISCO', '#NULO#', '70035385200', 'PLIBERALBONFIM@GMAIL.COM', '2022-06-05', '02:12:11', 426, 3077, 13, 12, 2, 'PARTIDO ISOLADO', 22, 230000058277, 1, 'AP', -3, 'CALÇOENE', '1980-10-02', '40', '1304722500', 297, 3, 3, 7, 2, '12307.75', 5, 'N', 'S', -1, '6,00E+18', 2, 2);
INSERT INTO public.candidato (sq_candidato, nr_candidato, nm_candidato, nm_urna_candidato, nm_social_candidato, nr_cpf_candidato, nm_email, dt_geracao, hh_geracao, cd_eleicao, sg_ue, cd_cargo, cd_situacao_candidatura, cd_detalhe_situacao_cand, tp_agremiacao, nr_partido, sq_coligacao, cd_nacionalidade, sg_uf_nascimento, cd_municipio_nascimento, nm_municipio_nascimento, dt_nascimento, nr_idade_data_posse, nr_titulo_eleitoral_candidato, cd_ocupacao, cd_cor_raca, cd_estado_civil, cd_grau_instrucao, cd_genero, vr_despesa_max_campanha, cd_sit_tot_turno, st_reeleicao, st_declarar_bens, nr_protocolo_candidatura, nr_processo, cd_situacao_candidato_pleito, cd_situacao_candidato_urna) VALUES(230000684013, 10432, 'ANTONIO FRANCISCO DA SILVA', 'IRMÃO COTHO', '#NULO#', '82557845353', 'ANTONIOFRANCISCO973@GMAIL.COM', '2022-06-05', '02:12:11', 426, 3034, 13, 12, 2, 'PARTIDO ISOLADO', 10, 230000062531, 1, 'MA', -3, 'OLHO D ÁGUA DAS CUNHÃS', '1976-12-18', '44', '29535551171', 128, 3, 3, 6, 2, '32516.41', 5, 'N', 'S', -1, '6,00E+18', 2, 2);
INSERT INTO public.candidato (sq_candidato, nr_candidato, nm_candidato, nm_urna_candidato, nm_social_candidato, nr_cpf_candidato, nm_email, dt_geracao, hh_geracao, cd_eleicao, sg_ue, cd_cargo, cd_situacao_candidatura, cd_detalhe_situacao_cand, tp_agremiacao, nr_partido, sq_coligacao, cd_nacionalidade, sg_uf_nascimento, cd_municipio_nascimento, nm_municipio_nascimento, dt_nascimento, nr_idade_data_posse, nr_titulo_eleitoral_candidato, cd_ocupacao, cd_cor_raca, cd_estado_civil, cd_grau_instrucao, cd_genero, vr_despesa_max_campanha, cd_sit_tot_turno, st_reeleicao, st_declarar_bens, nr_protocolo_candidatura, nr_processo, cd_situacao_candidato_pleito, cd_situacao_candidato_urna) VALUES(230000821496, 70888, 'JOSE WILKER VIANA DE ARAUJO', 'NENÊM DA VAN', '#NULO#', '84347112220', 'AVANTE70CCI@GMAIL.COM', '2022-06-05', '02:12:11', 426, 3034, 13, 12, 2, 'PARTIDO ISOLADO', 70, 230000085939, 1, 'RR', -3, 'CARACARAÍ', '1985-08-22', '35', '3434722690', 999, 1, 3, 6, 2, '32516.41', 5, 'N', 'N', -1, '6,00E+18', 2, 2);
INSERT INTO public.candidato (sq_candidato, nr_candidato, nm_candidato, nm_urna_candidato, nm_social_candidato, nr_cpf_candidato, nm_email, dt_geracao, hh_geracao, cd_eleicao, sg_ue, cd_cargo, cd_situacao_candidatura, cd_detalhe_situacao_cand, tp_agremiacao, nr_partido, sq_coligacao, cd_nacionalidade, sg_uf_nascimento, cd_municipio_nascimento, nm_municipio_nascimento, dt_nascimento, nr_idade_data_posse, nr_titulo_eleitoral_candidato, cd_ocupacao, cd_cor_raca, cd_estado_civil, cd_grau_instrucao, cd_genero, vr_despesa_max_campanha, cd_sit_tot_turno, st_reeleicao, st_declarar_bens, nr_protocolo_candidatura, nr_processo, cd_situacao_candidato_pleito, cd_situacao_candidato_urna) VALUES(230000969656, 20000, 'JORGE WERLLEY CUNHA DE MELO', 'CARECA', '#NULO#', '795620276', 'MACEDOROSSI121285@GMAIL.COM', '2022-06-05', '02:12:11', 426, 3115, 13, 12, 2, 'PARTIDO ISOLADO', 20, 230000112814, 1, 'RR', -3, 'BOA VISTA', '1991-04-14', '29', '3957412615', 257, 3, 1, 3, 2, '12307.75', 4, 'N', 'S', -1, '6,00E+18', 2, 2);
INSERT INTO public.candidato (sq_candidato, nr_candidato, nm_candidato, nm_urna_candidato, nm_social_candidato, nr_cpf_candidato, nm_email, dt_geracao, hh_geracao, cd_eleicao, sg_ue, cd_cargo, cd_situacao_candidatura, cd_detalhe_situacao_cand, tp_agremiacao, nr_partido, sq_coligacao, cd_nacionalidade, sg_uf_nascimento, cd_municipio_nascimento, nm_municipio_nascimento, dt_nascimento, nr_idade_data_posse, nr_titulo_eleitoral_candidato, cd_ocupacao, cd_cor_raca, cd_estado_civil, cd_grau_instrucao, cd_genero, vr_despesa_max_campanha, cd_sit_tot_turno, st_reeleicao, st_declarar_bens, nr_protocolo_candidatura, nr_processo, cd_situacao_candidato_pleito, cd_situacao_candidato_urna) VALUES(230001058279, 27999, 'MARCOS DAVID BELO DE ANDRADE', 'MARCOS DAVID', '#NULO#', '32232438449', 'CONTATO@ANDREIVERIBEIROADVOCACIA.COM.BR', '2022-06-05', '02:12:11', 426, 3018, 13, 12, 2, 'PARTIDO ISOLADO', 27, 230000127984, 1, 'PE', -3, 'RECIFE', '1965-03-23', '55', '1770452640', 257, 6, 3, 6, 2, '391772.1', 5, 'N', 'S', -1, '6,01E+18', 2, 2);
INSERT INTO public.candidato (sq_candidato, nr_candidato, nm_candidato, nm_urna_candidato, nm_social_candidato, nr_cpf_candidato, nm_email, dt_geracao, hh_geracao, cd_eleicao, sg_ue, cd_cargo, cd_situacao_candidatura, cd_detalhe_situacao_cand, tp_agremiacao, nr_partido, sq_coligacao, cd_nacionalidade, sg_uf_nascimento, cd_municipio_nascimento, nm_municipio_nascimento, dt_nascimento, nr_idade_data_posse, nr_titulo_eleitoral_candidato, cd_ocupacao, cd_cor_raca, cd_estado_civil, cd_grau_instrucao, cd_genero, vr_despesa_max_campanha, cd_sit_tot_turno, st_reeleicao, st_declarar_bens, nr_protocolo_candidatura, nr_processo, cd_situacao_candidato_pleito, cd_situacao_candidato_urna) VALUES(230000950218, 20555, 'ONESIMO SILVA DE ALMEIDA', 'ONESIMO', '#NULO#', '44665954291', 'PFSILVA1968@HOTMAIL.COM', '2022-06-05', '02:12:11', 426, 3077, 13, 12, 2, 'PARTIDO ISOLADO', 20, 230000110006, 1, 'RR', -3, 'BONFIM', '1974-11-28', '46', '1602452640', 601, 5, 1, 6, 2, '12307.75', 4, 'N', 'S', -1, '6,00E+18', 2, 2);
INSERT INTO public.candidato (sq_candidato, nr_candidato, nm_candidato, nm_urna_candidato, nm_social_candidato, nr_cpf_candidato, nm_email, dt_geracao, hh_geracao, cd_eleicao, sg_ue, cd_cargo, cd_situacao_candidatura, cd_detalhe_situacao_cand, tp_agremiacao, nr_partido, sq_coligacao, cd_nacionalidade, sg_uf_nascimento, cd_municipio_nascimento, nm_municipio_nascimento, dt_nascimento, nr_idade_data_posse, nr_titulo_eleitoral_candidato, cd_ocupacao, cd_cor_raca, cd_estado_civil, cd_grau_instrucao, cd_genero, vr_despesa_max_campanha, cd_sit_tot_turno, st_reeleicao, st_declarar_bens, nr_protocolo_candidatura, nr_processo, cd_situacao_candidato_pleito, cd_situacao_candidato_urna) VALUES(230001054015, 13666, 'MARCELO MARINHO BERNARDINO', 'MARCELA MATARAZZO', 'MARCELA MARINHO MATARAZZO', '765865297', 'MARCELO_MARINHO_TOP@HOTMAIL.COM', '2022-06-05', '02:12:11', 426, 3018, 13, 12, 2, 'PARTIDO ISOLADO', 13, 230000127416, 1, 'PA', -3, 'SANTARÉM', '1981-03-08', '39', '3757982666', 512, 4, 1, 7, 4, '391772.1', 4, 'N', 'S', -1, '6,00E+18', 2, 2);
INSERT INTO public.candidato (sq_candidato, nr_candidato, nm_candidato, nm_urna_candidato, nm_social_candidato, nr_cpf_candidato, nm_email, dt_geracao, hh_geracao, cd_eleicao, sg_ue, cd_cargo, cd_situacao_candidatura, cd_detalhe_situacao_cand, tp_agremiacao, nr_partido, sq_coligacao, cd_nacionalidade, sg_uf_nascimento, cd_municipio_nascimento, nm_municipio_nascimento, dt_nascimento, nr_idade_data_posse, nr_titulo_eleitoral_candidato, cd_ocupacao, cd_cor_raca, cd_estado_civil, cd_grau_instrucao, cd_genero, vr_despesa_max_campanha, cd_sit_tot_turno, st_reeleicao, st_declarar_bens, nr_protocolo_candidatura, nr_processo, cd_situacao_candidato_pleito, cd_situacao_candidato_urna) VALUES(230001251773, 90123, 'NALMIR BRITO DE QUEIROZ', 'NALMIR QUEIROZ', '#NULO#', '44648693272', 'PROSRORAIMA123@GMAIL.COM', '2022-06-05', '02:12:11', 426, 3018, 13, 12, 2, 'PARTIDO ISOLADO', 90, 230000155374, 1, 'RR', -3, 'BOA VISTA', '1963-10-10', '57', '232962631', 999, 3, 3, 3, 2, '391772.1', 4, 'N', 'S', -1, '6,01E+18', 2, 2);
INSERT INTO public.candidato (sq_candidato, nr_candidato, nm_candidato, nm_urna_candidato, nm_social_candidato, nr_cpf_candidato, nm_email, dt_geracao, hh_geracao, cd_eleicao, sg_ue, cd_cargo, cd_situacao_candidatura, cd_detalhe_situacao_cand, tp_agremiacao, nr_partido, sq_coligacao, cd_nacionalidade, sg_uf_nascimento, cd_municipio_nascimento, nm_municipio_nascimento, dt_nascimento, nr_idade_data_posse, nr_titulo_eleitoral_candidato, cd_ocupacao, cd_cor_raca, cd_estado_civil, cd_grau_instrucao, cd_genero, vr_despesa_max_campanha, cd_sit_tot_turno, st_reeleicao, st_declarar_bens, nr_protocolo_candidatura, nr_processo, cd_situacao_candidato_pleito, cd_situacao_candidato_urna) VALUES(230001057264, 23987, 'MARIA DAS GRAÇAS DA SILVA VIANA', 'MARIA DAS GRAÇAS VIANA', '#NULO#', '7478828272', 'WANUTH@GMAIL.COM', '2022-06-05', '02:12:11', 426, 3018, 13, 12, 2, 'PARTIDO ISOLADO', 23, 230000127849, 1, 'AM', -3, 'MANAUS', '1949-08-17', '71', '233762658', 999, 3, 1, 4, 4, '391772.1', 4, 'N', 'S', -1, '6,01E+18', 2, 2);
INSERT INTO public.candidato (sq_candidato, nr_candidato, nm_candidato, nm_urna_candidato, nm_social_candidato, nr_cpf_candidato, nm_email, dt_geracao, hh_geracao, cd_eleicao, sg_ue, cd_cargo, cd_situacao_candidatura, cd_detalhe_situacao_cand, tp_agremiacao, nr_partido, sq_coligacao, cd_nacionalidade, sg_uf_nascimento, cd_municipio_nascimento, nm_municipio_nascimento, dt_nascimento, nr_idade_data_posse, nr_titulo_eleitoral_candidato, cd_ocupacao, cd_cor_raca, cd_estado_civil, cd_grau_instrucao, cd_genero, vr_despesa_max_campanha, cd_sit_tot_turno, st_reeleicao, st_declarar_bens, nr_protocolo_candidatura, nr_processo, cd_situacao_candidato_pleito, cd_situacao_candidato_urna) VALUES(230000675035, 11222, 'JÚNIOR ALVES LIMA', 'JÚNIOR DO PÃO', '#NULO#', '73744204200', 'JUNIORLLIMAA36@GMAIL.COM', '2022-06-05', '02:12:11', 426, 3034, 13, 12, 2, 'PARTIDO ISOLADO', 11, 230000060706, 1, 'PA', -3, 'ITAITUBA', '1984-02-06', '36', '3094132682', 257, 3, 3, 6, 2, '32516.41', 5, 'N', 'S', -1, '6,00E+18', 2, 2);
INSERT INTO public.candidato (sq_candidato, nr_candidato, nm_candidato, nm_urna_candidato, nm_social_candidato, nr_cpf_candidato, nm_email, dt_geracao, hh_geracao, cd_eleicao, sg_ue, cd_cargo, cd_situacao_candidatura, cd_detalhe_situacao_cand, tp_agremiacao, nr_partido, sq_coligacao, cd_nacionalidade, sg_uf_nascimento, cd_municipio_nascimento, nm_municipio_nascimento, dt_nascimento, nr_idade_data_posse, nr_titulo_eleitoral_candidato, cd_ocupacao, cd_cor_raca, cd_estado_civil, cd_grau_instrucao, cd_genero, vr_despesa_max_campanha, cd_sit_tot_turno, st_reeleicao, st_declarar_bens, nr_protocolo_candidatura, nr_processo, cd_situacao_candidato_pleito, cd_situacao_candidato_urna) VALUES(230000975580, 10222, 'MICHELI TOMAZ DOS SANTOS', 'MICHELI TOMAZ', '#NULO#', '81341890244', 'REPUBLICANOS.ASSESSORIARR@GMAIL.COM', '2022-06-05', '02:12:11', 426, 3107, 13, 12, 2, 'PARTIDO ISOLADO', 10, 230000113742, 1, 'RR', -3, 'BOA VISTA', '1984-03-26', '36', '3071502623', 999, 3, 1, 6, 4, '12307.75', 5, 'N', 'S', -1, '6,00E+18', 2, 2);
INSERT INTO public.candidato (sq_candidato, nr_candidato, nm_candidato, nm_urna_candidato, nm_social_candidato, nr_cpf_candidato, nm_email, dt_geracao, hh_geracao, cd_eleicao, sg_ue, cd_cargo, cd_situacao_candidatura, cd_detalhe_situacao_cand, tp_agremiacao, nr_partido, sq_coligacao, cd_nacionalidade, sg_uf_nascimento, cd_municipio_nascimento, nm_municipio_nascimento, dt_nascimento, nr_idade_data_posse, nr_titulo_eleitoral_candidato, cd_ocupacao, cd_cor_raca, cd_estado_civil, cd_grau_instrucao, cd_genero, vr_despesa_max_campanha, cd_sit_tot_turno, st_reeleicao, st_declarar_bens, nr_protocolo_candidatura, nr_processo, cd_situacao_candidato_pleito, cd_situacao_candidato_urna) VALUES(230000749909, 90777, 'MARIA DAS GRAÇAS MARTINS MOTA', 'MISSIONÁRIA GRAÇA', '#NULO#', '59591188234', 'MISSIONARIAGRACA66@GMAIL.COM', '2022-06-05', '02:12:11', 426, 3034, 13, 12, 2, 'PARTIDO ISOLADO', 90, 230000071023, 1, 'MA', -3, 'IMPERATRIZ', '1975-11-08', '45', '2140492674', 999, 3, 3, 6, 4, '32516.41', 4, 'N', 'S', -1, '6,00E+18', 2, 2);
INSERT INTO public.candidato (sq_candidato, nr_candidato, nm_candidato, nm_urna_candidato, nm_social_candidato, nr_cpf_candidato, nm_email, dt_geracao, hh_geracao, cd_eleicao, sg_ue, cd_cargo, cd_situacao_candidatura, cd_detalhe_situacao_cand, tp_agremiacao, nr_partido, sq_coligacao, cd_nacionalidade, sg_uf_nascimento, cd_municipio_nascimento, nm_municipio_nascimento, dt_nascimento, nr_idade_data_posse, nr_titulo_eleitoral_candidato, cd_ocupacao, cd_cor_raca, cd_estado_civil, cd_grau_instrucao, cd_genero, vr_despesa_max_campanha, cd_sit_tot_turno, st_reeleicao, st_declarar_bens, nr_protocolo_candidatura, nr_processo, cd_situacao_candidato_pleito, cd_situacao_candidato_urna) VALUES(230000735981, 90222, 'KAROLINE CARDOSO DE JESUS', 'KAROLINE CARDOSO', '#NULO#', '1088790119', 'JALALUIZ@HOTMAIL.COM', '2022-06-05', '02:12:11', 426, 3026, 13, 12, 2, 'PARTIDO ISOLADO', 90, 230000069118, 1, 'GO', -3, 'GOIÁS', '1981-01-23', '39', '18586702089', 999, 3, 1, 2, 4, '18806.81', 4, 'N', 'S', -1, '6,00E+18', 2, 2);
INSERT INTO public.candidato (sq_candidato, nr_candidato, nm_candidato, nm_urna_candidato, nm_social_candidato, nr_cpf_candidato, nm_email, dt_geracao, hh_geracao, cd_eleicao, sg_ue, cd_cargo, cd_situacao_candidatura, cd_detalhe_situacao_cand, tp_agremiacao, nr_partido, sq_coligacao, cd_nacionalidade, sg_uf_nascimento, cd_municipio_nascimento, nm_municipio_nascimento, dt_nascimento, nr_idade_data_posse, nr_titulo_eleitoral_candidato, cd_ocupacao, cd_cor_raca, cd_estado_civil, cd_grau_instrucao, cd_genero, vr_despesa_max_campanha, cd_sit_tot_turno, st_reeleicao, st_declarar_bens, nr_protocolo_candidatura, nr_processo, cd_situacao_candidato_pleito, cd_situacao_candidato_urna) VALUES(230000802722, 77000, 'JOSÉ NILSON FERREIRA DOS SANTOS', 'PROFESSOR JOSÉ NILSON', '#NULO#', '81327650444', 'JNLSANTOS3@GMAIL.COM', '2022-06-05', '02:12:11', 426, 3034, 13, 12, 2, 'PARTIDO ISOLADO', 77, 230000079198, 1, 'RN', -3, 'PILÕES', '1971-01-04', '49', '13697261694', 298, 3, 1, 8, 2, '32516.41', 5, 'N', 'N', -1, '6,00E+18', 2, 2);
INSERT INTO public.cassacao (id_cassacao, dt_geracao, hh_geracao, cd_eleicao, sg_ue, sq_candidato, ds_motivo_cassacao) VALUES(1, '2022-06-05', '02:18:03', 426, 3093, NULL, 'Ausência de requisito de registro ');
INSERT INTO public.cassacao (id_cassacao, dt_geracao, hh_geracao, cd_eleicao, sg_ue, sq_candidato, ds_motivo_cassacao) VALUES(2, '2022-06-05', '02:18:03', 426, 3085, NULL, NULL);
INSERT INTO public.cassacao (id_cassacao, dt_geracao, hh_geracao, cd_eleicao, sg_ue, sq_candidato, ds_motivo_cassacao) VALUES(3, '2022-06-05', '02:18:03', 426, 3093, NULL, NULL);
INSERT INTO public.cassacao (id_cassacao, dt_geracao, hh_geracao, cd_eleicao, sg_ue, sq_candidato, ds_motivo_cassacao) VALUES(4, '2022-06-05', '02:18:03', 426, 3115, NULL, NULL);
INSERT INTO public.cassacao (id_cassacao, dt_geracao, hh_geracao, cd_eleicao, sg_ue, sq_candidato, ds_motivo_cassacao) VALUES(5, '2022-06-05', '02:18:03', 426, 3123, NULL, NULL);
INSERT INTO public.cassacao (id_cassacao, dt_geracao, hh_geracao, cd_eleicao, sg_ue, sq_candidato, ds_motivo_cassacao) VALUES(6, '2022-06-05', '02:18:03', 426, 3034, NULL, NULL);
INSERT INTO public.cassacao (id_cassacao, dt_geracao, hh_geracao, cd_eleicao, sg_ue, sq_candidato, ds_motivo_cassacao) VALUES(7, '2022-06-05', '02:18:03', 426, 3115, NULL, NULL);
INSERT INTO public.cassacao (id_cassacao, dt_geracao, hh_geracao, cd_eleicao, sg_ue, sq_candidato, ds_motivo_cassacao) VALUES(8, '2022-06-05', '02:18:03', 426, 3069, NULL, NULL);
INSERT INTO public.cassacao (id_cassacao, dt_geracao, hh_geracao, cd_eleicao, sg_ue, sq_candidato, ds_motivo_cassacao) VALUES(9, '2022-06-05', '02:18:03', 426, 3018, NULL, NULL);
INSERT INTO public.cassacao (id_cassacao, dt_geracao, hh_geracao, cd_eleicao, sg_ue, sq_candidato, ds_motivo_cassacao) VALUES(10, '2022-06-05', '02:18:03', 426, 3085, NULL, NULL);
INSERT INTO public.cassacao (id_cassacao, dt_geracao, hh_geracao, cd_eleicao, sg_ue, sq_candidato, ds_motivo_cassacao) VALUES(11, '2022-06-05', '02:18:03', 426, 3115, NULL, NULL);
INSERT INTO public.cassacao (id_cassacao, dt_geracao, hh_geracao, cd_eleicao, sg_ue, sq_candidato, ds_motivo_cassacao) VALUES(12, '2022-06-05', '02:18:03', 426, 3018, NULL, NULL);
INSERT INTO public.cassacao (id_cassacao, dt_geracao, hh_geracao, cd_eleicao, sg_ue, sq_candidato, ds_motivo_cassacao) VALUES(13, '2022-06-05', '02:18:03', 426, 3042, NULL, NULL);
INSERT INTO public.cassacao (id_cassacao, dt_geracao, hh_geracao, cd_eleicao, sg_ue, sq_candidato, ds_motivo_cassacao) VALUES(14, '2022-06-05', '02:18:03', 426, 3107, NULL, NULL);
INSERT INTO public.cassacao (id_cassacao, dt_geracao, hh_geracao, cd_eleicao, sg_ue, sq_candidato, ds_motivo_cassacao) VALUES(15, '2022-06-05', '02:18:03', 426, 3115, NULL, NULL);
INSERT INTO public.cassacao (id_cassacao, dt_geracao, hh_geracao, cd_eleicao, sg_ue, sq_candidato, ds_motivo_cassacao) VALUES(16, '2022-06-05', '02:18:03', 426, 3115, NULL, NULL);
INSERT INTO public.cassacao (id_cassacao, dt_geracao, hh_geracao, cd_eleicao, sg_ue, sq_candidato, ds_motivo_cassacao) VALUES(17, '2022-06-05', '02:18:03', 426, 3069, NULL, NULL);
INSERT INTO public.cassacao (id_cassacao, dt_geracao, hh_geracao, cd_eleicao, sg_ue, sq_candidato, ds_motivo_cassacao) VALUES(18, '2022-06-05', '02:18:03', 426, 3018, NULL, NULL);
INSERT INTO public.cassacao (id_cassacao, dt_geracao, hh_geracao, cd_eleicao, sg_ue, sq_candidato, ds_motivo_cassacao) VALUES(19, '2022-06-05', '02:18:03', 426, 3085, NULL, NULL);
INSERT INTO public.cassacao (id_cassacao, dt_geracao, hh_geracao, cd_eleicao, sg_ue, sq_candidato, ds_motivo_cassacao) VALUES(20, '2022-06-05', '02:18:03', 426, 3085, NULL, NULL);
INSERT INTO public.cassacao (id_cassacao, dt_geracao, hh_geracao, cd_eleicao, sg_ue, sq_candidato, ds_motivo_cassacao) VALUES(21, '2022-06-05', '02:18:03', 426, 3131, NULL, NULL);
INSERT INTO public.cassacao (id_cassacao, dt_geracao, hh_geracao, cd_eleicao, sg_ue, sq_candidato, ds_motivo_cassacao) VALUES(22, '2022-06-05', '02:18:03', 426, 3018, NULL, NULL);
INSERT INTO public.cassacao (id_cassacao, dt_geracao, hh_geracao, cd_eleicao, sg_ue, sq_candidato, ds_motivo_cassacao) VALUES(23, '2022-06-05', '02:18:03', 426, 3018, NULL, NULL);
INSERT INTO public.cassacao (id_cassacao, dt_geracao, hh_geracao, cd_eleicao, sg_ue, sq_candidato, ds_motivo_cassacao) VALUES(24, '2022-06-05', '02:18:03', 426, 3085, NULL, NULL);
INSERT INTO public.cassacao (id_cassacao, dt_geracao, hh_geracao, cd_eleicao, sg_ue, sq_candidato, ds_motivo_cassacao) VALUES(25, '2022-06-05', '02:18:03', 426, 3018, NULL, NULL);
INSERT INTO public.cassacao (id_cassacao, dt_geracao, hh_geracao, cd_eleicao, sg_ue, sq_candidato, ds_motivo_cassacao) VALUES(26, '2022-06-05', '02:18:03', 426, 3000, NULL, NULL);
INSERT INTO public.cassacao (id_cassacao, dt_geracao, hh_geracao, cd_eleicao, sg_ue, sq_candidato, ds_motivo_cassacao) VALUES(27, '2022-06-05', '02:18:03', 426, 3050, NULL, NULL);
INSERT INTO public.cassacao (id_cassacao, dt_geracao, hh_geracao, cd_eleicao, sg_ue, sq_candidato, ds_motivo_cassacao) VALUES(28, '2022-06-05', '02:18:03', 426, 3018, NULL, NULL);
INSERT INTO public.cassacao (id_cassacao, dt_geracao, hh_geracao, cd_eleicao, sg_ue, sq_candidato, ds_motivo_cassacao) VALUES(29, '2022-06-05', '02:18:03', 426, 3158, NULL, NULL);
INSERT INTO public.cassacao (id_cassacao, dt_geracao, hh_geracao, cd_eleicao, sg_ue, sq_candidato, ds_motivo_cassacao) VALUES(30, '2022-06-05', '02:18:03', 426, 3069, NULL, NULL);
INSERT INTO public.cassacao (id_cassacao, dt_geracao, hh_geracao, cd_eleicao, sg_ue, sq_candidato, ds_motivo_cassacao) VALUES(31, '2022-06-05', '02:18:03', 426, 3093, NULL, NULL);
INSERT INTO public.cassacao (id_cassacao, dt_geracao, hh_geracao, cd_eleicao, sg_ue, sq_candidato, ds_motivo_cassacao) VALUES(32, '2022-06-05', '02:18:03', 426, 3018, NULL, NULL);
INSERT INTO public.cassacao (id_cassacao, dt_geracao, hh_geracao, cd_eleicao, sg_ue, sq_candidato, ds_motivo_cassacao) VALUES(33, '2022-06-05', '02:18:03', 426, 3085, NULL, NULL);
INSERT INTO public.cassacao (id_cassacao, dt_geracao, hh_geracao, cd_eleicao, sg_ue, sq_candidato, ds_motivo_cassacao) VALUES(34, '2022-06-05', '02:18:03', 426, 3018, NULL, NULL);
INSERT INTO public.cassacao (id_cassacao, dt_geracao, hh_geracao, cd_eleicao, sg_ue, sq_candidato, ds_motivo_cassacao) VALUES(35, '2022-06-05', '02:18:03', 426, 3000, NULL, NULL);
INSERT INTO public.cassacao (id_cassacao, dt_geracao, hh_geracao, cd_eleicao, sg_ue, sq_candidato, ds_motivo_cassacao) VALUES(36, '2022-06-05', '02:18:03', 426, 3018, NULL, NULL);
INSERT INTO public.cassacao (id_cassacao, dt_geracao, hh_geracao, cd_eleicao, sg_ue, sq_candidato, ds_motivo_cassacao) VALUES(37, '2022-06-05', '02:18:03', 426, 3018, NULL, NULL);
INSERT INTO public.cassacao (id_cassacao, dt_geracao, hh_geracao, cd_eleicao, sg_ue, sq_candidato, ds_motivo_cassacao) VALUES(38, '2022-06-05', '02:18:03', 426, 3034, NULL, NULL);
INSERT INTO public.cassacao (id_cassacao, dt_geracao, hh_geracao, cd_eleicao, sg_ue, sq_candidato, ds_motivo_cassacao) VALUES(39, '2022-06-05', '02:18:03', 426, 3085, NULL, NULL);
INSERT INTO public.cassacao (id_cassacao, dt_geracao, hh_geracao, cd_eleicao, sg_ue, sq_candidato, ds_motivo_cassacao) VALUES(40, '2022-06-05', '02:18:03', 426, 3018, NULL, NULL);
INSERT INTO public.cassacao (id_cassacao, dt_geracao, hh_geracao, cd_eleicao, sg_ue, sq_candidato, ds_motivo_cassacao) VALUES(41, '2022-06-05', '02:18:03', 426, 3034, NULL, NULL);
INSERT INTO public.cassacao (id_cassacao, dt_geracao, hh_geracao, cd_eleicao, sg_ue, sq_candidato, ds_motivo_cassacao) VALUES(42, '2022-06-05', '02:18:03', 426, 3131, NULL, NULL);
INSERT INTO public.cassacao (id_cassacao, dt_geracao, hh_geracao, cd_eleicao, sg_ue, sq_candidato, ds_motivo_cassacao) VALUES(43, '2022-06-05', '02:18:03', 426, 3085, NULL, NULL);
INSERT INTO public.cassacao (id_cassacao, dt_geracao, hh_geracao, cd_eleicao, sg_ue, sq_candidato, ds_motivo_cassacao) VALUES(44, '2022-06-05', '02:18:03', 426, 3077, NULL, NULL);
INSERT INTO public.cassacao (id_cassacao, dt_geracao, hh_geracao, cd_eleicao, sg_ue, sq_candidato, ds_motivo_cassacao) VALUES(45, '2022-06-05', '02:18:03', 426, 3069, NULL, NULL);
INSERT INTO public.cassacao (id_cassacao, dt_geracao, hh_geracao, cd_eleicao, sg_ue, sq_candidato, ds_motivo_cassacao) VALUES(46, '2022-06-05', '02:18:03', 426, 3085, NULL, NULL);
INSERT INTO public.cassacao (id_cassacao, dt_geracao, hh_geracao, cd_eleicao, sg_ue, sq_candidato, ds_motivo_cassacao) VALUES(47, '2022-06-05', '02:18:03', 426, 3077, NULL, NULL);
INSERT INTO public.cassacao (id_cassacao, dt_geracao, hh_geracao, cd_eleicao, sg_ue, sq_candidato, ds_motivo_cassacao) VALUES(48, '2022-06-05', '02:18:03', 426, 3018, NULL, NULL);
INSERT INTO public.cassacao (id_cassacao, dt_geracao, hh_geracao, cd_eleicao, sg_ue, sq_candidato, ds_motivo_cassacao) VALUES(49, '2022-06-05', '02:18:03', 426, 3018, NULL, NULL);
INSERT INTO public.cassacao (id_cassacao, dt_geracao, hh_geracao, cd_eleicao, sg_ue, sq_candidato, ds_motivo_cassacao) VALUES(50, '2022-06-05', '02:18:03', 426, 3085, NULL, NULL);
INSERT INTO public.cassacao (id_cassacao, dt_geracao, hh_geracao, cd_eleicao, sg_ue, sq_candidato, ds_motivo_cassacao) VALUES(51, '2022-06-05', '02:18:03', 426, 3077, NULL, NULL);
INSERT INTO public.cassacao (id_cassacao, dt_geracao, hh_geracao, cd_eleicao, sg_ue, sq_candidato, ds_motivo_cassacao) VALUES(52, '2022-06-05', '02:18:03', 426, 3018, NULL, NULL);
INSERT INTO public.cassacao (id_cassacao, dt_geracao, hh_geracao, cd_eleicao, sg_ue, sq_candidato, ds_motivo_cassacao) VALUES(53, '2022-06-05', '02:18:03', 426, 3018, NULL, NULL);
INSERT INTO public.cassacao (id_cassacao, dt_geracao, hh_geracao, cd_eleicao, sg_ue, sq_candidato, ds_motivo_cassacao) VALUES(54, '2022-06-05', '02:18:03', 426, 3069, NULL, NULL);
INSERT INTO public.cassacao (id_cassacao, dt_geracao, hh_geracao, cd_eleicao, sg_ue, sq_candidato, ds_motivo_cassacao) VALUES(55, '2022-06-05', '02:18:03', 426, 3000, NULL, NULL);
INSERT INTO public.cassacao (id_cassacao, dt_geracao, hh_geracao, cd_eleicao, sg_ue, sq_candidato, ds_motivo_cassacao) VALUES(56, '2022-06-05', '02:18:03', 426, 3018, NULL, NULL);
INSERT INTO public.cassacao (id_cassacao, dt_geracao, hh_geracao, cd_eleicao, sg_ue, sq_candidato, ds_motivo_cassacao) VALUES(57, '2022-06-05', '02:18:03', 426, 3085, NULL, NULL);
INSERT INTO public.cassacao (id_cassacao, dt_geracao, hh_geracao, cd_eleicao, sg_ue, sq_candidato, ds_motivo_cassacao) VALUES(58, '2022-06-05', '02:18:03', 426, 3115, NULL, NULL);
INSERT INTO public.cassacao (id_cassacao, dt_geracao, hh_geracao, cd_eleicao, sg_ue, sq_candidato, ds_motivo_cassacao) VALUES(59, '2022-06-05', '02:18:03', 426, 3050, NULL, NULL);
INSERT INTO public.cassacao (id_cassacao, dt_geracao, hh_geracao, cd_eleicao, sg_ue, sq_candidato, ds_motivo_cassacao) VALUES(60, '2022-06-05', '02:18:03', 426, 3085, NULL, NULL);
INSERT INTO public.cassacao (id_cassacao, dt_geracao, hh_geracao, cd_eleicao, sg_ue, sq_candidato, ds_motivo_cassacao) VALUES(61, '2022-06-05', '02:18:03', 426, 3085, NULL, NULL);
INSERT INTO public.cassacao (id_cassacao, dt_geracao, hh_geracao, cd_eleicao, sg_ue, sq_candidato, ds_motivo_cassacao) VALUES(62, '2022-06-05', '02:18:03', 426, 3115, NULL, NULL);
INSERT INTO public.cassacao (id_cassacao, dt_geracao, hh_geracao, cd_eleicao, sg_ue, sq_candidato, ds_motivo_cassacao) VALUES(63, '2022-06-05', '02:18:03', 426, 3034, NULL, NULL);
INSERT INTO public.cassacao (id_cassacao, dt_geracao, hh_geracao, cd_eleicao, sg_ue, sq_candidato, ds_motivo_cassacao) VALUES(64, '2022-06-05', '02:18:03', 426, 3085, NULL, NULL);
INSERT INTO public.cassacao (id_cassacao, dt_geracao, hh_geracao, cd_eleicao, sg_ue, sq_candidato, ds_motivo_cassacao) VALUES(65, '2022-06-05', '02:18:03', 426, 3085, NULL, NULL);
INSERT INTO public.cassacao (id_cassacao, dt_geracao, hh_geracao, cd_eleicao, sg_ue, sq_candidato, ds_motivo_cassacao) VALUES(66, '2022-06-05', '02:18:03', 426, 3085, NULL, NULL);
INSERT INTO public.cassacao (id_cassacao, dt_geracao, hh_geracao, cd_eleicao, sg_ue, sq_candidato, ds_motivo_cassacao) VALUES(67, '2022-06-05', '02:18:03', 426, 3093, NULL, NULL);
INSERT INTO public.cassacao (id_cassacao, dt_geracao, hh_geracao, cd_eleicao, sg_ue, sq_candidato, ds_motivo_cassacao) VALUES(68, '2022-06-05', '02:18:03', 426, 3115, NULL, NULL);
INSERT INTO public.cassacao (id_cassacao, dt_geracao, hh_geracao, cd_eleicao, sg_ue, sq_candidato, ds_motivo_cassacao) VALUES(69, '2022-06-05', '02:18:03', 426, 3123, NULL, NULL);
INSERT INTO public.cassacao (id_cassacao, dt_geracao, hh_geracao, cd_eleicao, sg_ue, sq_candidato, ds_motivo_cassacao) VALUES(70, '2022-06-05', '02:18:03', 426, 3034, NULL, NULL);
INSERT INTO public.cassacao (id_cassacao, dt_geracao, hh_geracao, cd_eleicao, sg_ue, sq_candidato, ds_motivo_cassacao) VALUES(71, '2022-06-05', '02:18:03', 426, 3115, NULL, NULL);
INSERT INTO public.cassacao (id_cassacao, dt_geracao, hh_geracao, cd_eleicao, sg_ue, sq_candidato, ds_motivo_cassacao) VALUES(72, '2022-06-05', '02:18:03', 426, 3069, NULL, NULL);
INSERT INTO public.cassacao (id_cassacao, dt_geracao, hh_geracao, cd_eleicao, sg_ue, sq_candidato, ds_motivo_cassacao) VALUES(73, '2022-06-05', '02:18:03', 426, 3018, NULL, NULL);
INSERT INTO public.cassacao (id_cassacao, dt_geracao, hh_geracao, cd_eleicao, sg_ue, sq_candidato, ds_motivo_cassacao) VALUES(74, '2022-06-05', '02:18:03', 426, 3085, NULL, NULL);
INSERT INTO public.cassacao (id_cassacao, dt_geracao, hh_geracao, cd_eleicao, sg_ue, sq_candidato, ds_motivo_cassacao) VALUES(75, '2022-06-05', '02:18:03', 426, 3115, NULL, NULL);
INSERT INTO public.cassacao (id_cassacao, dt_geracao, hh_geracao, cd_eleicao, sg_ue, sq_candidato, ds_motivo_cassacao) VALUES(76, '2022-06-05', '02:18:03', 426, 3018, NULL, NULL);
INSERT INTO public.cassacao (id_cassacao, dt_geracao, hh_geracao, cd_eleicao, sg_ue, sq_candidato, ds_motivo_cassacao) VALUES(77, '2022-06-05', '02:18:03', 426, 3042, NULL, NULL);
INSERT INTO public.cassacao (id_cassacao, dt_geracao, hh_geracao, cd_eleicao, sg_ue, sq_candidato, ds_motivo_cassacao) VALUES(78, '2022-06-05', '02:18:03', 426, 3107, NULL, NULL);
INSERT INTO public.cassacao (id_cassacao, dt_geracao, hh_geracao, cd_eleicao, sg_ue, sq_candidato, ds_motivo_cassacao) VALUES(79, '2022-06-05', '02:18:03', 426, 3115, NULL, NULL);
INSERT INTO public.cassacao (id_cassacao, dt_geracao, hh_geracao, cd_eleicao, sg_ue, sq_candidato, ds_motivo_cassacao) VALUES(80, '2022-06-05', '02:18:03', 426, 3115, NULL, NULL);
INSERT INTO public.cassacao (id_cassacao, dt_geracao, hh_geracao, cd_eleicao, sg_ue, sq_candidato, ds_motivo_cassacao) VALUES(81, '2022-06-05', '02:18:03', 426, 3069, NULL, NULL);
INSERT INTO public.cassacao (id_cassacao, dt_geracao, hh_geracao, cd_eleicao, sg_ue, sq_candidato, ds_motivo_cassacao) VALUES(82, '2022-06-05', '02:18:03', 426, 3018, NULL, NULL);
INSERT INTO public.cassacao (id_cassacao, dt_geracao, hh_geracao, cd_eleicao, sg_ue, sq_candidato, ds_motivo_cassacao) VALUES(83, '2022-06-05', '02:18:03', 426, 3085, NULL, NULL);
INSERT INTO public.cassacao (id_cassacao, dt_geracao, hh_geracao, cd_eleicao, sg_ue, sq_candidato, ds_motivo_cassacao) VALUES(84, '2022-06-05', '02:18:03', 426, 3085, NULL, NULL);
INSERT INTO public.cassacao (id_cassacao, dt_geracao, hh_geracao, cd_eleicao, sg_ue, sq_candidato, ds_motivo_cassacao) VALUES(85, '2022-06-05', '02:18:03', 426, 3131, NULL, NULL);
INSERT INTO public.cassacao (id_cassacao, dt_geracao, hh_geracao, cd_eleicao, sg_ue, sq_candidato, ds_motivo_cassacao) VALUES(86, '2022-06-05', '02:18:03', 426, 3018, NULL, NULL);
INSERT INTO public.cassacao (id_cassacao, dt_geracao, hh_geracao, cd_eleicao, sg_ue, sq_candidato, ds_motivo_cassacao) VALUES(87, '2022-06-05', '02:18:03', 426, 3018, NULL, NULL);
INSERT INTO public.cassacao (id_cassacao, dt_geracao, hh_geracao, cd_eleicao, sg_ue, sq_candidato, ds_motivo_cassacao) VALUES(88, '2022-06-05', '02:18:03', 426, 3085, NULL, NULL);
INSERT INTO public.cassacao (id_cassacao, dt_geracao, hh_geracao, cd_eleicao, sg_ue, sq_candidato, ds_motivo_cassacao) VALUES(89, '2022-06-05', '02:18:03', 426, 3018, NULL, NULL);
INSERT INTO public.cassacao (id_cassacao, dt_geracao, hh_geracao, cd_eleicao, sg_ue, sq_candidato, ds_motivo_cassacao) VALUES(90, '2022-06-05', '02:18:03', 426, 3000, NULL, NULL);
INSERT INTO public.cassacao (id_cassacao, dt_geracao, hh_geracao, cd_eleicao, sg_ue, sq_candidato, ds_motivo_cassacao) VALUES(91, '2022-06-05', '02:18:03', 426, 3050, NULL, NULL);
INSERT INTO public.cassacao (id_cassacao, dt_geracao, hh_geracao, cd_eleicao, sg_ue, sq_candidato, ds_motivo_cassacao) VALUES(92, '2022-06-05', '02:18:03', 426, 3018, NULL, NULL);
INSERT INTO public.cassacao (id_cassacao, dt_geracao, hh_geracao, cd_eleicao, sg_ue, sq_candidato, ds_motivo_cassacao) VALUES(93, '2022-06-05', '02:18:03', 426, 3158, NULL, NULL);
INSERT INTO public.cassacao (id_cassacao, dt_geracao, hh_geracao, cd_eleicao, sg_ue, sq_candidato, ds_motivo_cassacao) VALUES(94, '2022-06-05', '02:18:03', 426, 3069, NULL, NULL);
INSERT INTO public.cassacao (id_cassacao, dt_geracao, hh_geracao, cd_eleicao, sg_ue, sq_candidato, ds_motivo_cassacao) VALUES(95, '2022-06-05', '02:18:03', 426, 3093, NULL, NULL);
INSERT INTO public.cassacao (id_cassacao, dt_geracao, hh_geracao, cd_eleicao, sg_ue, sq_candidato, ds_motivo_cassacao) VALUES(96, '2022-06-05', '02:18:03', 426, 3018, NULL, NULL);
INSERT INTO public.cassacao (id_cassacao, dt_geracao, hh_geracao, cd_eleicao, sg_ue, sq_candidato, ds_motivo_cassacao) VALUES(97, '2022-06-05', '02:18:03', 426, 3085, NULL, NULL);
INSERT INTO public.cassacao (id_cassacao, dt_geracao, hh_geracao, cd_eleicao, sg_ue, sq_candidato, ds_motivo_cassacao) VALUES(98, '2022-06-05', '02:18:03', 426, 3018, NULL, NULL);
INSERT INTO public.cassacao (id_cassacao, dt_geracao, hh_geracao, cd_eleicao, sg_ue, sq_candidato, ds_motivo_cassacao) VALUES(99, '2022-06-05', '02:18:03', 426, 3000, NULL, NULL);
INSERT INTO public.cassacao (id_cassacao, dt_geracao, hh_geracao, cd_eleicao, sg_ue, sq_candidato, ds_motivo_cassacao) VALUES(100, '2022-06-05', '02:18:03', 426, 3018, NULL, NULL);
INSERT INTO public.cassacao (id_cassacao, dt_geracao, hh_geracao, cd_eleicao, sg_ue, sq_candidato, ds_motivo_cassacao) VALUES(101, '2022-06-05', '02:18:03', 426, 3018, NULL, NULL);
INSERT INTO public.cassacao (id_cassacao, dt_geracao, hh_geracao, cd_eleicao, sg_ue, sq_candidato, ds_motivo_cassacao) VALUES(102, '2022-06-05', '02:18:03', 426, 3034, NULL, NULL);
INSERT INTO public.cassacao (id_cassacao, dt_geracao, hh_geracao, cd_eleicao, sg_ue, sq_candidato, ds_motivo_cassacao) VALUES(103, '2022-06-05', '02:18:03', 426, 3085, NULL, NULL);
INSERT INTO public.cassacao (id_cassacao, dt_geracao, hh_geracao, cd_eleicao, sg_ue, sq_candidato, ds_motivo_cassacao) VALUES(104, '2022-06-05', '02:18:03', 426, 3018, NULL, NULL);
INSERT INTO public.cassacao (id_cassacao, dt_geracao, hh_geracao, cd_eleicao, sg_ue, sq_candidato, ds_motivo_cassacao) VALUES(105, '2022-06-05', '02:18:03', 426, 3034, NULL, NULL);
INSERT INTO public.cassacao (id_cassacao, dt_geracao, hh_geracao, cd_eleicao, sg_ue, sq_candidato, ds_motivo_cassacao) VALUES(106, '2022-06-05', '02:18:03', 426, 3131, NULL, NULL);
INSERT INTO public.cassacao (id_cassacao, dt_geracao, hh_geracao, cd_eleicao, sg_ue, sq_candidato, ds_motivo_cassacao) VALUES(107, '2022-06-05', '02:18:03', 426, 3085, NULL, NULL);
INSERT INTO public.cassacao (id_cassacao, dt_geracao, hh_geracao, cd_eleicao, sg_ue, sq_candidato, ds_motivo_cassacao) VALUES(108, '2022-06-05', '02:18:03', 426, 3077, NULL, NULL);
INSERT INTO public.cassacao (id_cassacao, dt_geracao, hh_geracao, cd_eleicao, sg_ue, sq_candidato, ds_motivo_cassacao) VALUES(109, '2022-06-05', '02:18:03', 426, 3069, NULL, NULL);
INSERT INTO public.cassacao (id_cassacao, dt_geracao, hh_geracao, cd_eleicao, sg_ue, sq_candidato, ds_motivo_cassacao) VALUES(110, '2022-06-05', '02:18:03', 426, 3085, NULL, NULL);
INSERT INTO public.cassacao (id_cassacao, dt_geracao, hh_geracao, cd_eleicao, sg_ue, sq_candidato, ds_motivo_cassacao) VALUES(111, '2022-06-05', '02:18:03', 426, 3077, NULL, NULL);
INSERT INTO public.cassacao (id_cassacao, dt_geracao, hh_geracao, cd_eleicao, sg_ue, sq_candidato, ds_motivo_cassacao) VALUES(112, '2022-06-05', '02:18:03', 426, 3018, NULL, NULL);
INSERT INTO public.cassacao (id_cassacao, dt_geracao, hh_geracao, cd_eleicao, sg_ue, sq_candidato, ds_motivo_cassacao) VALUES(113, '2022-06-05', '02:18:03', 426, 3018, NULL, NULL);
INSERT INTO public.cassacao (id_cassacao, dt_geracao, hh_geracao, cd_eleicao, sg_ue, sq_candidato, ds_motivo_cassacao) VALUES(114, '2022-06-05', '02:18:03', 426, 3085, NULL, NULL);
INSERT INTO public.cassacao (id_cassacao, dt_geracao, hh_geracao, cd_eleicao, sg_ue, sq_candidato, ds_motivo_cassacao) VALUES(115, '2022-06-05', '02:18:03', 426, 3077, NULL, NULL);
INSERT INTO public.cassacao (id_cassacao, dt_geracao, hh_geracao, cd_eleicao, sg_ue, sq_candidato, ds_motivo_cassacao) VALUES(116, '2022-06-05', '02:18:03', 426, 3018, NULL, NULL);
INSERT INTO public.cassacao (id_cassacao, dt_geracao, hh_geracao, cd_eleicao, sg_ue, sq_candidato, ds_motivo_cassacao) VALUES(117, '2022-06-05', '02:18:03', 426, 3018, NULL, NULL);
INSERT INTO public.cassacao (id_cassacao, dt_geracao, hh_geracao, cd_eleicao, sg_ue, sq_candidato, ds_motivo_cassacao) VALUES(118, '2022-06-05', '02:18:03', 426, 3069, NULL, NULL);
INSERT INTO public.cassacao (id_cassacao, dt_geracao, hh_geracao, cd_eleicao, sg_ue, sq_candidato, ds_motivo_cassacao) VALUES(119, '2022-06-05', '02:18:03', 426, 3000, NULL, NULL);
INSERT INTO public.cassacao (id_cassacao, dt_geracao, hh_geracao, cd_eleicao, sg_ue, sq_candidato, ds_motivo_cassacao) VALUES(120, '2022-06-05', '02:18:03', 426, 3018, NULL, NULL);
INSERT INTO public.cassacao (id_cassacao, dt_geracao, hh_geracao, cd_eleicao, sg_ue, sq_candidato, ds_motivo_cassacao) VALUES(121, '2022-06-05', '02:18:03', 426, 3085, NULL, NULL);
INSERT INTO public.cassacao (id_cassacao, dt_geracao, hh_geracao, cd_eleicao, sg_ue, sq_candidato, ds_motivo_cassacao) VALUES(122, '2022-06-05', '02:18:03', 426, 3115, NULL, NULL);
INSERT INTO public.cassacao (id_cassacao, dt_geracao, hh_geracao, cd_eleicao, sg_ue, sq_candidato, ds_motivo_cassacao) VALUES(123, '2022-06-05', '02:18:03', 426, 3050, NULL, NULL);
INSERT INTO public.cassacao (id_cassacao, dt_geracao, hh_geracao, cd_eleicao, sg_ue, sq_candidato, ds_motivo_cassacao) VALUES(124, '2022-06-05', '02:18:03', 426, 3085, NULL, NULL);
INSERT INTO public.cassacao (id_cassacao, dt_geracao, hh_geracao, cd_eleicao, sg_ue, sq_candidato, ds_motivo_cassacao) VALUES(125, '2022-06-05', '02:18:03', 426, 3085, NULL, NULL);
INSERT INTO public.cassacao (id_cassacao, dt_geracao, hh_geracao, cd_eleicao, sg_ue, sq_candidato, ds_motivo_cassacao) VALUES(126, '2022-06-05', '02:18:03', 426, 3115, NULL, NULL);
INSERT INTO public.cassacao (id_cassacao, dt_geracao, hh_geracao, cd_eleicao, sg_ue, sq_candidato, ds_motivo_cassacao) VALUES(127, '2022-06-05', '02:18:03', 426, 3034, NULL, NULL);
